scan_id;target_id;target_name;coletado_em;pagina_url;fluxo_essencial;viewport;regra_id;origem;veredito;gravidade_tecnica;risco_juridico;criterios_wcag;criterio_principal;principio;nivel;ocorrencias;grupos_afetados;dispositivos_normativos;resumo;tese_juridica
1d86e32d-da8e-4a82-bc19-6fbe2a79ce17;sms-rio;Secretaria Municipal de Saúde do Rio de Janeiro — seção informativa;2026-08-19T04:05:22.243115+00:00;https://prefeitura.rio/saude/;1;mobile-320;button-name;axe-core;fail;critical;critico;4.1.2;4.1.2;robusto;A;1;cegueira|fala|motora;lbi.art63.caput|lbi.art3.iv.d|lbi.art4|dec5296.art47|emag.3.1|lbi.art18|cf.art196|onu.art25|lbi.art74|onu.art9;Buttons must have discernible text;Controle sem nome, função ou valor expostos simplesmente não existe para a tecnologia assistiva: o serviço é, para o usuário cego, inexistente. É a forma mais severa de barreira na informação do art. 3º, IV, 'd'.
1d86e32d-da8e-4a82-bc19-6fbe2a79ce17;sms-rio;Secretaria Municipal de Saúde do Rio de Janeiro — seção informativa;2026-08-19T04:05:22.243115+00:00;https://prefeitura.rio/saude/;1;mobile-320;color-contrast;axe-core;fail;serious;alto;1.4.3;1.4.3;perceptivel;AA;10;baixa_visao|cognitiva_neurodivergencia|visao_de_cores;lbi.art63.caput|lbi.art3.iv.d|lbi.art4|dec5296.art47|emag.3.1|lbi.art18|cf.art196|onu.art25|cf.art5.xiv|lai.art8.par3.viii;Elements must meet minimum color contrast ratio thresholds;"O contraste insuficiente é a barreira de comunicação mais prevalente e atinge diretamente a população idosa usuária do SUS; sua persistência em portal público caracteriza descumprimento continuado do art. 63, caput, da LBI e do art. 47 do Decreto 5.296/2004."
1d86e32d-da8e-4a82-bc19-6fbe2a79ce17;sms-rio;Secretaria Municipal de Saúde do Rio de Janeiro — seção informativa;2026-08-19T04:05:22.243115+00:00;https://prefeitura.rio/saude/;1;mobile-320;image-alt;axe-core;fail;critical;alto;1.1.1;1.1.1;perceptivel;A;10;baixa_conectividade|baixa_visao|cegueira|cognitiva_neurodivergencia;lbi.art63.caput|lbi.art3.iv.d|lbi.art4|dec5296.art47|emag.3.1|lbi.art18|cf.art196|onu.art25|lbi.art74|cf.art5.xiv|lai.art8.par3.viii;Images must have alternative text;A ausência de alternativa textual configura barreira na comunicação e na informação (art. 3º, IV, 'd', LBI): o conteúdo existe juridicamente como informação pública, mas não é recebível pelo usuário cego, esvaziando o dever de transparência ativa do art. 8º, § 3º, VIII da LAI.
1d86e32d-da8e-4a82-bc19-6fbe2a79ce17;sms-rio;Secretaria Municipal de Saúde do Rio de Janeiro — seção informativa;2026-08-19T04:05:22.243115+00:00;https://prefeitura.rio/saude/;1;mobile-320;link-name;axe-core;fail;serious;critico;2.4.4|4.1.2;2.4.4;operavel;A;9;cegueira|cognitiva_neurodivergencia|fala|motora;lbi.art63.caput|lbi.art3.iv.d|lbi.art4|dec5296.art47|emag.3.1|lbi.art18|cf.art196|onu.art25|lbi.art74|onu.art9;Links must have discernible text;Controle sem nome, função ou valor expostos simplesmente não existe para a tecnologia assistiva: o serviço é, para o usuário cego, inexistente. É a forma mais severa de barreira na informação do art. 3º, IV, 'd'.
1d86e32d-da8e-4a82-bc19-6fbe2a79ce17;sms-rio;Secretaria Municipal de Saúde do Rio de Janeiro — seção informativa;2026-08-19T04:05:22.243115+00:00;https://prefeitura.rio/saude/;1;mobile-320;list;axe-core;fail;serious;alto;1.3.1;1.3.1;perceptivel;A;1;baixa_visao|cegueira|cognitiva_neurodivergencia;lbi.art63.caput|lbi.art3.iv.d|lbi.art4|dec5296.art47|emag.3.1|lbi.art18|cf.art196|onu.art25|lbi.art74;<ul> and <ol> must only directly contain <li>, <script> or <template> elements;"Sem estrutura semântica, a tecnologia assistiva não consegue reconstruir a relação entre rótulo e dado; o art. 74 da LBI assegura o acesso a tecnologias assistivas, o que pressupõe conteúdo com elas compatível."
1d86e32d-da8e-4a82-bc19-6fbe2a79ce17;sms-rio;Secretaria Municipal de Saúde do Rio de Janeiro — seção informativa;2026-08-19T04:05:22.243115+00:00;https://prefeitura.rio/saude/;1;mobile-320;listitem;axe-core;fail;serious;alto;1.3.1;1.3.1;perceptivel;A;3;baixa_visao|cegueira|cognitiva_neurodivergencia;lbi.art63.caput|lbi.art3.iv.d|lbi.art4|dec5296.art47|emag.3.1|lbi.art18|cf.art196|onu.art25|lbi.art74;<li> elements must be contained in a <ul> or <ol>;"Sem estrutura semântica, a tecnologia assistiva não consegue reconstruir a relação entre rótulo e dado; o art. 74 da LBI assegura o acesso a tecnologias assistivas, o que pressupõe conteúdo com elas compatível."
1d86e32d-da8e-4a82-bc19-6fbe2a79ce17;sms-rio;Secretaria Municipal de Saúde do Rio de Janeiro — seção informativa;2026-08-19T04:05:22.243115+00:00;https://prefeitura.rio/saude/;1;mobile-320;meta-viewport;axe-core;fail;moderate;alto;1.4.4;1.4.4;perceptivel;AA;1;baixa_visao|cognitiva_neurodivergencia;lbi.art63.caput|lbi.art3.iv.d|lbi.art4|dec5296.art47|emag.3.1|lbi.art18|cf.art196|onu.art25;Zooming and scaling must not be disabled;O bloqueio de ampliação nega adaptação razoável, conduta equiparada a discriminação pelo art. 4º, § 1º da LBI.
1d86e32d-da8e-4a82-bc19-6fbe2a79ce17;sms-rio;Secretaria Municipal de Saúde do Rio de Janeiro — seção informativa;2026-08-19T04:05:22.243115+00:00;https://prefeitura.rio/saude/;1;mobile-320;aria-valid-attr-value;axe-core;incomplete;;critico;4.1.2;4.1.2;robusto;A;1;cegueira|fala|motora;lbi.art63.caput|lbi.art3.iv.d|lbi.art4|dec5296.art47|emag.3.1|lbi.art18|cf.art196|onu.art25|lbi.art74|onu.art9;ARIA attributes must conform to valid values;Controle sem nome, função ou valor expostos simplesmente não existe para a tecnologia assistiva: o serviço é, para o usuário cego, inexistente. É a forma mais severa de barreira na informação do art. 3º, IV, 'd'.
1d86e32d-da8e-4a82-bc19-6fbe2a79ce17;sms-rio;Secretaria Municipal de Saúde do Rio de Janeiro — seção informativa;2026-08-19T04:05:22.243115+00:00;https://prefeitura.rio/saude/;1;mobile-320;color-contrast;axe-core;incomplete;;alto;1.4.3;1.4.3;perceptivel;AA;7;baixa_visao|cognitiva_neurodivergencia|visao_de_cores;lbi.art63.caput|lbi.art3.iv.d|lbi.art4|dec5296.art47|emag.3.1|lbi.art18|cf.art196|onu.art25|cf.art5.xiv|lai.art8.par3.viii;Elements must meet minimum color contrast ratio thresholds;"O contraste insuficiente é a barreira de comunicação mais prevalente e atinge diretamente a população idosa usuária do SUS; sua persistência em portal público caracteriza descumprimento continuado do art. 63, caput, da LBI e do art. 47 do Decreto 5.296/2004."
1d86e32d-da8e-4a82-bc19-6fbe2a79ce17;sms-rio;Secretaria Municipal de Saúde do Rio de Janeiro — seção informativa;2026-08-19T04:05:22.243115+00:00;https://prefeitura.rio/saude/;1;mobile-320;probe.landmarks.no-skip-link;probe;incomplete;;moderado;2.4.1;2.4.1;operavel;A;1;cegueira|cognitiva_neurodivergencia|motora;lbi.art63.caput|lbi.art3.iv.d|lbi.art4|dec5296.art47|emag.3.1|lbi.art18|cf.art196|onu.art25|lbi.art3.i;Nenhum link de salto para o conteúdo principal foi encontrado.;A ausência de mecanismo de salto obriga a percorrer repetidamente blocos idênticos, esforço desproporcional vedado pelo conceito de acessibilidade com autonomia do art. 3º, I da LBI.
1d86e32d-da8e-4a82-bc19-6fbe2a79ce17;sms-rio;Secretaria Municipal de Saúde do Rio de Janeiro — seção informativa;2026-08-19T04:05:22.243115+00:00;https://prefeitura.rio/saude/;1;mobile-320;probe.heading-structure.no-h1;probe;fail;moderate;alto;1.3.1;1.3.1;perceptivel;A;1;baixa_visao|cegueira|cognitiva_neurodivergencia;lbi.art63.caput|lbi.art3.iv.d|lbi.art4|dec5296.art47|emag.3.1|lbi.art18|cf.art196|onu.art25|lbi.art74;A página não declara um cabeçalho de primeiro nível (H1).;"Sem estrutura semântica, a tecnologia assistiva não consegue reconstruir a relação entre rótulo e dado; o art. 74 da LBI assegura o acesso a tecnologias assistivas, o que pressupõe conteúdo com elas compatível."
1d86e32d-da8e-4a82-bc19-6fbe2a79ce17;sms-rio;Secretaria Municipal de Saúde do Rio de Janeiro — seção informativa;2026-08-19T04:05:22.243115+00:00;https://prefeitura.rio/saude/;1;mobile-320;probe.heading-structure.level-skip;probe;incomplete;;alto;1.3.1;1.3.1;perceptivel;A;1;baixa_visao|cegueira|cognitiva_neurodivergencia;lbi.art63.caput|lbi.art3.iv.d|lbi.art4|dec5296.art47|emag.3.1|lbi.art18|cf.art196|onu.art25|lbi.art74;1 salto(s) de nível na hierarquia de cabeçalhos.;"Sem estrutura semântica, a tecnologia assistiva não consegue reconstruir a relação entre rótulo e dado; o art. 74 da LBI assegura o acesso a tecnologias assistivas, o que pressupõe conteúdo com elas compatível."
1d86e32d-da8e-4a82-bc19-6fbe2a79ce17;sms-rio;Secretaria Municipal de Saúde do Rio de Janeiro — seção informativa;2026-08-19T04:05:22.243115+00:00;https://prefeitura.rio/saude/;1;mobile-320;probe.positive-tabindex;probe;fail;moderate;alto;2.4.3;2.4.3;operavel;A;1;cegueira|cognitiva_neurodivergencia|motora;lbi.art63.caput|lbi.art3.iv.d|lbi.art4|dec5296.art47|emag.3.1|lbi.art18|cf.art196|onu.art25;1 elemento(s) usam tabindex positivo, alterando a ordem natural de tabulação.;Ordem de foco incoerente induz erro na submissão de dados de saúde, com risco de agendamento equivocado — dano ao acesso ao serviço.
1d86e32d-da8e-4a82-bc19-6fbe2a79ce17;sms-rio;Secretaria Municipal de Saúde do Rio de Janeiro — seção informativa;2026-08-19T04:05:22.243115+00:00;https://prefeitura.rio/saude/;1;mobile-320;probe.placeholder-como-rotulo;probe;fail;serious;alto;3.3.2;3.3.2;compreensivel;A;1;baixa_visao|cegueira|cognitiva_neurodivergencia;lbi.art63.caput|lbi.art3.iv.d|lbi.art4|dec5296.art47|emag.3.1|lbi.art18|cf.art196|onu.art25|lbi.art74|lbi.art3.i;1 campo(s) de formulário são identificados apenas pelo texto de placeholder.;Campo sem rótulo programático torna indeterminável o dado solicitado, inviabilizando o preenchimento autônomo (art. 3º, I, LBI).
1d86e32d-da8e-4a82-bc19-6fbe2a79ce17;sms-rio;Secretaria Municipal de Saúde do Rio de Janeiro — seção informativa;2026-08-19T04:05:22.243115+00:00;https://prefeitura.rio/saude/;1;mobile-320;probe.zoom-lock;probe;fail;serious;alto;1.4.4;1.4.4;perceptivel;AA;1;baixa_visao|cognitiva_neurodivergencia;lbi.art63.caput|lbi.art3.iv.d|lbi.art4|dec5296.art47|emag.3.1|lbi.art18|cf.art196|onu.art25;A página bloqueia a ampliação pelo usuário.;O bloqueio de ampliação nega adaptação razoável, conduta equiparada a discriminação pelo art. 4º, § 1º da LBI.
1d86e32d-da8e-4a82-bc19-6fbe2a79ce17;sms-rio;Secretaria Municipal de Saúde do Rio de Janeiro — seção informativa;2026-08-19T04:05:22.243115+00:00;https://prefeitura.rio/saude/;1;mobile-320;probe.captions.embedded-player;probe;incomplete;;alto;1.2.2;1.2.2;perceptivel;A;1;surdez;lbi.art63.caput|lbi.art3.iv.d|lbi.art4|dec5296.art47|emag.3.1|lbi.art18|cf.art196|onu.art25|dec5626.art26;1 player(s) de terceiros embutidos — região opaca à auditoria automática.;Vídeo de orientação em saúde sem legenda nega à pessoa surda o acesso à informação sanitária, violando o art. 26 do Decreto 5.626/2005 e o direito à atenção integral do art. 18 da LBI.
1d86e32d-da8e-4a82-bc19-6fbe2a79ce17;sms-rio;Secretaria Municipal de Saúde do Rio de Janeiro — seção informativa;2026-08-19T04:05:22.243115+00:00;https://prefeitura.rio/saude/;1;mobile-320;probe.data-cost;probe;fail;serious;alto;;;;;1;baixa_conectividade;cf.art196|lbi.art18|lei13460.art5|cf.art5.xiv;Um único acesso a esta página consome 2.06 MB, ou 0.020% da franquia mensal do plano de referência (0.6 centavo).;O custo de dados exigido para acessar o serviço digital de saúde transfere ao cidadão um ônus econômico como condição de exercício de direito fundamental. Quando esse ônus recai desproporcionalmente sobre a população de menor renda — a mesma que depende exclusivamente do SUS — o acesso deixa de ser universal e igualitário, em desacordo com o art. 196 da CF/88 e com o dever de informação adequada do art. 18, § 4º da Lei 13.146/2015. A parcela do tráfego destinada a terceiros agrava a situação: o usuário custeia recursos que não lhe prestam o serviço público solicitado.
1d86e32d-da8e-4a82-bc19-6fbe2a79ce17;sms-rio;Secretaria Municipal de Saúde do Rio de Janeiro — seção informativa;2026-08-19T04:05:22.243115+00:00;https://prefeitura.rio/saude/;1;desktop-1366;button-name;axe-core;fail;critical;critico;4.1.2;4.1.2;robusto;A;1;cegueira|fala|motora;lbi.art63.caput|lbi.art3.iv.d|lbi.art4|dec5296.art47|emag.3.1|lbi.art18|cf.art196|onu.art25|lbi.art74|onu.art9;Buttons must have discernible text;Controle sem nome, função ou valor expostos simplesmente não existe para a tecnologia assistiva: o serviço é, para o usuário cego, inexistente. É a forma mais severa de barreira na informação do art. 3º, IV, 'd'.
1d86e32d-da8e-4a82-bc19-6fbe2a79ce17;sms-rio;Secretaria Municipal de Saúde do Rio de Janeiro — seção informativa;2026-08-19T04:05:22.243115+00:00;https://prefeitura.rio/saude/;1;desktop-1366;color-contrast;axe-core;fail;serious;alto;1.4.3;1.4.3;perceptivel;AA;10;baixa_visao|cognitiva_neurodivergencia|visao_de_cores;lbi.art63.caput|lbi.art3.iv.d|lbi.art4|dec5296.art47|emag.3.1|lbi.art18|cf.art196|onu.art25|cf.art5.xiv|lai.art8.par3.viii;Elements must meet minimum color contrast ratio thresholds;"O contraste insuficiente é a barreira de comunicação mais prevalente e atinge diretamente a população idosa usuária do SUS; sua persistência em portal público caracteriza descumprimento continuado do art. 63, caput, da LBI e do art. 47 do Decreto 5.296/2004."
1d86e32d-da8e-4a82-bc19-6fbe2a79ce17;sms-rio;Secretaria Municipal de Saúde do Rio de Janeiro — seção informativa;2026-08-19T04:05:22.243115+00:00;https://prefeitura.rio/saude/;1;desktop-1366;image-alt;axe-core;fail;critical;alto;1.1.1;1.1.1;perceptivel;A;16;baixa_conectividade|baixa_visao|cegueira|cognitiva_neurodivergencia;lbi.art63.caput|lbi.art3.iv.d|lbi.art4|dec5296.art47|emag.3.1|lbi.art18|cf.art196|onu.art25|lbi.art74|cf.art5.xiv|lai.art8.par3.viii;Images must have alternative text;A ausência de alternativa textual configura barreira na comunicação e na informação (art. 3º, IV, 'd', LBI): o conteúdo existe juridicamente como informação pública, mas não é recebível pelo usuário cego, esvaziando o dever de transparência ativa do art. 8º, § 3º, VIII da LAI.
1d86e32d-da8e-4a82-bc19-6fbe2a79ce17;sms-rio;Secretaria Municipal de Saúde do Rio de Janeiro — seção informativa;2026-08-19T04:05:22.243115+00:00;https://prefeitura.rio/saude/;1;desktop-1366;link-name;axe-core;fail;serious;critico;2.4.4|4.1.2;2.4.4;operavel;A;9;cegueira|cognitiva_neurodivergencia|fala|motora;lbi.art63.caput|lbi.art3.iv.d|lbi.art4|dec5296.art47|emag.3.1|lbi.art18|cf.art196|onu.art25|lbi.art74|onu.art9;Links must have discernible text;Controle sem nome, função ou valor expostos simplesmente não existe para a tecnologia assistiva: o serviço é, para o usuário cego, inexistente. É a forma mais severa de barreira na informação do art. 3º, IV, 'd'.
1d86e32d-da8e-4a82-bc19-6fbe2a79ce17;sms-rio;Secretaria Municipal de Saúde do Rio de Janeiro — seção informativa;2026-08-19T04:05:22.243115+00:00;https://prefeitura.rio/saude/;1;desktop-1366;list;axe-core;fail;serious;alto;1.3.1;1.3.1;perceptivel;A;1;baixa_visao|cegueira|cognitiva_neurodivergencia;lbi.art63.caput|lbi.art3.iv.d|lbi.art4|dec5296.art47|emag.3.1|lbi.art18|cf.art196|onu.art25|lbi.art74;<ul> and <ol> must only directly contain <li>, <script> or <template> elements;"Sem estrutura semântica, a tecnologia assistiva não consegue reconstruir a relação entre rótulo e dado; o art. 74 da LBI assegura o acesso a tecnologias assistivas, o que pressupõe conteúdo com elas compatível."
1d86e32d-da8e-4a82-bc19-6fbe2a79ce17;sms-rio;Secretaria Municipal de Saúde do Rio de Janeiro — seção informativa;2026-08-19T04:05:22.243115+00:00;https://prefeitura.rio/saude/;1;desktop-1366;listitem;axe-core;fail;serious;alto;1.3.1;1.3.1;perceptivel;A;3;baixa_visao|cegueira|cognitiva_neurodivergencia;lbi.art63.caput|lbi.art3.iv.d|lbi.art4|dec5296.art47|emag.3.1|lbi.art18|cf.art196|onu.art25|lbi.art74;<li> elements must be contained in a <ul> or <ol>;"Sem estrutura semântica, a tecnologia assistiva não consegue reconstruir a relação entre rótulo e dado; o art. 74 da LBI assegura o acesso a tecnologias assistivas, o que pressupõe conteúdo com elas compatível."
1d86e32d-da8e-4a82-bc19-6fbe2a79ce17;sms-rio;Secretaria Municipal de Saúde do Rio de Janeiro — seção informativa;2026-08-19T04:05:22.243115+00:00;https://prefeitura.rio/saude/;1;desktop-1366;meta-viewport;axe-core;fail;moderate;alto;1.4.4;1.4.4;perceptivel;AA;1;baixa_visao|cognitiva_neurodivergencia;lbi.art63.caput|lbi.art3.iv.d|lbi.art4|dec5296.art47|emag.3.1|lbi.art18|cf.art196|onu.art25;Zooming and scaling must not be disabled;O bloqueio de ampliação nega adaptação razoável, conduta equiparada a discriminação pelo art. 4º, § 1º da LBI.
1d86e32d-da8e-4a82-bc19-6fbe2a79ce17;sms-rio;Secretaria Municipal de Saúde do Rio de Janeiro — seção informativa;2026-08-19T04:05:22.243115+00:00;https://prefeitura.rio/saude/;1;desktop-1366;aria-valid-attr-value;axe-core;incomplete;;critico;4.1.2;4.1.2;robusto;A;1;cegueira|fala|motora;lbi.art63.caput|lbi.art3.iv.d|lbi.art4|dec5296.art47|emag.3.1|lbi.art18|cf.art196|onu.art25|lbi.art74|onu.art9;ARIA attributes must conform to valid values;Controle sem nome, função ou valor expostos simplesmente não existe para a tecnologia assistiva: o serviço é, para o usuário cego, inexistente. É a forma mais severa de barreira na informação do art. 3º, IV, 'd'.
1d86e32d-da8e-4a82-bc19-6fbe2a79ce17;sms-rio;Secretaria Municipal de Saúde do Rio de Janeiro — seção informativa;2026-08-19T04:05:22.243115+00:00;https://prefeitura.rio/saude/;1;desktop-1366;color-contrast;axe-core;incomplete;;alto;1.4.3;1.4.3;perceptivel;AA;17;baixa_visao|cognitiva_neurodivergencia|visao_de_cores;lbi.art63.caput|lbi.art3.iv.d|lbi.art4|dec5296.art47|emag.3.1|lbi.art18|cf.art196|onu.art25|cf.art5.xiv|lai.art8.par3.viii;Elements must meet minimum color contrast ratio thresholds;"O contraste insuficiente é a barreira de comunicação mais prevalente e atinge diretamente a população idosa usuária do SUS; sua persistência em portal público caracteriza descumprimento continuado do art. 63, caput, da LBI e do art. 47 do Decreto 5.296/2004."
1d86e32d-da8e-4a82-bc19-6fbe2a79ce17;sms-rio;Secretaria Municipal de Saúde do Rio de Janeiro — seção informativa;2026-08-19T04:05:22.243115+00:00;https://prefeitura.rio/saude/;1;desktop-1366;probe.landmarks.no-skip-link;probe;incomplete;;moderado;2.4.1;2.4.1;operavel;A;1;cegueira|cognitiva_neurodivergencia|motora;lbi.art63.caput|lbi.art3.iv.d|lbi.art4|dec5296.art47|emag.3.1|lbi.art18|cf.art196|onu.art25|lbi.art3.i;Nenhum link de salto para o conteúdo principal foi encontrado.;A ausência de mecanismo de salto obriga a percorrer repetidamente blocos idênticos, esforço desproporcional vedado pelo conceito de acessibilidade com autonomia do art. 3º, I da LBI.
1d86e32d-da8e-4a82-bc19-6fbe2a79ce17;sms-rio;Secretaria Municipal de Saúde do Rio de Janeiro — seção informativa;2026-08-19T04:05:22.243115+00:00;https://prefeitura.rio/saude/;1;desktop-1366;probe.heading-structure.no-h1;probe;fail;moderate;alto;1.3.1;1.3.1;perceptivel;A;1;baixa_visao|cegueira|cognitiva_neurodivergencia;lbi.art63.caput|lbi.art3.iv.d|lbi.art4|dec5296.art47|emag.3.1|lbi.art18|cf.art196|onu.art25|lbi.art74;A página não declara um cabeçalho de primeiro nível (H1).;"Sem estrutura semântica, a tecnologia assistiva não consegue reconstruir a relação entre rótulo e dado; o art. 74 da LBI assegura o acesso a tecnologias assistivas, o que pressupõe conteúdo com elas compatível."
1d86e32d-da8e-4a82-bc19-6fbe2a79ce17;sms-rio;Secretaria Municipal de Saúde do Rio de Janeiro — seção informativa;2026-08-19T04:05:22.243115+00:00;https://prefeitura.rio/saude/;1;desktop-1366;probe.heading-structure.level-skip;probe;incomplete;;alto;1.3.1;1.3.1;perceptivel;A;1;baixa_visao|cegueira|cognitiva_neurodivergencia;lbi.art63.caput|lbi.art3.iv.d|lbi.art4|dec5296.art47|emag.3.1|lbi.art18|cf.art196|onu.art25|lbi.art74;1 salto(s) de nível na hierarquia de cabeçalhos.;"Sem estrutura semântica, a tecnologia assistiva não consegue reconstruir a relação entre rótulo e dado; o art. 74 da LBI assegura o acesso a tecnologias assistivas, o que pressupõe conteúdo com elas compatível."
1d86e32d-da8e-4a82-bc19-6fbe2a79ce17;sms-rio;Secretaria Municipal de Saúde do Rio de Janeiro — seção informativa;2026-08-19T04:05:22.243115+00:00;https://prefeitura.rio/saude/;1;desktop-1366;probe.positive-tabindex;probe;fail;moderate;alto;2.4.3;2.4.3;operavel;A;1;cegueira|cognitiva_neurodivergencia|motora;lbi.art63.caput|lbi.art3.iv.d|lbi.art4|dec5296.art47|emag.3.1|lbi.art18|cf.art196|onu.art25;1 elemento(s) usam tabindex positivo, alterando a ordem natural de tabulação.;Ordem de foco incoerente induz erro na submissão de dados de saúde, com risco de agendamento equivocado — dano ao acesso ao serviço.
1d86e32d-da8e-4a82-bc19-6fbe2a79ce17;sms-rio;Secretaria Municipal de Saúde do Rio de Janeiro — seção informativa;2026-08-19T04:05:22.243115+00:00;https://prefeitura.rio/saude/;1;desktop-1366;probe.placeholder-como-rotulo;probe;fail;serious;alto;3.3.2;3.3.2;compreensivel;A;1;baixa_visao|cegueira|cognitiva_neurodivergencia;lbi.art63.caput|lbi.art3.iv.d|lbi.art4|dec5296.art47|emag.3.1|lbi.art18|cf.art196|onu.art25|lbi.art74|lbi.art3.i;1 campo(s) de formulário são identificados apenas pelo texto de placeholder.;Campo sem rótulo programático torna indeterminável o dado solicitado, inviabilizando o preenchimento autônomo (art. 3º, I, LBI).
1d86e32d-da8e-4a82-bc19-6fbe2a79ce17;sms-rio;Secretaria Municipal de Saúde do Rio de Janeiro — seção informativa;2026-08-19T04:05:22.243115+00:00;https://prefeitura.rio/saude/;1;desktop-1366;probe.zoom-lock;probe;fail;serious;alto;1.4.4;1.4.4;perceptivel;AA;1;baixa_visao|cognitiva_neurodivergencia;lbi.art63.caput|lbi.art3.iv.d|lbi.art4|dec5296.art47|emag.3.1|lbi.art18|cf.art196|onu.art25;A página bloqueia a ampliação pelo usuário.;O bloqueio de ampliação nega adaptação razoável, conduta equiparada a discriminação pelo art. 4º, § 1º da LBI.
1d86e32d-da8e-4a82-bc19-6fbe2a79ce17;sms-rio;Secretaria Municipal de Saúde do Rio de Janeiro — seção informativa;2026-08-19T04:05:22.243115+00:00;https://prefeitura.rio/saude/;1;desktop-1366;probe.captions.embedded-player;probe;incomplete;;alto;1.2.2;1.2.2;perceptivel;A;1;surdez;lbi.art63.caput|lbi.art3.iv.d|lbi.art4|dec5296.art47|emag.3.1|lbi.art18|cf.art196|onu.art25|dec5626.art26;1 player(s) de terceiros embutidos — região opaca à auditoria automática.;Vídeo de orientação em saúde sem legenda nega à pessoa surda o acesso à informação sanitária, violando o art. 26 do Decreto 5.626/2005 e o direito à atenção integral do art. 18 da LBI.
1d86e32d-da8e-4a82-bc19-6fbe2a79ce17;sms-rio;Secretaria Municipal de Saúde do Rio de Janeiro — seção informativa;2026-08-19T04:05:22.243115+00:00;https://prefeitura.rio/saude/;1;desktop-1366;probe.data-cost;probe;fail;serious;alto;;;;;1;baixa_conectividade;cf.art196|lbi.art18|lei13460.art5|cf.art5.xiv;Um único acesso a esta página consome 2.10 MB, ou 0.021% da franquia mensal do plano de referência (0.6 centavo).;O custo de dados exigido para acessar o serviço digital de saúde transfere ao cidadão um ônus econômico como condição de exercício de direito fundamental. Quando esse ônus recai desproporcionalmente sobre a população de menor renda — a mesma que depende exclusivamente do SUS — o acesso deixa de ser universal e igualitário, em desacordo com o art. 196 da CF/88 e com o dever de informação adequada do art. 18, § 4º da Lei 13.146/2015. A parcela do tráfego destinada a terceiros agrava a situação: o usuário custeia recursos que não lhe prestam o serviço público solicitado.
1d86e32d-da8e-4a82-bc19-6fbe2a79ce17;sms-rio;Secretaria Municipal de Saúde do Rio de Janeiro — seção informativa;2026-08-19T04:05:22.243115+00:00;https://prefeitura.rio/saude/;1;desktop-1366;probe.readability;heuristic;incomplete;;moderado;;;;;1;cognitiva_neurodivergencia|baixa_conectividade;lbi.art18|lai.art8.par3.viii|lei13460.art5;Legibilidade do conteúdo principal em 0.0 pontos — faixa muito difícil (exige ensino superior).;A publicação de informação de saúde em registro linguístico inacessível à população destinatária esvazia materialmente o dever de oferta de comunicação e informação adequadas (art. 18, § 4º, IV, LBI) e o dever de transparência ativa (art. 8º, § 3º, LAI). A informação torna-se disponível sem se tornar acessível.
183c0245-7805-411a-8b3d-c4928d9b5e0c;sms-rio;Secretaria Municipal de Saúde do Rio de Janeiro — seção informativa;2026-08-18T21:52:19.021719+00:00;https://prefeitura.rio/saude/;1;mobile-320;button-name;axe-core;fail;critical;critico;4.1.2;4.1.2;robusto;A;1;cegueira|fala|motora;lbi.art63.caput|lbi.art3.iv.d|lbi.art4|dec5296.art47|emag.3.1|lbi.art18|cf.art196|onu.art25|lbi.art74|onu.art9;Buttons must have discernible text;Controle sem nome, função ou valor expostos simplesmente não existe para a tecnologia assistiva: o serviço é, para o usuário cego, inexistente. É a forma mais severa de barreira na informação do art. 3º, IV, 'd'.
183c0245-7805-411a-8b3d-c4928d9b5e0c;sms-rio;Secretaria Municipal de Saúde do Rio de Janeiro — seção informativa;2026-08-18T21:52:19.021719+00:00;https://prefeitura.rio/saude/;1;mobile-320;color-contrast;axe-core;fail;serious;alto;1.4.3;1.4.3;perceptivel;AA;10;baixa_visao|cognitiva_neurodivergencia|visao_de_cores;lbi.art63.caput|lbi.art3.iv.d|lbi.art4|dec5296.art47|emag.3.1|lbi.art18|cf.art196|onu.art25|cf.art5.xiv|lai.art8.par3.viii;Elements must meet minimum color contrast ratio thresholds;"O contraste insuficiente é a barreira de comunicação mais prevalente e atinge diretamente a população idosa usuária do SUS; sua persistência em portal público caracteriza descumprimento continuado do art. 63, caput, da LBI e do art. 47 do Decreto 5.296/2004."
183c0245-7805-411a-8b3d-c4928d9b5e0c;sms-rio;Secretaria Municipal de Saúde do Rio de Janeiro — seção informativa;2026-08-18T21:52:19.021719+00:00;https://prefeitura.rio/saude/;1;mobile-320;image-alt;axe-core;fail;critical;alto;1.1.1;1.1.1;perceptivel;A;10;baixa_conectividade|baixa_visao|cegueira|cognitiva_neurodivergencia;lbi.art63.caput|lbi.art3.iv.d|lbi.art4|dec5296.art47|emag.3.1|lbi.art18|cf.art196|onu.art25|lbi.art74|cf.art5.xiv|lai.art8.par3.viii;Images must have alternative text;A ausência de alternativa textual configura barreira na comunicação e na informação (art. 3º, IV, 'd', LBI): o conteúdo existe juridicamente como informação pública, mas não é recebível pelo usuário cego, esvaziando o dever de transparência ativa do art. 8º, § 3º, VIII da LAI.
183c0245-7805-411a-8b3d-c4928d9b5e0c;sms-rio;Secretaria Municipal de Saúde do Rio de Janeiro — seção informativa;2026-08-18T21:52:19.021719+00:00;https://prefeitura.rio/saude/;1;mobile-320;link-name;axe-core;fail;serious;critico;2.4.4|4.1.2;2.4.4;operavel;A;9;cegueira|cognitiva_neurodivergencia|fala|motora;lbi.art63.caput|lbi.art3.iv.d|lbi.art4|dec5296.art47|emag.3.1|lbi.art18|cf.art196|onu.art25|lbi.art74|onu.art9;Links must have discernible text;Controle sem nome, função ou valor expostos simplesmente não existe para a tecnologia assistiva: o serviço é, para o usuário cego, inexistente. É a forma mais severa de barreira na informação do art. 3º, IV, 'd'.
183c0245-7805-411a-8b3d-c4928d9b5e0c;sms-rio;Secretaria Municipal de Saúde do Rio de Janeiro — seção informativa;2026-08-18T21:52:19.021719+00:00;https://prefeitura.rio/saude/;1;mobile-320;list;axe-core;fail;serious;alto;1.3.1;1.3.1;perceptivel;A;1;baixa_visao|cegueira|cognitiva_neurodivergencia;lbi.art63.caput|lbi.art3.iv.d|lbi.art4|dec5296.art47|emag.3.1|lbi.art18|cf.art196|onu.art25|lbi.art74;<ul> and <ol> must only directly contain <li>, <script> or <template> elements;"Sem estrutura semântica, a tecnologia assistiva não consegue reconstruir a relação entre rótulo e dado; o art. 74 da LBI assegura o acesso a tecnologias assistivas, o que pressupõe conteúdo com elas compatível."
183c0245-7805-411a-8b3d-c4928d9b5e0c;sms-rio;Secretaria Municipal de Saúde do Rio de Janeiro — seção informativa;2026-08-18T21:52:19.021719+00:00;https://prefeitura.rio/saude/;1;mobile-320;listitem;axe-core;fail;serious;alto;1.3.1;1.3.1;perceptivel;A;3;baixa_visao|cegueira|cognitiva_neurodivergencia;lbi.art63.caput|lbi.art3.iv.d|lbi.art4|dec5296.art47|emag.3.1|lbi.art18|cf.art196|onu.art25|lbi.art74;<li> elements must be contained in a <ul> or <ol>;"Sem estrutura semântica, a tecnologia assistiva não consegue reconstruir a relação entre rótulo e dado; o art. 74 da LBI assegura o acesso a tecnologias assistivas, o que pressupõe conteúdo com elas compatível."
183c0245-7805-411a-8b3d-c4928d9b5e0c;sms-rio;Secretaria Municipal de Saúde do Rio de Janeiro — seção informativa;2026-08-18T21:52:19.021719+00:00;https://prefeitura.rio/saude/;1;mobile-320;meta-viewport;axe-core;fail;moderate;alto;1.4.4;1.4.4;perceptivel;AA;1;baixa_visao|cognitiva_neurodivergencia;lbi.art63.caput|lbi.art3.iv.d|lbi.art4|dec5296.art47|emag.3.1|lbi.art18|cf.art196|onu.art25;Zooming and scaling must not be disabled;O bloqueio de ampliação nega adaptação razoável, conduta equiparada a discriminação pelo art. 4º, § 1º da LBI.
183c0245-7805-411a-8b3d-c4928d9b5e0c;sms-rio;Secretaria Municipal de Saúde do Rio de Janeiro — seção informativa;2026-08-18T21:52:19.021719+00:00;https://prefeitura.rio/saude/;1;mobile-320;aria-valid-attr-value;axe-core;incomplete;;critico;4.1.2;4.1.2;robusto;A;1;cegueira|fala|motora;lbi.art63.caput|lbi.art3.iv.d|lbi.art4|dec5296.art47|emag.3.1|lbi.art18|cf.art196|onu.art25|lbi.art74|onu.art9;ARIA attributes must conform to valid values;Controle sem nome, função ou valor expostos simplesmente não existe para a tecnologia assistiva: o serviço é, para o usuário cego, inexistente. É a forma mais severa de barreira na informação do art. 3º, IV, 'd'.
183c0245-7805-411a-8b3d-c4928d9b5e0c;sms-rio;Secretaria Municipal de Saúde do Rio de Janeiro — seção informativa;2026-08-18T21:52:19.021719+00:00;https://prefeitura.rio/saude/;1;mobile-320;color-contrast;axe-core;incomplete;;alto;1.4.3;1.4.3;perceptivel;AA;7;baixa_visao|cognitiva_neurodivergencia|visao_de_cores;lbi.art63.caput|lbi.art3.iv.d|lbi.art4|dec5296.art47|emag.3.1|lbi.art18|cf.art196|onu.art25|cf.art5.xiv|lai.art8.par3.viii;Elements must meet minimum color contrast ratio thresholds;"O contraste insuficiente é a barreira de comunicação mais prevalente e atinge diretamente a população idosa usuária do SUS; sua persistência em portal público caracteriza descumprimento continuado do art. 63, caput, da LBI e do art. 47 do Decreto 5.296/2004."
183c0245-7805-411a-8b3d-c4928d9b5e0c;sms-rio;Secretaria Municipal de Saúde do Rio de Janeiro — seção informativa;2026-08-18T21:52:19.021719+00:00;https://prefeitura.rio/saude/;1;mobile-320;probe.landmarks.no-skip-link;probe;incomplete;;moderado;2.4.1;2.4.1;operavel;A;1;cegueira|cognitiva_neurodivergencia|motora;lbi.art63.caput|lbi.art3.iv.d|lbi.art4|dec5296.art47|emag.3.1|lbi.art18|cf.art196|onu.art25|lbi.art3.i;Nenhum link de salto para o conteúdo principal foi encontrado.;A ausência de mecanismo de salto obriga a percorrer repetidamente blocos idênticos, esforço desproporcional vedado pelo conceito de acessibilidade com autonomia do art. 3º, I da LBI.
183c0245-7805-411a-8b3d-c4928d9b5e0c;sms-rio;Secretaria Municipal de Saúde do Rio de Janeiro — seção informativa;2026-08-18T21:52:19.021719+00:00;https://prefeitura.rio/saude/;1;mobile-320;probe.heading-structure.no-h1;probe;fail;moderate;alto;1.3.1;1.3.1;perceptivel;A;1;baixa_visao|cegueira|cognitiva_neurodivergencia;lbi.art63.caput|lbi.art3.iv.d|lbi.art4|dec5296.art47|emag.3.1|lbi.art18|cf.art196|onu.art25|lbi.art74;A página não declara um cabeçalho de primeiro nível (H1).;"Sem estrutura semântica, a tecnologia assistiva não consegue reconstruir a relação entre rótulo e dado; o art. 74 da LBI assegura o acesso a tecnologias assistivas, o que pressupõe conteúdo com elas compatível."
183c0245-7805-411a-8b3d-c4928d9b5e0c;sms-rio;Secretaria Municipal de Saúde do Rio de Janeiro — seção informativa;2026-08-18T21:52:19.021719+00:00;https://prefeitura.rio/saude/;1;mobile-320;probe.heading-structure.level-skip;probe;incomplete;;alto;1.3.1;1.3.1;perceptivel;A;1;baixa_visao|cegueira|cognitiva_neurodivergencia;lbi.art63.caput|lbi.art3.iv.d|lbi.art4|dec5296.art47|emag.3.1|lbi.art18|cf.art196|onu.art25|lbi.art74;1 salto(s) de nível na hierarquia de cabeçalhos.;"Sem estrutura semântica, a tecnologia assistiva não consegue reconstruir a relação entre rótulo e dado; o art. 74 da LBI assegura o acesso a tecnologias assistivas, o que pressupõe conteúdo com elas compatível."
183c0245-7805-411a-8b3d-c4928d9b5e0c;sms-rio;Secretaria Municipal de Saúde do Rio de Janeiro — seção informativa;2026-08-18T21:52:19.021719+00:00;https://prefeitura.rio/saude/;1;mobile-320;probe.positive-tabindex;probe;fail;moderate;alto;2.4.3;2.4.3;operavel;A;1;cegueira|cognitiva_neurodivergencia|motora;lbi.art63.caput|lbi.art3.iv.d|lbi.art4|dec5296.art47|emag.3.1|lbi.art18|cf.art196|onu.art25;1 elemento(s) usam tabindex positivo, alterando a ordem natural de tabulação.;Ordem de foco incoerente induz erro na submissão de dados de saúde, com risco de agendamento equivocado — dano ao acesso ao serviço.
183c0245-7805-411a-8b3d-c4928d9b5e0c;sms-rio;Secretaria Municipal de Saúde do Rio de Janeiro — seção informativa;2026-08-18T21:52:19.021719+00:00;https://prefeitura.rio/saude/;1;mobile-320;probe.placeholder-como-rotulo;probe;fail;serious;alto;3.3.2;3.3.2;compreensivel;A;1;baixa_visao|cegueira|cognitiva_neurodivergencia;lbi.art63.caput|lbi.art3.iv.d|lbi.art4|dec5296.art47|emag.3.1|lbi.art18|cf.art196|onu.art25|lbi.art74|lbi.art3.i;1 campo(s) de formulário são identificados apenas pelo texto de placeholder.;Campo sem rótulo programático torna indeterminável o dado solicitado, inviabilizando o preenchimento autônomo (art. 3º, I, LBI).
183c0245-7805-411a-8b3d-c4928d9b5e0c;sms-rio;Secretaria Municipal de Saúde do Rio de Janeiro — seção informativa;2026-08-18T21:52:19.021719+00:00;https://prefeitura.rio/saude/;1;mobile-320;probe.zoom-lock;probe;fail;serious;alto;1.4.4;1.4.4;perceptivel;AA;1;baixa_visao|cognitiva_neurodivergencia;lbi.art63.caput|lbi.art3.iv.d|lbi.art4|dec5296.art47|emag.3.1|lbi.art18|cf.art196|onu.art25;A página bloqueia a ampliação pelo usuário.;O bloqueio de ampliação nega adaptação razoável, conduta equiparada a discriminação pelo art. 4º, § 1º da LBI.
183c0245-7805-411a-8b3d-c4928d9b5e0c;sms-rio;Secretaria Municipal de Saúde do Rio de Janeiro — seção informativa;2026-08-18T21:52:19.021719+00:00;https://prefeitura.rio/saude/;1;mobile-320;probe.captions.embedded-player;probe;incomplete;;alto;1.2.2;1.2.2;perceptivel;A;1;surdez;lbi.art63.caput|lbi.art3.iv.d|lbi.art4|dec5296.art47|emag.3.1|lbi.art18|cf.art196|onu.art25|dec5626.art26;1 player(s) de terceiros embutidos — região opaca à auditoria automática.;Vídeo de orientação em saúde sem legenda nega à pessoa surda o acesso à informação sanitária, violando o art. 26 do Decreto 5.626/2005 e o direito à atenção integral do art. 18 da LBI.
183c0245-7805-411a-8b3d-c4928d9b5e0c;sms-rio;Secretaria Municipal de Saúde do Rio de Janeiro — seção informativa;2026-08-18T21:52:19.021719+00:00;https://prefeitura.rio/saude/;1;mobile-320;probe.data-cost;probe;fail;serious;alto;;;;;1;baixa_conectividade;cf.art196|lbi.art18|lei13460.art5|cf.art5.xiv;Um único acesso a esta página consome 2.06 MB, ou 0.020% da franquia mensal do plano de referência (0.6 centavo).;O custo de dados exigido para acessar o serviço digital de saúde transfere ao cidadão um ônus econômico como condição de exercício de direito fundamental. Quando esse ônus recai desproporcionalmente sobre a população de menor renda — a mesma que depende exclusivamente do SUS — o acesso deixa de ser universal e igualitário, em desacordo com o art. 196 da CF/88 e com o dever de informação adequada do art. 18, § 4º da Lei 13.146/2015. A parcela do tráfego destinada a terceiros agrava a situação: o usuário custeia recursos que não lhe prestam o serviço público solicitado.
183c0245-7805-411a-8b3d-c4928d9b5e0c;sms-rio;Secretaria Municipal de Saúde do Rio de Janeiro — seção informativa;2026-08-18T21:52:19.021719+00:00;https://prefeitura.rio/saude/;1;desktop-1366;button-name;axe-core;fail;critical;critico;4.1.2;4.1.2;robusto;A;1;cegueira|fala|motora;lbi.art63.caput|lbi.art3.iv.d|lbi.art4|dec5296.art47|emag.3.1|lbi.art18|cf.art196|onu.art25|lbi.art74|onu.art9;Buttons must have discernible text;Controle sem nome, função ou valor expostos simplesmente não existe para a tecnologia assistiva: o serviço é, para o usuário cego, inexistente. É a forma mais severa de barreira na informação do art. 3º, IV, 'd'.
183c0245-7805-411a-8b3d-c4928d9b5e0c;sms-rio;Secretaria Municipal de Saúde do Rio de Janeiro — seção informativa;2026-08-18T21:52:19.021719+00:00;https://prefeitura.rio/saude/;1;desktop-1366;color-contrast;axe-core;fail;serious;alto;1.4.3;1.4.3;perceptivel;AA;10;baixa_visao|cognitiva_neurodivergencia|visao_de_cores;lbi.art63.caput|lbi.art3.iv.d|lbi.art4|dec5296.art47|emag.3.1|lbi.art18|cf.art196|onu.art25|cf.art5.xiv|lai.art8.par3.viii;Elements must meet minimum color contrast ratio thresholds;"O contraste insuficiente é a barreira de comunicação mais prevalente e atinge diretamente a população idosa usuária do SUS; sua persistência em portal público caracteriza descumprimento continuado do art. 63, caput, da LBI e do art. 47 do Decreto 5.296/2004."
183c0245-7805-411a-8b3d-c4928d9b5e0c;sms-rio;Secretaria Municipal de Saúde do Rio de Janeiro — seção informativa;2026-08-18T21:52:19.021719+00:00;https://prefeitura.rio/saude/;1;desktop-1366;image-alt;axe-core;fail;critical;alto;1.1.1;1.1.1;perceptivel;A;16;baixa_conectividade|baixa_visao|cegueira|cognitiva_neurodivergencia;lbi.art63.caput|lbi.art3.iv.d|lbi.art4|dec5296.art47|emag.3.1|lbi.art18|cf.art196|onu.art25|lbi.art74|cf.art5.xiv|lai.art8.par3.viii;Images must have alternative text;A ausência de alternativa textual configura barreira na comunicação e na informação (art. 3º, IV, 'd', LBI): o conteúdo existe juridicamente como informação pública, mas não é recebível pelo usuário cego, esvaziando o dever de transparência ativa do art. 8º, § 3º, VIII da LAI.
183c0245-7805-411a-8b3d-c4928d9b5e0c;sms-rio;Secretaria Municipal de Saúde do Rio de Janeiro — seção informativa;2026-08-18T21:52:19.021719+00:00;https://prefeitura.rio/saude/;1;desktop-1366;link-name;axe-core;fail;serious;critico;2.4.4|4.1.2;2.4.4;operavel;A;9;cegueira|cognitiva_neurodivergencia|fala|motora;lbi.art63.caput|lbi.art3.iv.d|lbi.art4|dec5296.art47|emag.3.1|lbi.art18|cf.art196|onu.art25|lbi.art74|onu.art9;Links must have discernible text;Controle sem nome, função ou valor expostos simplesmente não existe para a tecnologia assistiva: o serviço é, para o usuário cego, inexistente. É a forma mais severa de barreira na informação do art. 3º, IV, 'd'.
183c0245-7805-411a-8b3d-c4928d9b5e0c;sms-rio;Secretaria Municipal de Saúde do Rio de Janeiro — seção informativa;2026-08-18T21:52:19.021719+00:00;https://prefeitura.rio/saude/;1;desktop-1366;list;axe-core;fail;serious;alto;1.3.1;1.3.1;perceptivel;A;1;baixa_visao|cegueira|cognitiva_neurodivergencia;lbi.art63.caput|lbi.art3.iv.d|lbi.art4|dec5296.art47|emag.3.1|lbi.art18|cf.art196|onu.art25|lbi.art74;<ul> and <ol> must only directly contain <li>, <script> or <template> elements;"Sem estrutura semântica, a tecnologia assistiva não consegue reconstruir a relação entre rótulo e dado; o art. 74 da LBI assegura o acesso a tecnologias assistivas, o que pressupõe conteúdo com elas compatível."
183c0245-7805-411a-8b3d-c4928d9b5e0c;sms-rio;Secretaria Municipal de Saúde do Rio de Janeiro — seção informativa;2026-08-18T21:52:19.021719+00:00;https://prefeitura.rio/saude/;1;desktop-1366;listitem;axe-core;fail;serious;alto;1.3.1;1.3.1;perceptivel;A;3;baixa_visao|cegueira|cognitiva_neurodivergencia;lbi.art63.caput|lbi.art3.iv.d|lbi.art4|dec5296.art47|emag.3.1|lbi.art18|cf.art196|onu.art25|lbi.art74;<li> elements must be contained in a <ul> or <ol>;"Sem estrutura semântica, a tecnologia assistiva não consegue reconstruir a relação entre rótulo e dado; o art. 74 da LBI assegura o acesso a tecnologias assistivas, o que pressupõe conteúdo com elas compatível."
183c0245-7805-411a-8b3d-c4928d9b5e0c;sms-rio;Secretaria Municipal de Saúde do Rio de Janeiro — seção informativa;2026-08-18T21:52:19.021719+00:00;https://prefeitura.rio/saude/;1;desktop-1366;meta-viewport;axe-core;fail;moderate;alto;1.4.4;1.4.4;perceptivel;AA;1;baixa_visao|cognitiva_neurodivergencia;lbi.art63.caput|lbi.art3.iv.d|lbi.art4|dec5296.art47|emag.3.1|lbi.art18|cf.art196|onu.art25;Zooming and scaling must not be disabled;O bloqueio de ampliação nega adaptação razoável, conduta equiparada a discriminação pelo art. 4º, § 1º da LBI.
183c0245-7805-411a-8b3d-c4928d9b5e0c;sms-rio;Secretaria Municipal de Saúde do Rio de Janeiro — seção informativa;2026-08-18T21:52:19.021719+00:00;https://prefeitura.rio/saude/;1;desktop-1366;aria-valid-attr-value;axe-core;incomplete;;critico;4.1.2;4.1.2;robusto;A;1;cegueira|fala|motora;lbi.art63.caput|lbi.art3.iv.d|lbi.art4|dec5296.art47|emag.3.1|lbi.art18|cf.art196|onu.art25|lbi.art74|onu.art9;ARIA attributes must conform to valid values;Controle sem nome, função ou valor expostos simplesmente não existe para a tecnologia assistiva: o serviço é, para o usuário cego, inexistente. É a forma mais severa de barreira na informação do art. 3º, IV, 'd'.
183c0245-7805-411a-8b3d-c4928d9b5e0c;sms-rio;Secretaria Municipal de Saúde do Rio de Janeiro — seção informativa;2026-08-18T21:52:19.021719+00:00;https://prefeitura.rio/saude/;1;desktop-1366;color-contrast;axe-core;incomplete;;alto;1.4.3;1.4.3;perceptivel;AA;17;baixa_visao|cognitiva_neurodivergencia|visao_de_cores;lbi.art63.caput|lbi.art3.iv.d|lbi.art4|dec5296.art47|emag.3.1|lbi.art18|cf.art196|onu.art25|cf.art5.xiv|lai.art8.par3.viii;Elements must meet minimum color contrast ratio thresholds;"O contraste insuficiente é a barreira de comunicação mais prevalente e atinge diretamente a população idosa usuária do SUS; sua persistência em portal público caracteriza descumprimento continuado do art. 63, caput, da LBI e do art. 47 do Decreto 5.296/2004."
183c0245-7805-411a-8b3d-c4928d9b5e0c;sms-rio;Secretaria Municipal de Saúde do Rio de Janeiro — seção informativa;2026-08-18T21:52:19.021719+00:00;https://prefeitura.rio/saude/;1;desktop-1366;probe.landmarks.no-skip-link;probe;incomplete;;moderado;2.4.1;2.4.1;operavel;A;1;cegueira|cognitiva_neurodivergencia|motora;lbi.art63.caput|lbi.art3.iv.d|lbi.art4|dec5296.art47|emag.3.1|lbi.art18|cf.art196|onu.art25|lbi.art3.i;Nenhum link de salto para o conteúdo principal foi encontrado.;A ausência de mecanismo de salto obriga a percorrer repetidamente blocos idênticos, esforço desproporcional vedado pelo conceito de acessibilidade com autonomia do art. 3º, I da LBI.
183c0245-7805-411a-8b3d-c4928d9b5e0c;sms-rio;Secretaria Municipal de Saúde do Rio de Janeiro — seção informativa;2026-08-18T21:52:19.021719+00:00;https://prefeitura.rio/saude/;1;desktop-1366;probe.heading-structure.no-h1;probe;fail;moderate;alto;1.3.1;1.3.1;perceptivel;A;1;baixa_visao|cegueira|cognitiva_neurodivergencia;lbi.art63.caput|lbi.art3.iv.d|lbi.art4|dec5296.art47|emag.3.1|lbi.art18|cf.art196|onu.art25|lbi.art74;A página não declara um cabeçalho de primeiro nível (H1).;"Sem estrutura semântica, a tecnologia assistiva não consegue reconstruir a relação entre rótulo e dado; o art. 74 da LBI assegura o acesso a tecnologias assistivas, o que pressupõe conteúdo com elas compatível."
183c0245-7805-411a-8b3d-c4928d9b5e0c;sms-rio;Secretaria Municipal de Saúde do Rio de Janeiro — seção informativa;2026-08-18T21:52:19.021719+00:00;https://prefeitura.rio/saude/;1;desktop-1366;probe.heading-structure.level-skip;probe;incomplete;;alto;1.3.1;1.3.1;perceptivel;A;1;baixa_visao|cegueira|cognitiva_neurodivergencia;lbi.art63.caput|lbi.art3.iv.d|lbi.art4|dec5296.art47|emag.3.1|lbi.art18|cf.art196|onu.art25|lbi.art74;1 salto(s) de nível na hierarquia de cabeçalhos.;"Sem estrutura semântica, a tecnologia assistiva não consegue reconstruir a relação entre rótulo e dado; o art. 74 da LBI assegura o acesso a tecnologias assistivas, o que pressupõe conteúdo com elas compatível."
183c0245-7805-411a-8b3d-c4928d9b5e0c;sms-rio;Secretaria Municipal de Saúde do Rio de Janeiro — seção informativa;2026-08-18T21:52:19.021719+00:00;https://prefeitura.rio/saude/;1;desktop-1366;probe.positive-tabindex;probe;fail;moderate;alto;2.4.3;2.4.3;operavel;A;1;cegueira|cognitiva_neurodivergencia|motora;lbi.art63.caput|lbi.art3.iv.d|lbi.art4|dec5296.art47|emag.3.1|lbi.art18|cf.art196|onu.art25;1 elemento(s) usam tabindex positivo, alterando a ordem natural de tabulação.;Ordem de foco incoerente induz erro na submissão de dados de saúde, com risco de agendamento equivocado — dano ao acesso ao serviço.
183c0245-7805-411a-8b3d-c4928d9b5e0c;sms-rio;Secretaria Municipal de Saúde do Rio de Janeiro — seção informativa;2026-08-18T21:52:19.021719+00:00;https://prefeitura.rio/saude/;1;desktop-1366;probe.placeholder-como-rotulo;probe;fail;serious;alto;3.3.2;3.3.2;compreensivel;A;1;baixa_visao|cegueira|cognitiva_neurodivergencia;lbi.art63.caput|lbi.art3.iv.d|lbi.art4|dec5296.art47|emag.3.1|lbi.art18|cf.art196|onu.art25|lbi.art74|lbi.art3.i;1 campo(s) de formulário são identificados apenas pelo texto de placeholder.;Campo sem rótulo programático torna indeterminável o dado solicitado, inviabilizando o preenchimento autônomo (art. 3º, I, LBI).
183c0245-7805-411a-8b3d-c4928d9b5e0c;sms-rio;Secretaria Municipal de Saúde do Rio de Janeiro — seção informativa;2026-08-18T21:52:19.021719+00:00;https://prefeitura.rio/saude/;1;desktop-1366;probe.zoom-lock;probe;fail;serious;alto;1.4.4;1.4.4;perceptivel;AA;1;baixa_visao|cognitiva_neurodivergencia;lbi.art63.caput|lbi.art3.iv.d|lbi.art4|dec5296.art47|emag.3.1|lbi.art18|cf.art196|onu.art25;A página bloqueia a ampliação pelo usuário.;O bloqueio de ampliação nega adaptação razoável, conduta equiparada a discriminação pelo art. 4º, § 1º da LBI.
183c0245-7805-411a-8b3d-c4928d9b5e0c;sms-rio;Secretaria Municipal de Saúde do Rio de Janeiro — seção informativa;2026-08-18T21:52:19.021719+00:00;https://prefeitura.rio/saude/;1;desktop-1366;probe.captions.embedded-player;probe;incomplete;;alto;1.2.2;1.2.2;perceptivel;A;1;surdez;lbi.art63.caput|lbi.art3.iv.d|lbi.art4|dec5296.art47|emag.3.1|lbi.art18|cf.art196|onu.art25|dec5626.art26;1 player(s) de terceiros embutidos — região opaca à auditoria automática.;Vídeo de orientação em saúde sem legenda nega à pessoa surda o acesso à informação sanitária, violando o art. 26 do Decreto 5.626/2005 e o direito à atenção integral do art. 18 da LBI.
183c0245-7805-411a-8b3d-c4928d9b5e0c;sms-rio;Secretaria Municipal de Saúde do Rio de Janeiro — seção informativa;2026-08-18T21:52:19.021719+00:00;https://prefeitura.rio/saude/;1;desktop-1366;probe.data-cost;probe;fail;serious;alto;;;;;1;baixa_conectividade;cf.art196|lbi.art18|lei13460.art5|cf.art5.xiv;Um único acesso a esta página consome 2.11 MB, ou 0.021% da franquia mensal do plano de referência (0.6 centavo).;O custo de dados exigido para acessar o serviço digital de saúde transfere ao cidadão um ônus econômico como condição de exercício de direito fundamental. Quando esse ônus recai desproporcionalmente sobre a população de menor renda — a mesma que depende exclusivamente do SUS — o acesso deixa de ser universal e igualitário, em desacordo com o art. 196 da CF/88 e com o dever de informação adequada do art. 18, § 4º da Lei 13.146/2015. A parcela do tráfego destinada a terceiros agrava a situação: o usuário custeia recursos que não lhe prestam o serviço público solicitado.
183c0245-7805-411a-8b3d-c4928d9b5e0c;sms-rio;Secretaria Municipal de Saúde do Rio de Janeiro — seção informativa;2026-08-18T21:52:19.021719+00:00;https://prefeitura.rio/saude/;1;desktop-1366;probe.readability;heuristic;incomplete;;moderado;;;;;1;cognitiva_neurodivergencia|baixa_conectividade;lbi.art18|lai.art8.par3.viii|lei13460.art5;Legibilidade do conteúdo principal em 0.0 pontos — faixa muito difícil (exige ensino superior).;A publicação de informação de saúde em registro linguístico inacessível à população destinatária esvazia materialmente o dever de oferta de comunicação e informação adequadas (art. 18, § 4º, IV, LBI) e o dever de transparência ativa (art. 8º, § 3º, LAI). A informação torna-se disponível sem se tornar acessível.
a86c6c93-a691-4f89-957e-7a3e2202356c;sms-rio;Secretaria Municipal de Saúde do Rio de Janeiro — seção informativa;2026-08-18T15:07:59.128409+00:00;https://prefeitura.rio/saude/;1;mobile-320;button-name;axe-core;fail;critical;critico;4.1.2;4.1.2;robusto;A;1;cegueira|fala|motora;lbi.art63.caput|lbi.art3.iv.d|lbi.art4|dec5296.art47|emag.3.1|lbi.art18|cf.art196|onu.art25|lbi.art74|onu.art9;Buttons must have discernible text;Controle sem nome, função ou valor expostos simplesmente não existe para a tecnologia assistiva: o serviço é, para o usuário cego, inexistente. É a forma mais severa de barreira na informação do art. 3º, IV, 'd'.
a86c6c93-a691-4f89-957e-7a3e2202356c;sms-rio;Secretaria Municipal de Saúde do Rio de Janeiro — seção informativa;2026-08-18T15:07:59.128409+00:00;https://prefeitura.rio/saude/;1;mobile-320;color-contrast;axe-core;fail;serious;alto;1.4.3;1.4.3;perceptivel;AA;10;baixa_visao|cognitiva_neurodivergencia|visao_de_cores;lbi.art63.caput|lbi.art3.iv.d|lbi.art4|dec5296.art47|emag.3.1|lbi.art18|cf.art196|onu.art25|cf.art5.xiv|lai.art8.par3.viii;Elements must meet minimum color contrast ratio thresholds;"O contraste insuficiente é a barreira de comunicação mais prevalente e atinge diretamente a população idosa usuária do SUS; sua persistência em portal público caracteriza descumprimento continuado do art. 63, caput, da LBI e do art. 47 do Decreto 5.296/2004."
a86c6c93-a691-4f89-957e-7a3e2202356c;sms-rio;Secretaria Municipal de Saúde do Rio de Janeiro — seção informativa;2026-08-18T15:07:59.128409+00:00;https://prefeitura.rio/saude/;1;mobile-320;image-alt;axe-core;fail;critical;alto;1.1.1;1.1.1;perceptivel;A;10;baixa_conectividade|baixa_visao|cegueira|cognitiva_neurodivergencia;lbi.art63.caput|lbi.art3.iv.d|lbi.art4|dec5296.art47|emag.3.1|lbi.art18|cf.art196|onu.art25|lbi.art74|cf.art5.xiv|lai.art8.par3.viii;Images must have alternative text;A ausência de alternativa textual configura barreira na comunicação e na informação (art. 3º, IV, 'd', LBI): o conteúdo existe juridicamente como informação pública, mas não é recebível pelo usuário cego, esvaziando o dever de transparência ativa do art. 8º, § 3º, VIII da LAI.
a86c6c93-a691-4f89-957e-7a3e2202356c;sms-rio;Secretaria Municipal de Saúde do Rio de Janeiro — seção informativa;2026-08-18T15:07:59.128409+00:00;https://prefeitura.rio/saude/;1;mobile-320;link-name;axe-core;fail;serious;critico;2.4.4|4.1.2;2.4.4;operavel;A;9;cegueira|cognitiva_neurodivergencia|fala|motora;lbi.art63.caput|lbi.art3.iv.d|lbi.art4|dec5296.art47|emag.3.1|lbi.art18|cf.art196|onu.art25|lbi.art74|onu.art9;Links must have discernible text;Controle sem nome, função ou valor expostos simplesmente não existe para a tecnologia assistiva: o serviço é, para o usuário cego, inexistente. É a forma mais severa de barreira na informação do art. 3º, IV, 'd'.
a86c6c93-a691-4f89-957e-7a3e2202356c;sms-rio;Secretaria Municipal de Saúde do Rio de Janeiro — seção informativa;2026-08-18T15:07:59.128409+00:00;https://prefeitura.rio/saude/;1;mobile-320;list;axe-core;fail;serious;alto;1.3.1;1.3.1;perceptivel;A;1;baixa_visao|cegueira|cognitiva_neurodivergencia;lbi.art63.caput|lbi.art3.iv.d|lbi.art4|dec5296.art47|emag.3.1|lbi.art18|cf.art196|onu.art25|lbi.art74;<ul> and <ol> must only directly contain <li>, <script> or <template> elements;"Sem estrutura semântica, a tecnologia assistiva não consegue reconstruir a relação entre rótulo e dado; o art. 74 da LBI assegura o acesso a tecnologias assistivas, o que pressupõe conteúdo com elas compatível."
a86c6c93-a691-4f89-957e-7a3e2202356c;sms-rio;Secretaria Municipal de Saúde do Rio de Janeiro — seção informativa;2026-08-18T15:07:59.128409+00:00;https://prefeitura.rio/saude/;1;mobile-320;listitem;axe-core;fail;serious;alto;1.3.1;1.3.1;perceptivel;A;3;baixa_visao|cegueira|cognitiva_neurodivergencia;lbi.art63.caput|lbi.art3.iv.d|lbi.art4|dec5296.art47|emag.3.1|lbi.art18|cf.art196|onu.art25|lbi.art74;<li> elements must be contained in a <ul> or <ol>;"Sem estrutura semântica, a tecnologia assistiva não consegue reconstruir a relação entre rótulo e dado; o art. 74 da LBI assegura o acesso a tecnologias assistivas, o que pressupõe conteúdo com elas compatível."
a86c6c93-a691-4f89-957e-7a3e2202356c;sms-rio;Secretaria Municipal de Saúde do Rio de Janeiro — seção informativa;2026-08-18T15:07:59.128409+00:00;https://prefeitura.rio/saude/;1;mobile-320;meta-viewport;axe-core;fail;moderate;alto;1.4.4;1.4.4;perceptivel;AA;1;baixa_visao|cognitiva_neurodivergencia;lbi.art63.caput|lbi.art3.iv.d|lbi.art4|dec5296.art47|emag.3.1|lbi.art18|cf.art196|onu.art25;Zooming and scaling must not be disabled;O bloqueio de ampliação nega adaptação razoável, conduta equiparada a discriminação pelo art. 4º, § 1º da LBI.
a86c6c93-a691-4f89-957e-7a3e2202356c;sms-rio;Secretaria Municipal de Saúde do Rio de Janeiro — seção informativa;2026-08-18T15:07:59.128409+00:00;https://prefeitura.rio/saude/;1;mobile-320;aria-valid-attr-value;axe-core;incomplete;;critico;4.1.2;4.1.2;robusto;A;1;cegueira|fala|motora;lbi.art63.caput|lbi.art3.iv.d|lbi.art4|dec5296.art47|emag.3.1|lbi.art18|cf.art196|onu.art25|lbi.art74|onu.art9;ARIA attributes must conform to valid values;Controle sem nome, função ou valor expostos simplesmente não existe para a tecnologia assistiva: o serviço é, para o usuário cego, inexistente. É a forma mais severa de barreira na informação do art. 3º, IV, 'd'.
a86c6c93-a691-4f89-957e-7a3e2202356c;sms-rio;Secretaria Municipal de Saúde do Rio de Janeiro — seção informativa;2026-08-18T15:07:59.128409+00:00;https://prefeitura.rio/saude/;1;mobile-320;color-contrast;axe-core;incomplete;;alto;1.4.3;1.4.3;perceptivel;AA;7;baixa_visao|cognitiva_neurodivergencia|visao_de_cores;lbi.art63.caput|lbi.art3.iv.d|lbi.art4|dec5296.art47|emag.3.1|lbi.art18|cf.art196|onu.art25|cf.art5.xiv|lai.art8.par3.viii;Elements must meet minimum color contrast ratio thresholds;"O contraste insuficiente é a barreira de comunicação mais prevalente e atinge diretamente a população idosa usuária do SUS; sua persistência em portal público caracteriza descumprimento continuado do art. 63, caput, da LBI e do art. 47 do Decreto 5.296/2004."
a86c6c93-a691-4f89-957e-7a3e2202356c;sms-rio;Secretaria Municipal de Saúde do Rio de Janeiro — seção informativa;2026-08-18T15:07:59.128409+00:00;https://prefeitura.rio/saude/;1;mobile-320;probe.landmarks.no-skip-link;probe;incomplete;;moderado;2.4.1;2.4.1;operavel;A;1;cegueira|cognitiva_neurodivergencia|motora;lbi.art63.caput|lbi.art3.iv.d|lbi.art4|dec5296.art47|emag.3.1|lbi.art18|cf.art196|onu.art25|lbi.art3.i;Nenhum link de salto para o conteúdo principal foi encontrado.;A ausência de mecanismo de salto obriga a percorrer repetidamente blocos idênticos, esforço desproporcional vedado pelo conceito de acessibilidade com autonomia do art. 3º, I da LBI.
a86c6c93-a691-4f89-957e-7a3e2202356c;sms-rio;Secretaria Municipal de Saúde do Rio de Janeiro — seção informativa;2026-08-18T15:07:59.128409+00:00;https://prefeitura.rio/saude/;1;mobile-320;probe.heading-structure.no-h1;probe;fail;moderate;alto;1.3.1;1.3.1;perceptivel;A;1;baixa_visao|cegueira|cognitiva_neurodivergencia;lbi.art63.caput|lbi.art3.iv.d|lbi.art4|dec5296.art47|emag.3.1|lbi.art18|cf.art196|onu.art25|lbi.art74;A página não declara um cabeçalho de primeiro nível (H1).;"Sem estrutura semântica, a tecnologia assistiva não consegue reconstruir a relação entre rótulo e dado; o art. 74 da LBI assegura o acesso a tecnologias assistivas, o que pressupõe conteúdo com elas compatível."
a86c6c93-a691-4f89-957e-7a3e2202356c;sms-rio;Secretaria Municipal de Saúde do Rio de Janeiro — seção informativa;2026-08-18T15:07:59.128409+00:00;https://prefeitura.rio/saude/;1;mobile-320;probe.heading-structure.level-skip;probe;incomplete;;alto;1.3.1;1.3.1;perceptivel;A;1;baixa_visao|cegueira|cognitiva_neurodivergencia;lbi.art63.caput|lbi.art3.iv.d|lbi.art4|dec5296.art47|emag.3.1|lbi.art18|cf.art196|onu.art25|lbi.art74;1 salto(s) de nível na hierarquia de cabeçalhos.;"Sem estrutura semântica, a tecnologia assistiva não consegue reconstruir a relação entre rótulo e dado; o art. 74 da LBI assegura o acesso a tecnologias assistivas, o que pressupõe conteúdo com elas compatível."
a86c6c93-a691-4f89-957e-7a3e2202356c;sms-rio;Secretaria Municipal de Saúde do Rio de Janeiro — seção informativa;2026-08-18T15:07:59.128409+00:00;https://prefeitura.rio/saude/;1;mobile-320;probe.positive-tabindex;probe;fail;moderate;alto;2.4.3;2.4.3;operavel;A;1;cegueira|cognitiva_neurodivergencia|motora;lbi.art63.caput|lbi.art3.iv.d|lbi.art4|dec5296.art47|emag.3.1|lbi.art18|cf.art196|onu.art25;1 elemento(s) usam tabindex positivo, alterando a ordem natural de tabulação.;Ordem de foco incoerente induz erro na submissão de dados de saúde, com risco de agendamento equivocado — dano ao acesso ao serviço.
a86c6c93-a691-4f89-957e-7a3e2202356c;sms-rio;Secretaria Municipal de Saúde do Rio de Janeiro — seção informativa;2026-08-18T15:07:59.128409+00:00;https://prefeitura.rio/saude/;1;mobile-320;probe.placeholder-como-rotulo;probe;fail;serious;alto;3.3.2;3.3.2;compreensivel;A;1;baixa_visao|cegueira|cognitiva_neurodivergencia;lbi.art63.caput|lbi.art3.iv.d|lbi.art4|dec5296.art47|emag.3.1|lbi.art18|cf.art196|onu.art25|lbi.art74|lbi.art3.i;1 campo(s) de formulário são identificados apenas pelo texto de placeholder.;Campo sem rótulo programático torna indeterminável o dado solicitado, inviabilizando o preenchimento autônomo (art. 3º, I, LBI).
a86c6c93-a691-4f89-957e-7a3e2202356c;sms-rio;Secretaria Municipal de Saúde do Rio de Janeiro — seção informativa;2026-08-18T15:07:59.128409+00:00;https://prefeitura.rio/saude/;1;mobile-320;probe.zoom-lock;probe;fail;serious;alto;1.4.4;1.4.4;perceptivel;AA;1;baixa_visao|cognitiva_neurodivergencia;lbi.art63.caput|lbi.art3.iv.d|lbi.art4|dec5296.art47|emag.3.1|lbi.art18|cf.art196|onu.art25;A página bloqueia a ampliação pelo usuário.;O bloqueio de ampliação nega adaptação razoável, conduta equiparada a discriminação pelo art. 4º, § 1º da LBI.
a86c6c93-a691-4f89-957e-7a3e2202356c;sms-rio;Secretaria Municipal de Saúde do Rio de Janeiro — seção informativa;2026-08-18T15:07:59.128409+00:00;https://prefeitura.rio/saude/;1;mobile-320;probe.captions.embedded-player;probe;incomplete;;alto;1.2.2;1.2.2;perceptivel;A;1;surdez;lbi.art63.caput|lbi.art3.iv.d|lbi.art4|dec5296.art47|emag.3.1|lbi.art18|cf.art196|onu.art25|dec5626.art26;1 player(s) de terceiros embutidos — região opaca à auditoria automática.;Vídeo de orientação em saúde sem legenda nega à pessoa surda o acesso à informação sanitária, violando o art. 26 do Decreto 5.626/2005 e o direito à atenção integral do art. 18 da LBI.
a86c6c93-a691-4f89-957e-7a3e2202356c;sms-rio;Secretaria Municipal de Saúde do Rio de Janeiro — seção informativa;2026-08-18T15:07:59.128409+00:00;https://prefeitura.rio/saude/;1;mobile-320;probe.data-cost;probe;fail;serious;alto;;;;;1;baixa_conectividade;cf.art196|lbi.art18|lei13460.art5|cf.art5.xiv;Um único acesso a esta página consome 2.06 MB, ou 0.020% da franquia mensal do plano de referência (0.6 centavo).;O custo de dados exigido para acessar o serviço digital de saúde transfere ao cidadão um ônus econômico como condição de exercício de direito fundamental. Quando esse ônus recai desproporcionalmente sobre a população de menor renda — a mesma que depende exclusivamente do SUS — o acesso deixa de ser universal e igualitário, em desacordo com o art. 196 da CF/88 e com o dever de informação adequada do art. 18, § 4º da Lei 13.146/2015. A parcela do tráfego destinada a terceiros agrava a situação: o usuário custeia recursos que não lhe prestam o serviço público solicitado.
a86c6c93-a691-4f89-957e-7a3e2202356c;sms-rio;Secretaria Municipal de Saúde do Rio de Janeiro — seção informativa;2026-08-18T15:07:59.128409+00:00;https://prefeitura.rio/saude/;1;desktop-1366;button-name;axe-core;fail;critical;critico;4.1.2;4.1.2;robusto;A;1;cegueira|fala|motora;lbi.art63.caput|lbi.art3.iv.d|lbi.art4|dec5296.art47|emag.3.1|lbi.art18|cf.art196|onu.art25|lbi.art74|onu.art9;Buttons must have discernible text;Controle sem nome, função ou valor expostos simplesmente não existe para a tecnologia assistiva: o serviço é, para o usuário cego, inexistente. É a forma mais severa de barreira na informação do art. 3º, IV, 'd'.
a86c6c93-a691-4f89-957e-7a3e2202356c;sms-rio;Secretaria Municipal de Saúde do Rio de Janeiro — seção informativa;2026-08-18T15:07:59.128409+00:00;https://prefeitura.rio/saude/;1;desktop-1366;color-contrast;axe-core;fail;serious;alto;1.4.3;1.4.3;perceptivel;AA;10;baixa_visao|cognitiva_neurodivergencia|visao_de_cores;lbi.art63.caput|lbi.art3.iv.d|lbi.art4|dec5296.art47|emag.3.1|lbi.art18|cf.art196|onu.art25|cf.art5.xiv|lai.art8.par3.viii;Elements must meet minimum color contrast ratio thresholds;"O contraste insuficiente é a barreira de comunicação mais prevalente e atinge diretamente a população idosa usuária do SUS; sua persistência em portal público caracteriza descumprimento continuado do art. 63, caput, da LBI e do art. 47 do Decreto 5.296/2004."
a86c6c93-a691-4f89-957e-7a3e2202356c;sms-rio;Secretaria Municipal de Saúde do Rio de Janeiro — seção informativa;2026-08-18T15:07:59.128409+00:00;https://prefeitura.rio/saude/;1;desktop-1366;image-alt;axe-core;fail;critical;alto;1.1.1;1.1.1;perceptivel;A;16;baixa_conectividade|baixa_visao|cegueira|cognitiva_neurodivergencia;lbi.art63.caput|lbi.art3.iv.d|lbi.art4|dec5296.art47|emag.3.1|lbi.art18|cf.art196|onu.art25|lbi.art74|cf.art5.xiv|lai.art8.par3.viii;Images must have alternative text;A ausência de alternativa textual configura barreira na comunicação e na informação (art. 3º, IV, 'd', LBI): o conteúdo existe juridicamente como informação pública, mas não é recebível pelo usuário cego, esvaziando o dever de transparência ativa do art. 8º, § 3º, VIII da LAI.
a86c6c93-a691-4f89-957e-7a3e2202356c;sms-rio;Secretaria Municipal de Saúde do Rio de Janeiro — seção informativa;2026-08-18T15:07:59.128409+00:00;https://prefeitura.rio/saude/;1;desktop-1366;link-name;axe-core;fail;serious;critico;2.4.4|4.1.2;2.4.4;operavel;A;9;cegueira|cognitiva_neurodivergencia|fala|motora;lbi.art63.caput|lbi.art3.iv.d|lbi.art4|dec5296.art47|emag.3.1|lbi.art18|cf.art196|onu.art25|lbi.art74|onu.art9;Links must have discernible text;Controle sem nome, função ou valor expostos simplesmente não existe para a tecnologia assistiva: o serviço é, para o usuário cego, inexistente. É a forma mais severa de barreira na informação do art. 3º, IV, 'd'.
a86c6c93-a691-4f89-957e-7a3e2202356c;sms-rio;Secretaria Municipal de Saúde do Rio de Janeiro — seção informativa;2026-08-18T15:07:59.128409+00:00;https://prefeitura.rio/saude/;1;desktop-1366;list;axe-core;fail;serious;alto;1.3.1;1.3.1;perceptivel;A;1;baixa_visao|cegueira|cognitiva_neurodivergencia;lbi.art63.caput|lbi.art3.iv.d|lbi.art4|dec5296.art47|emag.3.1|lbi.art18|cf.art196|onu.art25|lbi.art74;<ul> and <ol> must only directly contain <li>, <script> or <template> elements;"Sem estrutura semântica, a tecnologia assistiva não consegue reconstruir a relação entre rótulo e dado; o art. 74 da LBI assegura o acesso a tecnologias assistivas, o que pressupõe conteúdo com elas compatível."
a86c6c93-a691-4f89-957e-7a3e2202356c;sms-rio;Secretaria Municipal de Saúde do Rio de Janeiro — seção informativa;2026-08-18T15:07:59.128409+00:00;https://prefeitura.rio/saude/;1;desktop-1366;listitem;axe-core;fail;serious;alto;1.3.1;1.3.1;perceptivel;A;3;baixa_visao|cegueira|cognitiva_neurodivergencia;lbi.art63.caput|lbi.art3.iv.d|lbi.art4|dec5296.art47|emag.3.1|lbi.art18|cf.art196|onu.art25|lbi.art74;<li> elements must be contained in a <ul> or <ol>;"Sem estrutura semântica, a tecnologia assistiva não consegue reconstruir a relação entre rótulo e dado; o art. 74 da LBI assegura o acesso a tecnologias assistivas, o que pressupõe conteúdo com elas compatível."
a86c6c93-a691-4f89-957e-7a3e2202356c;sms-rio;Secretaria Municipal de Saúde do Rio de Janeiro — seção informativa;2026-08-18T15:07:59.128409+00:00;https://prefeitura.rio/saude/;1;desktop-1366;meta-viewport;axe-core;fail;moderate;alto;1.4.4;1.4.4;perceptivel;AA;1;baixa_visao|cognitiva_neurodivergencia;lbi.art63.caput|lbi.art3.iv.d|lbi.art4|dec5296.art47|emag.3.1|lbi.art18|cf.art196|onu.art25;Zooming and scaling must not be disabled;O bloqueio de ampliação nega adaptação razoável, conduta equiparada a discriminação pelo art. 4º, § 1º da LBI.
a86c6c93-a691-4f89-957e-7a3e2202356c;sms-rio;Secretaria Municipal de Saúde do Rio de Janeiro — seção informativa;2026-08-18T15:07:59.128409+00:00;https://prefeitura.rio/saude/;1;desktop-1366;aria-valid-attr-value;axe-core;incomplete;;critico;4.1.2;4.1.2;robusto;A;1;cegueira|fala|motora;lbi.art63.caput|lbi.art3.iv.d|lbi.art4|dec5296.art47|emag.3.1|lbi.art18|cf.art196|onu.art25|lbi.art74|onu.art9;ARIA attributes must conform to valid values;Controle sem nome, função ou valor expostos simplesmente não existe para a tecnologia assistiva: o serviço é, para o usuário cego, inexistente. É a forma mais severa de barreira na informação do art. 3º, IV, 'd'.
a86c6c93-a691-4f89-957e-7a3e2202356c;sms-rio;Secretaria Municipal de Saúde do Rio de Janeiro — seção informativa;2026-08-18T15:07:59.128409+00:00;https://prefeitura.rio/saude/;1;desktop-1366;color-contrast;axe-core;incomplete;;alto;1.4.3;1.4.3;perceptivel;AA;17;baixa_visao|cognitiva_neurodivergencia|visao_de_cores;lbi.art63.caput|lbi.art3.iv.d|lbi.art4|dec5296.art47|emag.3.1|lbi.art18|cf.art196|onu.art25|cf.art5.xiv|lai.art8.par3.viii;Elements must meet minimum color contrast ratio thresholds;"O contraste insuficiente é a barreira de comunicação mais prevalente e atinge diretamente a população idosa usuária do SUS; sua persistência em portal público caracteriza descumprimento continuado do art. 63, caput, da LBI e do art. 47 do Decreto 5.296/2004."
a86c6c93-a691-4f89-957e-7a3e2202356c;sms-rio;Secretaria Municipal de Saúde do Rio de Janeiro — seção informativa;2026-08-18T15:07:59.128409+00:00;https://prefeitura.rio/saude/;1;desktop-1366;probe.landmarks.no-skip-link;probe;incomplete;;moderado;2.4.1;2.4.1;operavel;A;1;cegueira|cognitiva_neurodivergencia|motora;lbi.art63.caput|lbi.art3.iv.d|lbi.art4|dec5296.art47|emag.3.1|lbi.art18|cf.art196|onu.art25|lbi.art3.i;Nenhum link de salto para o conteúdo principal foi encontrado.;A ausência de mecanismo de salto obriga a percorrer repetidamente blocos idênticos, esforço desproporcional vedado pelo conceito de acessibilidade com autonomia do art. 3º, I da LBI.
a86c6c93-a691-4f89-957e-7a3e2202356c;sms-rio;Secretaria Municipal de Saúde do Rio de Janeiro — seção informativa;2026-08-18T15:07:59.128409+00:00;https://prefeitura.rio/saude/;1;desktop-1366;probe.heading-structure.no-h1;probe;fail;moderate;alto;1.3.1;1.3.1;perceptivel;A;1;baixa_visao|cegueira|cognitiva_neurodivergencia;lbi.art63.caput|lbi.art3.iv.d|lbi.art4|dec5296.art47|emag.3.1|lbi.art18|cf.art196|onu.art25|lbi.art74;A página não declara um cabeçalho de primeiro nível (H1).;"Sem estrutura semântica, a tecnologia assistiva não consegue reconstruir a relação entre rótulo e dado; o art. 74 da LBI assegura o acesso a tecnologias assistivas, o que pressupõe conteúdo com elas compatível."
a86c6c93-a691-4f89-957e-7a3e2202356c;sms-rio;Secretaria Municipal de Saúde do Rio de Janeiro — seção informativa;2026-08-18T15:07:59.128409+00:00;https://prefeitura.rio/saude/;1;desktop-1366;probe.heading-structure.level-skip;probe;incomplete;;alto;1.3.1;1.3.1;perceptivel;A;1;baixa_visao|cegueira|cognitiva_neurodivergencia;lbi.art63.caput|lbi.art3.iv.d|lbi.art4|dec5296.art47|emag.3.1|lbi.art18|cf.art196|onu.art25|lbi.art74;1 salto(s) de nível na hierarquia de cabeçalhos.;"Sem estrutura semântica, a tecnologia assistiva não consegue reconstruir a relação entre rótulo e dado; o art. 74 da LBI assegura o acesso a tecnologias assistivas, o que pressupõe conteúdo com elas compatível."
a86c6c93-a691-4f89-957e-7a3e2202356c;sms-rio;Secretaria Municipal de Saúde do Rio de Janeiro — seção informativa;2026-08-18T15:07:59.128409+00:00;https://prefeitura.rio/saude/;1;desktop-1366;probe.positive-tabindex;probe;fail;moderate;alto;2.4.3;2.4.3;operavel;A;1;cegueira|cognitiva_neurodivergencia|motora;lbi.art63.caput|lbi.art3.iv.d|lbi.art4|dec5296.art47|emag.3.1|lbi.art18|cf.art196|onu.art25;1 elemento(s) usam tabindex positivo, alterando a ordem natural de tabulação.;Ordem de foco incoerente induz erro na submissão de dados de saúde, com risco de agendamento equivocado — dano ao acesso ao serviço.
a86c6c93-a691-4f89-957e-7a3e2202356c;sms-rio;Secretaria Municipal de Saúde do Rio de Janeiro — seção informativa;2026-08-18T15:07:59.128409+00:00;https://prefeitura.rio/saude/;1;desktop-1366;probe.placeholder-como-rotulo;probe;fail;serious;alto;3.3.2;3.3.2;compreensivel;A;1;baixa_visao|cegueira|cognitiva_neurodivergencia;lbi.art63.caput|lbi.art3.iv.d|lbi.art4|dec5296.art47|emag.3.1|lbi.art18|cf.art196|onu.art25|lbi.art74|lbi.art3.i;1 campo(s) de formulário são identificados apenas pelo texto de placeholder.;Campo sem rótulo programático torna indeterminável o dado solicitado, inviabilizando o preenchimento autônomo (art. 3º, I, LBI).
a86c6c93-a691-4f89-957e-7a3e2202356c;sms-rio;Secretaria Municipal de Saúde do Rio de Janeiro — seção informativa;2026-08-18T15:07:59.128409+00:00;https://prefeitura.rio/saude/;1;desktop-1366;probe.zoom-lock;probe;fail;serious;alto;1.4.4;1.4.4;perceptivel;AA;1;baixa_visao|cognitiva_neurodivergencia;lbi.art63.caput|lbi.art3.iv.d|lbi.art4|dec5296.art47|emag.3.1|lbi.art18|cf.art196|onu.art25;A página bloqueia a ampliação pelo usuário.;O bloqueio de ampliação nega adaptação razoável, conduta equiparada a discriminação pelo art. 4º, § 1º da LBI.
a86c6c93-a691-4f89-957e-7a3e2202356c;sms-rio;Secretaria Municipal de Saúde do Rio de Janeiro — seção informativa;2026-08-18T15:07:59.128409+00:00;https://prefeitura.rio/saude/;1;desktop-1366;probe.captions.embedded-player;probe;incomplete;;alto;1.2.2;1.2.2;perceptivel;A;1;surdez;lbi.art63.caput|lbi.art3.iv.d|lbi.art4|dec5296.art47|emag.3.1|lbi.art18|cf.art196|onu.art25|dec5626.art26;1 player(s) de terceiros embutidos — região opaca à auditoria automática.;Vídeo de orientação em saúde sem legenda nega à pessoa surda o acesso à informação sanitária, violando o art. 26 do Decreto 5.626/2005 e o direito à atenção integral do art. 18 da LBI.
a86c6c93-a691-4f89-957e-7a3e2202356c;sms-rio;Secretaria Municipal de Saúde do Rio de Janeiro — seção informativa;2026-08-18T15:07:59.128409+00:00;https://prefeitura.rio/saude/;1;desktop-1366;probe.data-cost;probe;fail;serious;alto;;;;;1;baixa_conectividade;cf.art196|lbi.art18|lei13460.art5|cf.art5.xiv;Um único acesso a esta página consome 2.12 MB, ou 0.021% da franquia mensal do plano de referência (0.6 centavo).;O custo de dados exigido para acessar o serviço digital de saúde transfere ao cidadão um ônus econômico como condição de exercício de direito fundamental. Quando esse ônus recai desproporcionalmente sobre a população de menor renda — a mesma que depende exclusivamente do SUS — o acesso deixa de ser universal e igualitário, em desacordo com o art. 196 da CF/88 e com o dever de informação adequada do art. 18, § 4º da Lei 13.146/2015. A parcela do tráfego destinada a terceiros agrava a situação: o usuário custeia recursos que não lhe prestam o serviço público solicitado.
a86c6c93-a691-4f89-957e-7a3e2202356c;sms-rio;Secretaria Municipal de Saúde do Rio de Janeiro — seção informativa;2026-08-18T15:07:59.128409+00:00;https://prefeitura.rio/saude/;1;desktop-1366;probe.readability;heuristic;incomplete;;moderado;;;;;1;cognitiva_neurodivergencia|baixa_conectividade;lbi.art18|lai.art8.par3.viii|lei13460.art5;Legibilidade do conteúdo principal em 0.0 pontos — faixa muito difícil (exige ensino superior).;A publicação de informação de saúde em registro linguístico inacessível à população destinatária esvazia materialmente o dever de oferta de comunicação e informação adequadas (art. 18, § 4º, IV, LBI) e o dever de transparência ativa (art. 8º, § 3º, LAI). A informação torna-se disponível sem se tornar acessível.
2107103d-0c2e-4133-ba81-aa63306b4c00;ses-rj;Secretaria de Estado de Saúde do Rio de Janeiro;2026-08-19T04:04:59.044696+00:00;https://www.saude.rj.gov.br/ouvidoria/participe;1;mobile-320;color-contrast;axe-core;fail;serious;alto;1.4.3;1.4.3;perceptivel;AA;2;baixa_visao|cognitiva_neurodivergencia|visao_de_cores;lbi.art63.caput|lbi.art3.iv.d|lbi.art4|dec5296.art47|emag.3.1|lbi.art18|cf.art196|onu.art25|cf.art5.xiv|lai.art8.par3.viii;Elements must meet minimum color contrast ratio thresholds;"O contraste insuficiente é a barreira de comunicação mais prevalente e atinge diretamente a população idosa usuária do SUS; sua persistência em portal público caracteriza descumprimento continuado do art. 63, caput, da LBI e do art. 47 do Decreto 5.296/2004."
2107103d-0c2e-4133-ba81-aa63306b4c00;ses-rj;Secretaria de Estado de Saúde do Rio de Janeiro;2026-08-19T04:04:59.044696+00:00;https://www.saude.rj.gov.br/ouvidoria/participe;1;mobile-320;html-has-lang;axe-core;fail;serious;alto;3.1.1;3.1.1;compreensivel;A;1;cegueira|cognitiva_neurodivergencia;lbi.art63.caput|lbi.art3.iv.d|lbi.art4|dec5296.art47|emag.3.1|lbi.art18|cf.art196|onu.art25|lbi.art74|cf.art5.xiv|lai.art8.par3.viii;<html> element must have a lang attribute;Sem declaração de idioma, o sintetizador de voz pronuncia o português com fonética estrangeira e a informação em saúde se torna ininteligível — a informação é publicada, mas não é comunicada (art. 3º, IV, 'd', LBI).
2107103d-0c2e-4133-ba81-aa63306b4c00;ses-rj;Secretaria de Estado de Saúde do Rio de Janeiro;2026-08-19T04:04:59.044696+00:00;https://www.saude.rj.gov.br/ouvidoria/participe;1;mobile-320;link-name;axe-core;fail;serious;critico;2.4.4|4.1.2;2.4.4;operavel;A;4;cegueira|cognitiva_neurodivergencia|fala|motora;lbi.art63.caput|lbi.art3.iv.d|lbi.art4|dec5296.art47|emag.3.1|lbi.art18|cf.art196|onu.art25|lbi.art74|onu.art9;Links must have discernible text;Controle sem nome, função ou valor expostos simplesmente não existe para a tecnologia assistiva: o serviço é, para o usuário cego, inexistente. É a forma mais severa de barreira na informação do art. 3º, IV, 'd'.
2107103d-0c2e-4133-ba81-aa63306b4c00;ses-rj;Secretaria de Estado de Saúde do Rio de Janeiro;2026-08-19T04:04:59.044696+00:00;https://www.saude.rj.gov.br/ouvidoria/participe;1;mobile-320;meta-viewport;axe-core;fail;moderate;alto;1.4.4;1.4.4;perceptivel;AA;1;baixa_visao|cognitiva_neurodivergencia;lbi.art63.caput|lbi.art3.iv.d|lbi.art4|dec5296.art47|emag.3.1|lbi.art18|cf.art196|onu.art25;Zooming and scaling must not be disabled;O bloqueio de ampliação nega adaptação razoável, conduta equiparada a discriminação pelo art. 4º, § 1º da LBI.
2107103d-0c2e-4133-ba81-aa63306b4c00;ses-rj;Secretaria de Estado de Saúde do Rio de Janeiro;2026-08-19T04:04:59.044696+00:00;https://www.saude.rj.gov.br/ouvidoria/participe;1;mobile-320;bypass;axe-core;incomplete;;moderado;2.4.1;2.4.1;operavel;A;1;cegueira|cognitiva_neurodivergencia|motora;lbi.art63.caput|lbi.art3.iv.d|lbi.art4|dec5296.art47|emag.3.1|lbi.art18|cf.art196|onu.art25|lbi.art3.i;Page must have means to bypass repeated blocks;A ausência de mecanismo de salto obriga a percorrer repetidamente blocos idênticos, esforço desproporcional vedado pelo conceito de acessibilidade com autonomia do art. 3º, I da LBI.
2107103d-0c2e-4133-ba81-aa63306b4c00;ses-rj;Secretaria de Estado de Saúde do Rio de Janeiro;2026-08-19T04:04:59.044696+00:00;https://www.saude.rj.gov.br/ouvidoria/participe;1;mobile-320;color-contrast;axe-core;incomplete;;alto;1.4.3;1.4.3;perceptivel;AA;8;baixa_visao|cognitiva_neurodivergencia|visao_de_cores;lbi.art63.caput|lbi.art3.iv.d|lbi.art4|dec5296.art47|emag.3.1|lbi.art18|cf.art196|onu.art25|cf.art5.xiv|lai.art8.par3.viii;Elements must meet minimum color contrast ratio thresholds;"O contraste insuficiente é a barreira de comunicação mais prevalente e atinge diretamente a população idosa usuária do SUS; sua persistência em portal público caracteriza descumprimento continuado do art. 63, caput, da LBI e do art. 47 do Decreto 5.296/2004."
2107103d-0c2e-4133-ba81-aa63306b4c00;ses-rj;Secretaria de Estado de Saúde do Rio de Janeiro;2026-08-19T04:04:59.044696+00:00;https://www.saude.rj.gov.br/ouvidoria/participe;1;mobile-320;probe.page-language.missing;probe;fail;serious;alto;3.1.1;3.1.1;compreensivel;A;1;cegueira|cognitiva_neurodivergencia;lbi.art63.caput|lbi.art3.iv.d|lbi.art4|dec5296.art47|emag.3.1|lbi.art18|cf.art196|onu.art25|lbi.art74|cf.art5.xiv|lai.art8.par3.viii;O documento não declara o idioma (atributo lang ausente).;Sem declaração de idioma, o sintetizador de voz pronuncia o português com fonética estrangeira e a informação em saúde se torna ininteligível — a informação é publicada, mas não é comunicada (art. 3º, IV, 'd', LBI).
2107103d-0c2e-4133-ba81-aa63306b4c00;ses-rj;Secretaria de Estado de Saúde do Rio de Janeiro;2026-08-19T04:04:59.044696+00:00;https://www.saude.rj.gov.br/ouvidoria/participe;1;mobile-320;probe.landmarks.no-main;probe;fail;serious;alto;1.3.1;1.3.1;perceptivel;A;1;baixa_visao|cegueira|cognitiva_neurodivergencia;lbi.art63.caput|lbi.art3.iv.d|lbi.art4|dec5296.art47|emag.3.1|lbi.art18|cf.art196|onu.art25|lbi.art74;A página não declara marco de conteúdo principal (<main>).;"Sem estrutura semântica, a tecnologia assistiva não consegue reconstruir a relação entre rótulo e dado; o art. 74 da LBI assegura o acesso a tecnologias assistivas, o que pressupõe conteúdo com elas compatível."
2107103d-0c2e-4133-ba81-aa63306b4c00;ses-rj;Secretaria de Estado de Saúde do Rio de Janeiro;2026-08-19T04:04:59.044696+00:00;https://www.saude.rj.gov.br/ouvidoria/participe;1;mobile-320;probe.landmarks.no-skip-link;probe;fail;moderate;moderado;2.4.1;2.4.1;operavel;A;1;cegueira|cognitiva_neurodivergencia|motora;lbi.art63.caput|lbi.art3.iv.d|lbi.art4|dec5296.art47|emag.3.1|lbi.art18|cf.art196|onu.art25|lbi.art3.i;Nenhum link de salto para o conteúdo principal foi encontrado.;A ausência de mecanismo de salto obriga a percorrer repetidamente blocos idênticos, esforço desproporcional vedado pelo conceito de acessibilidade com autonomia do art. 3º, I da LBI.
2107103d-0c2e-4133-ba81-aa63306b4c00;ses-rj;Secretaria de Estado de Saúde do Rio de Janeiro;2026-08-19T04:04:59.044696+00:00;https://www.saude.rj.gov.br/ouvidoria/participe;1;mobile-320;probe.heading-structure.none;probe;fail;serious;alto;1.3.1|2.4.6;1.3.1;perceptivel;A;1;baixa_visao|cegueira|cognitiva_neurodivergencia;lbi.art63.caput|lbi.art3.iv.d|lbi.art4|dec5296.art47|emag.3.1|lbi.art18|cf.art196|onu.art25|lbi.art74|cf.art5.xiv|lai.art8.par3.viii;A página não possui nenhum cabeçalho.;"Sem estrutura semântica, a tecnologia assistiva não consegue reconstruir a relação entre rótulo e dado; o art. 74 da LBI assegura o acesso a tecnologias assistivas, o que pressupõe conteúdo com elas compatível."
2107103d-0c2e-4133-ba81-aa63306b4c00;ses-rj;Secretaria de Estado de Saúde do Rio de Janeiro;2026-08-19T04:04:59.044696+00:00;https://www.saude.rj.gov.br/ouvidoria/participe;1;mobile-320;probe.reflow-320;probe;fail;serious;alto;1.4.10;1.4.10;perceptivel;AA;12;baixa_visao|cognitiva_neurodivergencia|motora;lbi.art63.caput|lbi.art3.iv.d|lbi.art4|dec5296.art47|emag.3.1|lbi.art18|cf.art196|onu.art25|lei13460.art5;A página exige rolagem horizontal em tela de 320 px (30 px de transbordo).;"O acesso majoritário aos serviços públicos de saúde no Brasil se dá por telefone celular; a exigência de rolagem bidirecional em telas estreitas inviabiliza o uso e frustra o acesso universal do art. 196 da CF/88."
2107103d-0c2e-4133-ba81-aa63306b4c00;ses-rj;Secretaria de Estado de Saúde do Rio de Janeiro;2026-08-19T04:04:59.044696+00:00;https://www.saude.rj.gov.br/ouvidoria/participe;1;mobile-320;probe.zoom-lock;probe;fail;serious;alto;1.4.4;1.4.4;perceptivel;AA;1;baixa_visao|cognitiva_neurodivergencia;lbi.art63.caput|lbi.art3.iv.d|lbi.art4|dec5296.art47|emag.3.1|lbi.art18|cf.art196|onu.art25;A página bloqueia a ampliação pelo usuário.;O bloqueio de ampliação nega adaptação razoável, conduta equiparada a discriminação pelo art. 4º, § 1º da LBI.
2107103d-0c2e-4133-ba81-aa63306b4c00;ses-rj;Secretaria de Estado de Saúde do Rio de Janeiro;2026-08-19T04:04:59.044696+00:00;https://www.saude.rj.gov.br/ouvidoria/participe;1;desktop-1366;color-contrast;axe-core;fail;serious;alto;1.4.3;1.4.3;perceptivel;AA;6;baixa_visao|cognitiva_neurodivergencia|visao_de_cores;lbi.art63.caput|lbi.art3.iv.d|lbi.art4|dec5296.art47|emag.3.1|lbi.art18|cf.art196|onu.art25|cf.art5.xiv|lai.art8.par3.viii;Elements must meet minimum color contrast ratio thresholds;"O contraste insuficiente é a barreira de comunicação mais prevalente e atinge diretamente a população idosa usuária do SUS; sua persistência em portal público caracteriza descumprimento continuado do art. 63, caput, da LBI e do art. 47 do Decreto 5.296/2004."
2107103d-0c2e-4133-ba81-aa63306b4c00;ses-rj;Secretaria de Estado de Saúde do Rio de Janeiro;2026-08-19T04:04:59.044696+00:00;https://www.saude.rj.gov.br/ouvidoria/participe;1;desktop-1366;html-has-lang;axe-core;fail;serious;alto;3.1.1;3.1.1;compreensivel;A;1;cegueira|cognitiva_neurodivergencia;lbi.art63.caput|lbi.art3.iv.d|lbi.art4|dec5296.art47|emag.3.1|lbi.art18|cf.art196|onu.art25|lbi.art74|cf.art5.xiv|lai.art8.par3.viii;<html> element must have a lang attribute;Sem declaração de idioma, o sintetizador de voz pronuncia o português com fonética estrangeira e a informação em saúde se torna ininteligível — a informação é publicada, mas não é comunicada (art. 3º, IV, 'd', LBI).
2107103d-0c2e-4133-ba81-aa63306b4c00;ses-rj;Secretaria de Estado de Saúde do Rio de Janeiro;2026-08-19T04:04:59.044696+00:00;https://www.saude.rj.gov.br/ouvidoria/participe;1;desktop-1366;input-image-alt;axe-core;fail;critical;critico;1.1.1|4.1.2;1.1.1;perceptivel;A;1;baixa_conectividade|baixa_visao|cegueira|cognitiva_neurodivergencia|fala|motora;lbi.art63.caput|lbi.art3.iv.d|lbi.art4|dec5296.art47|emag.3.1|lbi.art18|cf.art196|onu.art25|lbi.art74|cf.art5.xiv|lai.art8.par3.viii|onu.art9;Image buttons must have alternative text;Controle sem nome, função ou valor expostos simplesmente não existe para a tecnologia assistiva: o serviço é, para o usuário cego, inexistente. É a forma mais severa de barreira na informação do art. 3º, IV, 'd'.
2107103d-0c2e-4133-ba81-aa63306b4c00;ses-rj;Secretaria de Estado de Saúde do Rio de Janeiro;2026-08-19T04:04:59.044696+00:00;https://www.saude.rj.gov.br/ouvidoria/participe;1;desktop-1366;label;axe-core;fail;critical;critico;4.1.2;4.1.2;robusto;A;1;cegueira|fala|motora;lbi.art63.caput|lbi.art3.iv.d|lbi.art4|dec5296.art47|emag.3.1|lbi.art18|cf.art196|onu.art25|lbi.art74|onu.art9;Form elements must have labels;Controle sem nome, função ou valor expostos simplesmente não existe para a tecnologia assistiva: o serviço é, para o usuário cego, inexistente. É a forma mais severa de barreira na informação do art. 3º, IV, 'd'.
2107103d-0c2e-4133-ba81-aa63306b4c00;ses-rj;Secretaria de Estado de Saúde do Rio de Janeiro;2026-08-19T04:04:59.044696+00:00;https://www.saude.rj.gov.br/ouvidoria/participe;1;desktop-1366;link-name;axe-core;fail;serious;critico;2.4.4|4.1.2;2.4.4;operavel;A;2;cegueira|cognitiva_neurodivergencia|fala|motora;lbi.art63.caput|lbi.art3.iv.d|lbi.art4|dec5296.art47|emag.3.1|lbi.art18|cf.art196|onu.art25|lbi.art74|onu.art9;Links must have discernible text;Controle sem nome, função ou valor expostos simplesmente não existe para a tecnologia assistiva: o serviço é, para o usuário cego, inexistente. É a forma mais severa de barreira na informação do art. 3º, IV, 'd'.
2107103d-0c2e-4133-ba81-aa63306b4c00;ses-rj;Secretaria de Estado de Saúde do Rio de Janeiro;2026-08-19T04:04:59.044696+00:00;https://www.saude.rj.gov.br/ouvidoria/participe;1;desktop-1366;meta-viewport;axe-core;fail;moderate;alto;1.4.4;1.4.4;perceptivel;AA;1;baixa_visao|cognitiva_neurodivergencia;lbi.art63.caput|lbi.art3.iv.d|lbi.art4|dec5296.art47|emag.3.1|lbi.art18|cf.art196|onu.art25;Zooming and scaling must not be disabled;O bloqueio de ampliação nega adaptação razoável, conduta equiparada a discriminação pelo art. 4º, § 1º da LBI.
2107103d-0c2e-4133-ba81-aa63306b4c00;ses-rj;Secretaria de Estado de Saúde do Rio de Janeiro;2026-08-19T04:04:59.044696+00:00;https://www.saude.rj.gov.br/ouvidoria/participe;1;desktop-1366;bypass;axe-core;incomplete;;moderado;2.4.1;2.4.1;operavel;A;1;cegueira|cognitiva_neurodivergencia|motora;lbi.art63.caput|lbi.art3.iv.d|lbi.art4|dec5296.art47|emag.3.1|lbi.art18|cf.art196|onu.art25|lbi.art3.i;Page must have means to bypass repeated blocks;A ausência de mecanismo de salto obriga a percorrer repetidamente blocos idênticos, esforço desproporcional vedado pelo conceito de acessibilidade com autonomia do art. 3º, I da LBI.
2107103d-0c2e-4133-ba81-aa63306b4c00;ses-rj;Secretaria de Estado de Saúde do Rio de Janeiro;2026-08-19T04:04:59.044696+00:00;https://www.saude.rj.gov.br/ouvidoria/participe;1;desktop-1366;color-contrast;axe-core;incomplete;;alto;1.4.3;1.4.3;perceptivel;AA;13;baixa_visao|cognitiva_neurodivergencia|visao_de_cores;lbi.art63.caput|lbi.art3.iv.d|lbi.art4|dec5296.art47|emag.3.1|lbi.art18|cf.art196|onu.art25|cf.art5.xiv|lai.art8.par3.viii;Elements must meet minimum color contrast ratio thresholds;"O contraste insuficiente é a barreira de comunicação mais prevalente e atinge diretamente a população idosa usuária do SUS; sua persistência em portal público caracteriza descumprimento continuado do art. 63, caput, da LBI e do art. 47 do Decreto 5.296/2004."
2107103d-0c2e-4133-ba81-aa63306b4c00;ses-rj;Secretaria de Estado de Saúde do Rio de Janeiro;2026-08-19T04:04:59.044696+00:00;https://www.saude.rj.gov.br/ouvidoria/participe;1;desktop-1366;probe.page-language.missing;probe;fail;serious;alto;3.1.1;3.1.1;compreensivel;A;1;cegueira|cognitiva_neurodivergencia;lbi.art63.caput|lbi.art3.iv.d|lbi.art4|dec5296.art47|emag.3.1|lbi.art18|cf.art196|onu.art25|lbi.art74|cf.art5.xiv|lai.art8.par3.viii;O documento não declara o idioma (atributo lang ausente).;Sem declaração de idioma, o sintetizador de voz pronuncia o português com fonética estrangeira e a informação em saúde se torna ininteligível — a informação é publicada, mas não é comunicada (art. 3º, IV, 'd', LBI).
2107103d-0c2e-4133-ba81-aa63306b4c00;ses-rj;Secretaria de Estado de Saúde do Rio de Janeiro;2026-08-19T04:04:59.044696+00:00;https://www.saude.rj.gov.br/ouvidoria/participe;1;desktop-1366;probe.landmarks.no-main;probe;fail;serious;alto;1.3.1;1.3.1;perceptivel;A;1;baixa_visao|cegueira|cognitiva_neurodivergencia;lbi.art63.caput|lbi.art3.iv.d|lbi.art4|dec5296.art47|emag.3.1|lbi.art18|cf.art196|onu.art25|lbi.art74;A página não declara marco de conteúdo principal (<main>).;"Sem estrutura semântica, a tecnologia assistiva não consegue reconstruir a relação entre rótulo e dado; o art. 74 da LBI assegura o acesso a tecnologias assistivas, o que pressupõe conteúdo com elas compatível."
2107103d-0c2e-4133-ba81-aa63306b4c00;ses-rj;Secretaria de Estado de Saúde do Rio de Janeiro;2026-08-19T04:04:59.044696+00:00;https://www.saude.rj.gov.br/ouvidoria/participe;1;desktop-1366;probe.landmarks.no-skip-link;probe;fail;moderate;moderado;2.4.1;2.4.1;operavel;A;1;cegueira|cognitiva_neurodivergencia|motora;lbi.art63.caput|lbi.art3.iv.d|lbi.art4|dec5296.art47|emag.3.1|lbi.art18|cf.art196|onu.art25|lbi.art3.i;Nenhum link de salto para o conteúdo principal foi encontrado.;A ausência de mecanismo de salto obriga a percorrer repetidamente blocos idênticos, esforço desproporcional vedado pelo conceito de acessibilidade com autonomia do art. 3º, I da LBI.
2107103d-0c2e-4133-ba81-aa63306b4c00;ses-rj;Secretaria de Estado de Saúde do Rio de Janeiro;2026-08-19T04:04:59.044696+00:00;https://www.saude.rj.gov.br/ouvidoria/participe;1;desktop-1366;probe.heading-structure.none;probe;fail;serious;alto;1.3.1|2.4.6;1.3.1;perceptivel;A;1;baixa_visao|cegueira|cognitiva_neurodivergencia;lbi.art63.caput|lbi.art3.iv.d|lbi.art4|dec5296.art47|emag.3.1|lbi.art18|cf.art196|onu.art25|lbi.art74|cf.art5.xiv|lai.art8.par3.viii;A página não possui nenhum cabeçalho.;"Sem estrutura semântica, a tecnologia assistiva não consegue reconstruir a relação entre rótulo e dado; o art. 74 da LBI assegura o acesso a tecnologias assistivas, o que pressupõe conteúdo com elas compatível."
2107103d-0c2e-4133-ba81-aa63306b4c00;ses-rj;Secretaria de Estado de Saúde do Rio de Janeiro;2026-08-19T04:04:59.044696+00:00;https://www.saude.rj.gov.br/ouvidoria/participe;1;desktop-1366;probe.zoom-lock;probe;fail;serious;alto;1.4.4;1.4.4;perceptivel;AA;1;baixa_visao|cognitiva_neurodivergencia;lbi.art63.caput|lbi.art3.iv.d|lbi.art4|dec5296.art47|emag.3.1|lbi.art18|cf.art196|onu.art25;A página bloqueia a ampliação pelo usuário.;O bloqueio de ampliação nega adaptação razoável, conduta equiparada a discriminação pelo art. 4º, § 1º da LBI.
2107103d-0c2e-4133-ba81-aa63306b4c00;ses-rj;Secretaria de Estado de Saúde do Rio de Janeiro;2026-08-19T04:04:59.044696+00:00;https://www.saude.rj.gov.br/ouvidoria/participe;1;desktop-1366;probe.readability;heuristic;incomplete;;moderado;;;;;1;cognitiva_neurodivergencia|baixa_conectividade;lbi.art18|lai.art8.par3.viii|lei13460.art5;Legibilidade do conteúdo principal em 0.0 pontos — faixa muito difícil (exige ensino superior).;A publicação de informação de saúde em registro linguístico inacessível à população destinatária esvazia materialmente o dever de oferta de comunicação e informação adequadas (art. 18, § 4º, IV, LBI) e o dever de transparência ativa (art. 8º, § 3º, LAI). A informação torna-se disponível sem se tornar acessível.
10c21fb5-427f-4aa1-9b87-4cc5bb722875;ses-rj;Secretaria de Estado de Saúde do Rio de Janeiro;2026-08-18T21:51:55.797113+00:00;https://www.saude.rj.gov.br/ouvidoria/participe;1;mobile-320;color-contrast;axe-core;fail;serious;alto;1.4.3;1.4.3;perceptivel;AA;2;baixa_visao|cognitiva_neurodivergencia|visao_de_cores;lbi.art63.caput|lbi.art3.iv.d|lbi.art4|dec5296.art47|emag.3.1|lbi.art18|cf.art196|onu.art25|cf.art5.xiv|lai.art8.par3.viii;Elements must meet minimum color contrast ratio thresholds;"O contraste insuficiente é a barreira de comunicação mais prevalente e atinge diretamente a população idosa usuária do SUS; sua persistência em portal público caracteriza descumprimento continuado do art. 63, caput, da LBI e do art. 47 do Decreto 5.296/2004."
10c21fb5-427f-4aa1-9b87-4cc5bb722875;ses-rj;Secretaria de Estado de Saúde do Rio de Janeiro;2026-08-18T21:51:55.797113+00:00;https://www.saude.rj.gov.br/ouvidoria/participe;1;mobile-320;html-has-lang;axe-core;fail;serious;alto;3.1.1;3.1.1;compreensivel;A;1;cegueira|cognitiva_neurodivergencia;lbi.art63.caput|lbi.art3.iv.d|lbi.art4|dec5296.art47|emag.3.1|lbi.art18|cf.art196|onu.art25|lbi.art74|cf.art5.xiv|lai.art8.par3.viii;<html> element must have a lang attribute;Sem declaração de idioma, o sintetizador de voz pronuncia o português com fonética estrangeira e a informação em saúde se torna ininteligível — a informação é publicada, mas não é comunicada (art. 3º, IV, 'd', LBI).
10c21fb5-427f-4aa1-9b87-4cc5bb722875;ses-rj;Secretaria de Estado de Saúde do Rio de Janeiro;2026-08-18T21:51:55.797113+00:00;https://www.saude.rj.gov.br/ouvidoria/participe;1;mobile-320;link-name;axe-core;fail;serious;critico;2.4.4|4.1.2;2.4.4;operavel;A;4;cegueira|cognitiva_neurodivergencia|fala|motora;lbi.art63.caput|lbi.art3.iv.d|lbi.art4|dec5296.art47|emag.3.1|lbi.art18|cf.art196|onu.art25|lbi.art74|onu.art9;Links must have discernible text;Controle sem nome, função ou valor expostos simplesmente não existe para a tecnologia assistiva: o serviço é, para o usuário cego, inexistente. É a forma mais severa de barreira na informação do art. 3º, IV, 'd'.
10c21fb5-427f-4aa1-9b87-4cc5bb722875;ses-rj;Secretaria de Estado de Saúde do Rio de Janeiro;2026-08-18T21:51:55.797113+00:00;https://www.saude.rj.gov.br/ouvidoria/participe;1;mobile-320;meta-viewport;axe-core;fail;moderate;alto;1.4.4;1.4.4;perceptivel;AA;1;baixa_visao|cognitiva_neurodivergencia;lbi.art63.caput|lbi.art3.iv.d|lbi.art4|dec5296.art47|emag.3.1|lbi.art18|cf.art196|onu.art25;Zooming and scaling must not be disabled;O bloqueio de ampliação nega adaptação razoável, conduta equiparada a discriminação pelo art. 4º, § 1º da LBI.
10c21fb5-427f-4aa1-9b87-4cc5bb722875;ses-rj;Secretaria de Estado de Saúde do Rio de Janeiro;2026-08-18T21:51:55.797113+00:00;https://www.saude.rj.gov.br/ouvidoria/participe;1;mobile-320;bypass;axe-core;incomplete;;moderado;2.4.1;2.4.1;operavel;A;1;cegueira|cognitiva_neurodivergencia|motora;lbi.art63.caput|lbi.art3.iv.d|lbi.art4|dec5296.art47|emag.3.1|lbi.art18|cf.art196|onu.art25|lbi.art3.i;Page must have means to bypass repeated blocks;A ausência de mecanismo de salto obriga a percorrer repetidamente blocos idênticos, esforço desproporcional vedado pelo conceito de acessibilidade com autonomia do art. 3º, I da LBI.
10c21fb5-427f-4aa1-9b87-4cc5bb722875;ses-rj;Secretaria de Estado de Saúde do Rio de Janeiro;2026-08-18T21:51:55.797113+00:00;https://www.saude.rj.gov.br/ouvidoria/participe;1;mobile-320;color-contrast;axe-core;incomplete;;alto;1.4.3;1.4.3;perceptivel;AA;8;baixa_visao|cognitiva_neurodivergencia|visao_de_cores;lbi.art63.caput|lbi.art3.iv.d|lbi.art4|dec5296.art47|emag.3.1|lbi.art18|cf.art196|onu.art25|cf.art5.xiv|lai.art8.par3.viii;Elements must meet minimum color contrast ratio thresholds;"O contraste insuficiente é a barreira de comunicação mais prevalente e atinge diretamente a população idosa usuária do SUS; sua persistência em portal público caracteriza descumprimento continuado do art. 63, caput, da LBI e do art. 47 do Decreto 5.296/2004."
10c21fb5-427f-4aa1-9b87-4cc5bb722875;ses-rj;Secretaria de Estado de Saúde do Rio de Janeiro;2026-08-18T21:51:55.797113+00:00;https://www.saude.rj.gov.br/ouvidoria/participe;1;mobile-320;probe.page-language.missing;probe;fail;serious;alto;3.1.1;3.1.1;compreensivel;A;1;cegueira|cognitiva_neurodivergencia;lbi.art63.caput|lbi.art3.iv.d|lbi.art4|dec5296.art47|emag.3.1|lbi.art18|cf.art196|onu.art25|lbi.art74|cf.art5.xiv|lai.art8.par3.viii;O documento não declara o idioma (atributo lang ausente).;Sem declaração de idioma, o sintetizador de voz pronuncia o português com fonética estrangeira e a informação em saúde se torna ininteligível — a informação é publicada, mas não é comunicada (art. 3º, IV, 'd', LBI).
10c21fb5-427f-4aa1-9b87-4cc5bb722875;ses-rj;Secretaria de Estado de Saúde do Rio de Janeiro;2026-08-18T21:51:55.797113+00:00;https://www.saude.rj.gov.br/ouvidoria/participe;1;mobile-320;probe.landmarks.no-main;probe;fail;serious;alto;1.3.1;1.3.1;perceptivel;A;1;baixa_visao|cegueira|cognitiva_neurodivergencia;lbi.art63.caput|lbi.art3.iv.d|lbi.art4|dec5296.art47|emag.3.1|lbi.art18|cf.art196|onu.art25|lbi.art74;A página não declara marco de conteúdo principal (<main>).;"Sem estrutura semântica, a tecnologia assistiva não consegue reconstruir a relação entre rótulo e dado; o art. 74 da LBI assegura o acesso a tecnologias assistivas, o que pressupõe conteúdo com elas compatível."
10c21fb5-427f-4aa1-9b87-4cc5bb722875;ses-rj;Secretaria de Estado de Saúde do Rio de Janeiro;2026-08-18T21:51:55.797113+00:00;https://www.saude.rj.gov.br/ouvidoria/participe;1;mobile-320;probe.landmarks.no-skip-link;probe;fail;moderate;moderado;2.4.1;2.4.1;operavel;A;1;cegueira|cognitiva_neurodivergencia|motora;lbi.art63.caput|lbi.art3.iv.d|lbi.art4|dec5296.art47|emag.3.1|lbi.art18|cf.art196|onu.art25|lbi.art3.i;Nenhum link de salto para o conteúdo principal foi encontrado.;A ausência de mecanismo de salto obriga a percorrer repetidamente blocos idênticos, esforço desproporcional vedado pelo conceito de acessibilidade com autonomia do art. 3º, I da LBI.
10c21fb5-427f-4aa1-9b87-4cc5bb722875;ses-rj;Secretaria de Estado de Saúde do Rio de Janeiro;2026-08-18T21:51:55.797113+00:00;https://www.saude.rj.gov.br/ouvidoria/participe;1;mobile-320;probe.heading-structure.none;probe;fail;serious;alto;1.3.1|2.4.6;1.3.1;perceptivel;A;1;baixa_visao|cegueira|cognitiva_neurodivergencia;lbi.art63.caput|lbi.art3.iv.d|lbi.art4|dec5296.art47|emag.3.1|lbi.art18|cf.art196|onu.art25|lbi.art74|cf.art5.xiv|lai.art8.par3.viii;A página não possui nenhum cabeçalho.;"Sem estrutura semântica, a tecnologia assistiva não consegue reconstruir a relação entre rótulo e dado; o art. 74 da LBI assegura o acesso a tecnologias assistivas, o que pressupõe conteúdo com elas compatível."
10c21fb5-427f-4aa1-9b87-4cc5bb722875;ses-rj;Secretaria de Estado de Saúde do Rio de Janeiro;2026-08-18T21:51:55.797113+00:00;https://www.saude.rj.gov.br/ouvidoria/participe;1;mobile-320;probe.reflow-320;probe;fail;serious;alto;1.4.10;1.4.10;perceptivel;AA;12;baixa_visao|cognitiva_neurodivergencia|motora;lbi.art63.caput|lbi.art3.iv.d|lbi.art4|dec5296.art47|emag.3.1|lbi.art18|cf.art196|onu.art25|lei13460.art5;A página exige rolagem horizontal em tela de 320 px (30 px de transbordo).;"O acesso majoritário aos serviços públicos de saúde no Brasil se dá por telefone celular; a exigência de rolagem bidirecional em telas estreitas inviabiliza o uso e frustra o acesso universal do art. 196 da CF/88."
10c21fb5-427f-4aa1-9b87-4cc5bb722875;ses-rj;Secretaria de Estado de Saúde do Rio de Janeiro;2026-08-18T21:51:55.797113+00:00;https://www.saude.rj.gov.br/ouvidoria/participe;1;mobile-320;probe.zoom-lock;probe;fail;serious;alto;1.4.4;1.4.4;perceptivel;AA;1;baixa_visao|cognitiva_neurodivergencia;lbi.art63.caput|lbi.art3.iv.d|lbi.art4|dec5296.art47|emag.3.1|lbi.art18|cf.art196|onu.art25;A página bloqueia a ampliação pelo usuário.;O bloqueio de ampliação nega adaptação razoável, conduta equiparada a discriminação pelo art. 4º, § 1º da LBI.
10c21fb5-427f-4aa1-9b87-4cc5bb722875;ses-rj;Secretaria de Estado de Saúde do Rio de Janeiro;2026-08-18T21:51:55.797113+00:00;https://www.saude.rj.gov.br/ouvidoria/participe;1;desktop-1366;color-contrast;axe-core;fail;serious;alto;1.4.3;1.4.3;perceptivel;AA;6;baixa_visao|cognitiva_neurodivergencia|visao_de_cores;lbi.art63.caput|lbi.art3.iv.d|lbi.art4|dec5296.art47|emag.3.1|lbi.art18|cf.art196|onu.art25|cf.art5.xiv|lai.art8.par3.viii;Elements must meet minimum color contrast ratio thresholds;"O contraste insuficiente é a barreira de comunicação mais prevalente e atinge diretamente a população idosa usuária do SUS; sua persistência em portal público caracteriza descumprimento continuado do art. 63, caput, da LBI e do art. 47 do Decreto 5.296/2004."
10c21fb5-427f-4aa1-9b87-4cc5bb722875;ses-rj;Secretaria de Estado de Saúde do Rio de Janeiro;2026-08-18T21:51:55.797113+00:00;https://www.saude.rj.gov.br/ouvidoria/participe;1;desktop-1366;html-has-lang;axe-core;fail;serious;alto;3.1.1;3.1.1;compreensivel;A;1;cegueira|cognitiva_neurodivergencia;lbi.art63.caput|lbi.art3.iv.d|lbi.art4|dec5296.art47|emag.3.1|lbi.art18|cf.art196|onu.art25|lbi.art74|cf.art5.xiv|lai.art8.par3.viii;<html> element must have a lang attribute;Sem declaração de idioma, o sintetizador de voz pronuncia o português com fonética estrangeira e a informação em saúde se torna ininteligível — a informação é publicada, mas não é comunicada (art. 3º, IV, 'd', LBI).
10c21fb5-427f-4aa1-9b87-4cc5bb722875;ses-rj;Secretaria de Estado de Saúde do Rio de Janeiro;2026-08-18T21:51:55.797113+00:00;https://www.saude.rj.gov.br/ouvidoria/participe;1;desktop-1366;input-image-alt;axe-core;fail;critical;critico;1.1.1|4.1.2;1.1.1;perceptivel;A;1;baixa_conectividade|baixa_visao|cegueira|cognitiva_neurodivergencia|fala|motora;lbi.art63.caput|lbi.art3.iv.d|lbi.art4|dec5296.art47|emag.3.1|lbi.art18|cf.art196|onu.art25|lbi.art74|cf.art5.xiv|lai.art8.par3.viii|onu.art9;Image buttons must have alternative text;Controle sem nome, função ou valor expostos simplesmente não existe para a tecnologia assistiva: o serviço é, para o usuário cego, inexistente. É a forma mais severa de barreira na informação do art. 3º, IV, 'd'.
10c21fb5-427f-4aa1-9b87-4cc5bb722875;ses-rj;Secretaria de Estado de Saúde do Rio de Janeiro;2026-08-18T21:51:55.797113+00:00;https://www.saude.rj.gov.br/ouvidoria/participe;1;desktop-1366;label;axe-core;fail;critical;critico;4.1.2;4.1.2;robusto;A;1;cegueira|fala|motora;lbi.art63.caput|lbi.art3.iv.d|lbi.art4|dec5296.art47|emag.3.1|lbi.art18|cf.art196|onu.art25|lbi.art74|onu.art9;Form elements must have labels;Controle sem nome, função ou valor expostos simplesmente não existe para a tecnologia assistiva: o serviço é, para o usuário cego, inexistente. É a forma mais severa de barreira na informação do art. 3º, IV, 'd'.
10c21fb5-427f-4aa1-9b87-4cc5bb722875;ses-rj;Secretaria de Estado de Saúde do Rio de Janeiro;2026-08-18T21:51:55.797113+00:00;https://www.saude.rj.gov.br/ouvidoria/participe;1;desktop-1366;link-name;axe-core;fail;serious;critico;2.4.4|4.1.2;2.4.4;operavel;A;2;cegueira|cognitiva_neurodivergencia|fala|motora;lbi.art63.caput|lbi.art3.iv.d|lbi.art4|dec5296.art47|emag.3.1|lbi.art18|cf.art196|onu.art25|lbi.art74|onu.art9;Links must have discernible text;Controle sem nome, função ou valor expostos simplesmente não existe para a tecnologia assistiva: o serviço é, para o usuário cego, inexistente. É a forma mais severa de barreira na informação do art. 3º, IV, 'd'.
10c21fb5-427f-4aa1-9b87-4cc5bb722875;ses-rj;Secretaria de Estado de Saúde do Rio de Janeiro;2026-08-18T21:51:55.797113+00:00;https://www.saude.rj.gov.br/ouvidoria/participe;1;desktop-1366;meta-viewport;axe-core;fail;moderate;alto;1.4.4;1.4.4;perceptivel;AA;1;baixa_visao|cognitiva_neurodivergencia;lbi.art63.caput|lbi.art3.iv.d|lbi.art4|dec5296.art47|emag.3.1|lbi.art18|cf.art196|onu.art25;Zooming and scaling must not be disabled;O bloqueio de ampliação nega adaptação razoável, conduta equiparada a discriminação pelo art. 4º, § 1º da LBI.
10c21fb5-427f-4aa1-9b87-4cc5bb722875;ses-rj;Secretaria de Estado de Saúde do Rio de Janeiro;2026-08-18T21:51:55.797113+00:00;https://www.saude.rj.gov.br/ouvidoria/participe;1;desktop-1366;bypass;axe-core;incomplete;;moderado;2.4.1;2.4.1;operavel;A;1;cegueira|cognitiva_neurodivergencia|motora;lbi.art63.caput|lbi.art3.iv.d|lbi.art4|dec5296.art47|emag.3.1|lbi.art18|cf.art196|onu.art25|lbi.art3.i;Page must have means to bypass repeated blocks;A ausência de mecanismo de salto obriga a percorrer repetidamente blocos idênticos, esforço desproporcional vedado pelo conceito de acessibilidade com autonomia do art. 3º, I da LBI.
10c21fb5-427f-4aa1-9b87-4cc5bb722875;ses-rj;Secretaria de Estado de Saúde do Rio de Janeiro;2026-08-18T21:51:55.797113+00:00;https://www.saude.rj.gov.br/ouvidoria/participe;1;desktop-1366;color-contrast;axe-core;incomplete;;alto;1.4.3;1.4.3;perceptivel;AA;13;baixa_visao|cognitiva_neurodivergencia|visao_de_cores;lbi.art63.caput|lbi.art3.iv.d|lbi.art4|dec5296.art47|emag.3.1|lbi.art18|cf.art196|onu.art25|cf.art5.xiv|lai.art8.par3.viii;Elements must meet minimum color contrast ratio thresholds;"O contraste insuficiente é a barreira de comunicação mais prevalente e atinge diretamente a população idosa usuária do SUS; sua persistência em portal público caracteriza descumprimento continuado do art. 63, caput, da LBI e do art. 47 do Decreto 5.296/2004."
10c21fb5-427f-4aa1-9b87-4cc5bb722875;ses-rj;Secretaria de Estado de Saúde do Rio de Janeiro;2026-08-18T21:51:55.797113+00:00;https://www.saude.rj.gov.br/ouvidoria/participe;1;desktop-1366;probe.page-language.missing;probe;fail;serious;alto;3.1.1;3.1.1;compreensivel;A;1;cegueira|cognitiva_neurodivergencia;lbi.art63.caput|lbi.art3.iv.d|lbi.art4|dec5296.art47|emag.3.1|lbi.art18|cf.art196|onu.art25|lbi.art74|cf.art5.xiv|lai.art8.par3.viii;O documento não declara o idioma (atributo lang ausente).;Sem declaração de idioma, o sintetizador de voz pronuncia o português com fonética estrangeira e a informação em saúde se torna ininteligível — a informação é publicada, mas não é comunicada (art. 3º, IV, 'd', LBI).
10c21fb5-427f-4aa1-9b87-4cc5bb722875;ses-rj;Secretaria de Estado de Saúde do Rio de Janeiro;2026-08-18T21:51:55.797113+00:00;https://www.saude.rj.gov.br/ouvidoria/participe;1;desktop-1366;probe.landmarks.no-main;probe;fail;serious;alto;1.3.1;1.3.1;perceptivel;A;1;baixa_visao|cegueira|cognitiva_neurodivergencia;lbi.art63.caput|lbi.art3.iv.d|lbi.art4|dec5296.art47|emag.3.1|lbi.art18|cf.art196|onu.art25|lbi.art74;A página não declara marco de conteúdo principal (<main>).;"Sem estrutura semântica, a tecnologia assistiva não consegue reconstruir a relação entre rótulo e dado; o art. 74 da LBI assegura o acesso a tecnologias assistivas, o que pressupõe conteúdo com elas compatível."
10c21fb5-427f-4aa1-9b87-4cc5bb722875;ses-rj;Secretaria de Estado de Saúde do Rio de Janeiro;2026-08-18T21:51:55.797113+00:00;https://www.saude.rj.gov.br/ouvidoria/participe;1;desktop-1366;probe.landmarks.no-skip-link;probe;fail;moderate;moderado;2.4.1;2.4.1;operavel;A;1;cegueira|cognitiva_neurodivergencia|motora;lbi.art63.caput|lbi.art3.iv.d|lbi.art4|dec5296.art47|emag.3.1|lbi.art18|cf.art196|onu.art25|lbi.art3.i;Nenhum link de salto para o conteúdo principal foi encontrado.;A ausência de mecanismo de salto obriga a percorrer repetidamente blocos idênticos, esforço desproporcional vedado pelo conceito de acessibilidade com autonomia do art. 3º, I da LBI.
10c21fb5-427f-4aa1-9b87-4cc5bb722875;ses-rj;Secretaria de Estado de Saúde do Rio de Janeiro;2026-08-18T21:51:55.797113+00:00;https://www.saude.rj.gov.br/ouvidoria/participe;1;desktop-1366;probe.heading-structure.none;probe;fail;serious;alto;1.3.1|2.4.6;1.3.1;perceptivel;A;1;baixa_visao|cegueira|cognitiva_neurodivergencia;lbi.art63.caput|lbi.art3.iv.d|lbi.art4|dec5296.art47|emag.3.1|lbi.art18|cf.art196|onu.art25|lbi.art74|cf.art5.xiv|lai.art8.par3.viii;A página não possui nenhum cabeçalho.;"Sem estrutura semântica, a tecnologia assistiva não consegue reconstruir a relação entre rótulo e dado; o art. 74 da LBI assegura o acesso a tecnologias assistivas, o que pressupõe conteúdo com elas compatível."
10c21fb5-427f-4aa1-9b87-4cc5bb722875;ses-rj;Secretaria de Estado de Saúde do Rio de Janeiro;2026-08-18T21:51:55.797113+00:00;https://www.saude.rj.gov.br/ouvidoria/participe;1;desktop-1366;probe.zoom-lock;probe;fail;serious;alto;1.4.4;1.4.4;perceptivel;AA;1;baixa_visao|cognitiva_neurodivergencia;lbi.art63.caput|lbi.art3.iv.d|lbi.art4|dec5296.art47|emag.3.1|lbi.art18|cf.art196|onu.art25;A página bloqueia a ampliação pelo usuário.;O bloqueio de ampliação nega adaptação razoável, conduta equiparada a discriminação pelo art. 4º, § 1º da LBI.
10c21fb5-427f-4aa1-9b87-4cc5bb722875;ses-rj;Secretaria de Estado de Saúde do Rio de Janeiro;2026-08-18T21:51:55.797113+00:00;https://www.saude.rj.gov.br/ouvidoria/participe;1;desktop-1366;probe.readability;heuristic;incomplete;;moderado;;;;;1;cognitiva_neurodivergencia|baixa_conectividade;lbi.art18|lai.art8.par3.viii|lei13460.art5;Legibilidade do conteúdo principal em 0.0 pontos — faixa muito difícil (exige ensino superior).;A publicação de informação de saúde em registro linguístico inacessível à população destinatária esvazia materialmente o dever de oferta de comunicação e informação adequadas (art. 18, § 4º, IV, LBI) e o dever de transparência ativa (art. 8º, § 3º, LAI). A informação torna-se disponível sem se tornar acessível.
a5b50d7c-178f-4662-8d32-9aa21f543a8f;ses-rj;Secretaria de Estado de Saúde do Rio de Janeiro;2026-08-18T15:07:34.983844+00:00;https://www.saude.rj.gov.br/ouvidoria/participe;1;mobile-320;color-contrast;axe-core;fail;serious;alto;1.4.3;1.4.3;perceptivel;AA;2;baixa_visao|cognitiva_neurodivergencia|visao_de_cores;lbi.art63.caput|lbi.art3.iv.d|lbi.art4|dec5296.art47|emag.3.1|lbi.art18|cf.art196|onu.art25|cf.art5.xiv|lai.art8.par3.viii;Elements must meet minimum color contrast ratio thresholds;"O contraste insuficiente é a barreira de comunicação mais prevalente e atinge diretamente a população idosa usuária do SUS; sua persistência em portal público caracteriza descumprimento continuado do art. 63, caput, da LBI e do art. 47 do Decreto 5.296/2004."
a5b50d7c-178f-4662-8d32-9aa21f543a8f;ses-rj;Secretaria de Estado de Saúde do Rio de Janeiro;2026-08-18T15:07:34.983844+00:00;https://www.saude.rj.gov.br/ouvidoria/participe;1;mobile-320;html-has-lang;axe-core;fail;serious;alto;3.1.1;3.1.1;compreensivel;A;1;cegueira|cognitiva_neurodivergencia;lbi.art63.caput|lbi.art3.iv.d|lbi.art4|dec5296.art47|emag.3.1|lbi.art18|cf.art196|onu.art25|lbi.art74|cf.art5.xiv|lai.art8.par3.viii;<html> element must have a lang attribute;Sem declaração de idioma, o sintetizador de voz pronuncia o português com fonética estrangeira e a informação em saúde se torna ininteligível — a informação é publicada, mas não é comunicada (art. 3º, IV, 'd', LBI).
a5b50d7c-178f-4662-8d32-9aa21f543a8f;ses-rj;Secretaria de Estado de Saúde do Rio de Janeiro;2026-08-18T15:07:34.983844+00:00;https://www.saude.rj.gov.br/ouvidoria/participe;1;mobile-320;link-name;axe-core;fail;serious;critico;2.4.4|4.1.2;2.4.4;operavel;A;4;cegueira|cognitiva_neurodivergencia|fala|motora;lbi.art63.caput|lbi.art3.iv.d|lbi.art4|dec5296.art47|emag.3.1|lbi.art18|cf.art196|onu.art25|lbi.art74|onu.art9;Links must have discernible text;Controle sem nome, função ou valor expostos simplesmente não existe para a tecnologia assistiva: o serviço é, para o usuário cego, inexistente. É a forma mais severa de barreira na informação do art. 3º, IV, 'd'.
a5b50d7c-178f-4662-8d32-9aa21f543a8f;ses-rj;Secretaria de Estado de Saúde do Rio de Janeiro;2026-08-18T15:07:34.983844+00:00;https://www.saude.rj.gov.br/ouvidoria/participe;1;mobile-320;meta-viewport;axe-core;fail;moderate;alto;1.4.4;1.4.4;perceptivel;AA;1;baixa_visao|cognitiva_neurodivergencia;lbi.art63.caput|lbi.art3.iv.d|lbi.art4|dec5296.art47|emag.3.1|lbi.art18|cf.art196|onu.art25;Zooming and scaling must not be disabled;O bloqueio de ampliação nega adaptação razoável, conduta equiparada a discriminação pelo art. 4º, § 1º da LBI.
a5b50d7c-178f-4662-8d32-9aa21f543a8f;ses-rj;Secretaria de Estado de Saúde do Rio de Janeiro;2026-08-18T15:07:34.983844+00:00;https://www.saude.rj.gov.br/ouvidoria/participe;1;mobile-320;bypass;axe-core;incomplete;;moderado;2.4.1;2.4.1;operavel;A;1;cegueira|cognitiva_neurodivergencia|motora;lbi.art63.caput|lbi.art3.iv.d|lbi.art4|dec5296.art47|emag.3.1|lbi.art18|cf.art196|onu.art25|lbi.art3.i;Page must have means to bypass repeated blocks;A ausência de mecanismo de salto obriga a percorrer repetidamente blocos idênticos, esforço desproporcional vedado pelo conceito de acessibilidade com autonomia do art. 3º, I da LBI.
a5b50d7c-178f-4662-8d32-9aa21f543a8f;ses-rj;Secretaria de Estado de Saúde do Rio de Janeiro;2026-08-18T15:07:34.983844+00:00;https://www.saude.rj.gov.br/ouvidoria/participe;1;mobile-320;color-contrast;axe-core;incomplete;;alto;1.4.3;1.4.3;perceptivel;AA;8;baixa_visao|cognitiva_neurodivergencia|visao_de_cores;lbi.art63.caput|lbi.art3.iv.d|lbi.art4|dec5296.art47|emag.3.1|lbi.art18|cf.art196|onu.art25|cf.art5.xiv|lai.art8.par3.viii;Elements must meet minimum color contrast ratio thresholds;"O contraste insuficiente é a barreira de comunicação mais prevalente e atinge diretamente a população idosa usuária do SUS; sua persistência em portal público caracteriza descumprimento continuado do art. 63, caput, da LBI e do art. 47 do Decreto 5.296/2004."
a5b50d7c-178f-4662-8d32-9aa21f543a8f;ses-rj;Secretaria de Estado de Saúde do Rio de Janeiro;2026-08-18T15:07:34.983844+00:00;https://www.saude.rj.gov.br/ouvidoria/participe;1;mobile-320;probe.page-language.missing;probe;fail;serious;alto;3.1.1;3.1.1;compreensivel;A;1;cegueira|cognitiva_neurodivergencia;lbi.art63.caput|lbi.art3.iv.d|lbi.art4|dec5296.art47|emag.3.1|lbi.art18|cf.art196|onu.art25|lbi.art74|cf.art5.xiv|lai.art8.par3.viii;O documento não declara o idioma (atributo lang ausente).;Sem declaração de idioma, o sintetizador de voz pronuncia o português com fonética estrangeira e a informação em saúde se torna ininteligível — a informação é publicada, mas não é comunicada (art. 3º, IV, 'd', LBI).
a5b50d7c-178f-4662-8d32-9aa21f543a8f;ses-rj;Secretaria de Estado de Saúde do Rio de Janeiro;2026-08-18T15:07:34.983844+00:00;https://www.saude.rj.gov.br/ouvidoria/participe;1;mobile-320;probe.landmarks.no-main;probe;fail;serious;alto;1.3.1;1.3.1;perceptivel;A;1;baixa_visao|cegueira|cognitiva_neurodivergencia;lbi.art63.caput|lbi.art3.iv.d|lbi.art4|dec5296.art47|emag.3.1|lbi.art18|cf.art196|onu.art25|lbi.art74;A página não declara marco de conteúdo principal (<main>).;"Sem estrutura semântica, a tecnologia assistiva não consegue reconstruir a relação entre rótulo e dado; o art. 74 da LBI assegura o acesso a tecnologias assistivas, o que pressupõe conteúdo com elas compatível."
a5b50d7c-178f-4662-8d32-9aa21f543a8f;ses-rj;Secretaria de Estado de Saúde do Rio de Janeiro;2026-08-18T15:07:34.983844+00:00;https://www.saude.rj.gov.br/ouvidoria/participe;1;mobile-320;probe.landmarks.no-skip-link;probe;fail;moderate;moderado;2.4.1;2.4.1;operavel;A;1;cegueira|cognitiva_neurodivergencia|motora;lbi.art63.caput|lbi.art3.iv.d|lbi.art4|dec5296.art47|emag.3.1|lbi.art18|cf.art196|onu.art25|lbi.art3.i;Nenhum link de salto para o conteúdo principal foi encontrado.;A ausência de mecanismo de salto obriga a percorrer repetidamente blocos idênticos, esforço desproporcional vedado pelo conceito de acessibilidade com autonomia do art. 3º, I da LBI.
a5b50d7c-178f-4662-8d32-9aa21f543a8f;ses-rj;Secretaria de Estado de Saúde do Rio de Janeiro;2026-08-18T15:07:34.983844+00:00;https://www.saude.rj.gov.br/ouvidoria/participe;1;mobile-320;probe.heading-structure.none;probe;fail;serious;alto;1.3.1|2.4.6;1.3.1;perceptivel;A;1;baixa_visao|cegueira|cognitiva_neurodivergencia;lbi.art63.caput|lbi.art3.iv.d|lbi.art4|dec5296.art47|emag.3.1|lbi.art18|cf.art196|onu.art25|lbi.art74|cf.art5.xiv|lai.art8.par3.viii;A página não possui nenhum cabeçalho.;"Sem estrutura semântica, a tecnologia assistiva não consegue reconstruir a relação entre rótulo e dado; o art. 74 da LBI assegura o acesso a tecnologias assistivas, o que pressupõe conteúdo com elas compatível."
a5b50d7c-178f-4662-8d32-9aa21f543a8f;ses-rj;Secretaria de Estado de Saúde do Rio de Janeiro;2026-08-18T15:07:34.983844+00:00;https://www.saude.rj.gov.br/ouvidoria/participe;1;mobile-320;probe.reflow-320;probe;fail;serious;alto;1.4.10;1.4.10;perceptivel;AA;12;baixa_visao|cognitiva_neurodivergencia|motora;lbi.art63.caput|lbi.art3.iv.d|lbi.art4|dec5296.art47|emag.3.1|lbi.art18|cf.art196|onu.art25|lei13460.art5;A página exige rolagem horizontal em tela de 320 px (30 px de transbordo).;"O acesso majoritário aos serviços públicos de saúde no Brasil se dá por telefone celular; a exigência de rolagem bidirecional em telas estreitas inviabiliza o uso e frustra o acesso universal do art. 196 da CF/88."
a5b50d7c-178f-4662-8d32-9aa21f543a8f;ses-rj;Secretaria de Estado de Saúde do Rio de Janeiro;2026-08-18T15:07:34.983844+00:00;https://www.saude.rj.gov.br/ouvidoria/participe;1;mobile-320;probe.zoom-lock;probe;fail;serious;alto;1.4.4;1.4.4;perceptivel;AA;1;baixa_visao|cognitiva_neurodivergencia;lbi.art63.caput|lbi.art3.iv.d|lbi.art4|dec5296.art47|emag.3.1|lbi.art18|cf.art196|onu.art25;A página bloqueia a ampliação pelo usuário.;O bloqueio de ampliação nega adaptação razoável, conduta equiparada a discriminação pelo art. 4º, § 1º da LBI.
a5b50d7c-178f-4662-8d32-9aa21f543a8f;ses-rj;Secretaria de Estado de Saúde do Rio de Janeiro;2026-08-18T15:07:34.983844+00:00;https://www.saude.rj.gov.br/ouvidoria/participe;1;desktop-1366;color-contrast;axe-core;fail;serious;alto;1.4.3;1.4.3;perceptivel;AA;6;baixa_visao|cognitiva_neurodivergencia|visao_de_cores;lbi.art63.caput|lbi.art3.iv.d|lbi.art4|dec5296.art47|emag.3.1|lbi.art18|cf.art196|onu.art25|cf.art5.xiv|lai.art8.par3.viii;Elements must meet minimum color contrast ratio thresholds;"O contraste insuficiente é a barreira de comunicação mais prevalente e atinge diretamente a população idosa usuária do SUS; sua persistência em portal público caracteriza descumprimento continuado do art. 63, caput, da LBI e do art. 47 do Decreto 5.296/2004."
a5b50d7c-178f-4662-8d32-9aa21f543a8f;ses-rj;Secretaria de Estado de Saúde do Rio de Janeiro;2026-08-18T15:07:34.983844+00:00;https://www.saude.rj.gov.br/ouvidoria/participe;1;desktop-1366;html-has-lang;axe-core;fail;serious;alto;3.1.1;3.1.1;compreensivel;A;1;cegueira|cognitiva_neurodivergencia;lbi.art63.caput|lbi.art3.iv.d|lbi.art4|dec5296.art47|emag.3.1|lbi.art18|cf.art196|onu.art25|lbi.art74|cf.art5.xiv|lai.art8.par3.viii;<html> element must have a lang attribute;Sem declaração de idioma, o sintetizador de voz pronuncia o português com fonética estrangeira e a informação em saúde se torna ininteligível — a informação é publicada, mas não é comunicada (art. 3º, IV, 'd', LBI).
a5b50d7c-178f-4662-8d32-9aa21f543a8f;ses-rj;Secretaria de Estado de Saúde do Rio de Janeiro;2026-08-18T15:07:34.983844+00:00;https://www.saude.rj.gov.br/ouvidoria/participe;1;desktop-1366;input-image-alt;axe-core;fail;critical;critico;1.1.1|4.1.2;1.1.1;perceptivel;A;1;baixa_conectividade|baixa_visao|cegueira|cognitiva_neurodivergencia|fala|motora;lbi.art63.caput|lbi.art3.iv.d|lbi.art4|dec5296.art47|emag.3.1|lbi.art18|cf.art196|onu.art25|lbi.art74|cf.art5.xiv|lai.art8.par3.viii|onu.art9;Image buttons must have alternative text;Controle sem nome, função ou valor expostos simplesmente não existe para a tecnologia assistiva: o serviço é, para o usuário cego, inexistente. É a forma mais severa de barreira na informação do art. 3º, IV, 'd'.
a5b50d7c-178f-4662-8d32-9aa21f543a8f;ses-rj;Secretaria de Estado de Saúde do Rio de Janeiro;2026-08-18T15:07:34.983844+00:00;https://www.saude.rj.gov.br/ouvidoria/participe;1;desktop-1366;label;axe-core;fail;critical;critico;4.1.2;4.1.2;robusto;A;1;cegueira|fala|motora;lbi.art63.caput|lbi.art3.iv.d|lbi.art4|dec5296.art47|emag.3.1|lbi.art18|cf.art196|onu.art25|lbi.art74|onu.art9;Form elements must have labels;Controle sem nome, função ou valor expostos simplesmente não existe para a tecnologia assistiva: o serviço é, para o usuário cego, inexistente. É a forma mais severa de barreira na informação do art. 3º, IV, 'd'.
a5b50d7c-178f-4662-8d32-9aa21f543a8f;ses-rj;Secretaria de Estado de Saúde do Rio de Janeiro;2026-08-18T15:07:34.983844+00:00;https://www.saude.rj.gov.br/ouvidoria/participe;1;desktop-1366;link-name;axe-core;fail;serious;critico;2.4.4|4.1.2;2.4.4;operavel;A;2;cegueira|cognitiva_neurodivergencia|fala|motora;lbi.art63.caput|lbi.art3.iv.d|lbi.art4|dec5296.art47|emag.3.1|lbi.art18|cf.art196|onu.art25|lbi.art74|onu.art9;Links must have discernible text;Controle sem nome, função ou valor expostos simplesmente não existe para a tecnologia assistiva: o serviço é, para o usuário cego, inexistente. É a forma mais severa de barreira na informação do art. 3º, IV, 'd'.
a5b50d7c-178f-4662-8d32-9aa21f543a8f;ses-rj;Secretaria de Estado de Saúde do Rio de Janeiro;2026-08-18T15:07:34.983844+00:00;https://www.saude.rj.gov.br/ouvidoria/participe;1;desktop-1366;meta-viewport;axe-core;fail;moderate;alto;1.4.4;1.4.4;perceptivel;AA;1;baixa_visao|cognitiva_neurodivergencia;lbi.art63.caput|lbi.art3.iv.d|lbi.art4|dec5296.art47|emag.3.1|lbi.art18|cf.art196|onu.art25;Zooming and scaling must not be disabled;O bloqueio de ampliação nega adaptação razoável, conduta equiparada a discriminação pelo art. 4º, § 1º da LBI.
a5b50d7c-178f-4662-8d32-9aa21f543a8f;ses-rj;Secretaria de Estado de Saúde do Rio de Janeiro;2026-08-18T15:07:34.983844+00:00;https://www.saude.rj.gov.br/ouvidoria/participe;1;desktop-1366;bypass;axe-core;incomplete;;moderado;2.4.1;2.4.1;operavel;A;1;cegueira|cognitiva_neurodivergencia|motora;lbi.art63.caput|lbi.art3.iv.d|lbi.art4|dec5296.art47|emag.3.1|lbi.art18|cf.art196|onu.art25|lbi.art3.i;Page must have means to bypass repeated blocks;A ausência de mecanismo de salto obriga a percorrer repetidamente blocos idênticos, esforço desproporcional vedado pelo conceito de acessibilidade com autonomia do art. 3º, I da LBI.
a5b50d7c-178f-4662-8d32-9aa21f543a8f;ses-rj;Secretaria de Estado de Saúde do Rio de Janeiro;2026-08-18T15:07:34.983844+00:00;https://www.saude.rj.gov.br/ouvidoria/participe;1;desktop-1366;color-contrast;axe-core;incomplete;;alto;1.4.3;1.4.3;perceptivel;AA;13;baixa_visao|cognitiva_neurodivergencia|visao_de_cores;lbi.art63.caput|lbi.art3.iv.d|lbi.art4|dec5296.art47|emag.3.1|lbi.art18|cf.art196|onu.art25|cf.art5.xiv|lai.art8.par3.viii;Elements must meet minimum color contrast ratio thresholds;"O contraste insuficiente é a barreira de comunicação mais prevalente e atinge diretamente a população idosa usuária do SUS; sua persistência em portal público caracteriza descumprimento continuado do art. 63, caput, da LBI e do art. 47 do Decreto 5.296/2004."
a5b50d7c-178f-4662-8d32-9aa21f543a8f;ses-rj;Secretaria de Estado de Saúde do Rio de Janeiro;2026-08-18T15:07:34.983844+00:00;https://www.saude.rj.gov.br/ouvidoria/participe;1;desktop-1366;probe.page-language.missing;probe;fail;serious;alto;3.1.1;3.1.1;compreensivel;A;1;cegueira|cognitiva_neurodivergencia;lbi.art63.caput|lbi.art3.iv.d|lbi.art4|dec5296.art47|emag.3.1|lbi.art18|cf.art196|onu.art25|lbi.art74|cf.art5.xiv|lai.art8.par3.viii;O documento não declara o idioma (atributo lang ausente).;Sem declaração de idioma, o sintetizador de voz pronuncia o português com fonética estrangeira e a informação em saúde se torna ininteligível — a informação é publicada, mas não é comunicada (art. 3º, IV, 'd', LBI).
a5b50d7c-178f-4662-8d32-9aa21f543a8f;ses-rj;Secretaria de Estado de Saúde do Rio de Janeiro;2026-08-18T15:07:34.983844+00:00;https://www.saude.rj.gov.br/ouvidoria/participe;1;desktop-1366;probe.landmarks.no-main;probe;fail;serious;alto;1.3.1;1.3.1;perceptivel;A;1;baixa_visao|cegueira|cognitiva_neurodivergencia;lbi.art63.caput|lbi.art3.iv.d|lbi.art4|dec5296.art47|emag.3.1|lbi.art18|cf.art196|onu.art25|lbi.art74;A página não declara marco de conteúdo principal (<main>).;"Sem estrutura semântica, a tecnologia assistiva não consegue reconstruir a relação entre rótulo e dado; o art. 74 da LBI assegura o acesso a tecnologias assistivas, o que pressupõe conteúdo com elas compatível."
a5b50d7c-178f-4662-8d32-9aa21f543a8f;ses-rj;Secretaria de Estado de Saúde do Rio de Janeiro;2026-08-18T15:07:34.983844+00:00;https://www.saude.rj.gov.br/ouvidoria/participe;1;desktop-1366;probe.landmarks.no-skip-link;probe;fail;moderate;moderado;2.4.1;2.4.1;operavel;A;1;cegueira|cognitiva_neurodivergencia|motora;lbi.art63.caput|lbi.art3.iv.d|lbi.art4|dec5296.art47|emag.3.1|lbi.art18|cf.art196|onu.art25|lbi.art3.i;Nenhum link de salto para o conteúdo principal foi encontrado.;A ausência de mecanismo de salto obriga a percorrer repetidamente blocos idênticos, esforço desproporcional vedado pelo conceito de acessibilidade com autonomia do art. 3º, I da LBI.
a5b50d7c-178f-4662-8d32-9aa21f543a8f;ses-rj;Secretaria de Estado de Saúde do Rio de Janeiro;2026-08-18T15:07:34.983844+00:00;https://www.saude.rj.gov.br/ouvidoria/participe;1;desktop-1366;probe.heading-structure.none;probe;fail;serious;alto;1.3.1|2.4.6;1.3.1;perceptivel;A;1;baixa_visao|cegueira|cognitiva_neurodivergencia;lbi.art63.caput|lbi.art3.iv.d|lbi.art4|dec5296.art47|emag.3.1|lbi.art18|cf.art196|onu.art25|lbi.art74|cf.art5.xiv|lai.art8.par3.viii;A página não possui nenhum cabeçalho.;"Sem estrutura semântica, a tecnologia assistiva não consegue reconstruir a relação entre rótulo e dado; o art. 74 da LBI assegura o acesso a tecnologias assistivas, o que pressupõe conteúdo com elas compatível."
a5b50d7c-178f-4662-8d32-9aa21f543a8f;ses-rj;Secretaria de Estado de Saúde do Rio de Janeiro;2026-08-18T15:07:34.983844+00:00;https://www.saude.rj.gov.br/ouvidoria/participe;1;desktop-1366;probe.zoom-lock;probe;fail;serious;alto;1.4.4;1.4.4;perceptivel;AA;1;baixa_visao|cognitiva_neurodivergencia;lbi.art63.caput|lbi.art3.iv.d|lbi.art4|dec5296.art47|emag.3.1|lbi.art18|cf.art196|onu.art25;A página bloqueia a ampliação pelo usuário.;O bloqueio de ampliação nega adaptação razoável, conduta equiparada a discriminação pelo art. 4º, § 1º da LBI.
a5b50d7c-178f-4662-8d32-9aa21f543a8f;ses-rj;Secretaria de Estado de Saúde do Rio de Janeiro;2026-08-18T15:07:34.983844+00:00;https://www.saude.rj.gov.br/ouvidoria/participe;1;desktop-1366;probe.readability;heuristic;incomplete;;moderado;;;;;1;cognitiva_neurodivergencia|baixa_conectividade;lbi.art18|lai.art8.par3.viii|lei13460.art5;Legibilidade do conteúdo principal em 0.0 pontos — faixa muito difícil (exige ensino superior).;A publicação de informação de saúde em registro linguístico inacessível à população destinatária esvazia materialmente o dever de oferta de comunicação e informação adequadas (art. 18, § 4º, IV, LBI) e o dever de transparência ativa (art. 8º, § 3º, LAI). A informação torna-se disponível sem se tornar acessível.
033c725f-585c-41b3-b990-3658ecf91949;ses-rj;Secretaria de Estado de Saúde do Rio de Janeiro;2026-08-18T03:44:06.696316+00:00;https://www.saude.rj.gov.br/ouvidoria/participe;1;mobile-320;color-contrast;axe-core;fail;serious;alto;1.4.3;1.4.3;perceptivel;AA;2;baixa_visao|cognitiva_neurodivergencia|visao_de_cores;lbi.art63.caput|lbi.art3.iv.d|lbi.art4|dec5296.art47|emag.3.1|lbi.art18|cf.art196|onu.art25|cf.art5.xiv|lai.art8.par3.viii;Elements must meet minimum color contrast ratio thresholds;"O contraste insuficiente é a barreira de comunicação mais prevalente e atinge diretamente a população idosa usuária do SUS; sua persistência em portal público caracteriza descumprimento continuado do art. 63, caput, da LBI e do art. 47 do Decreto 5.296/2004."
033c725f-585c-41b3-b990-3658ecf91949;ses-rj;Secretaria de Estado de Saúde do Rio de Janeiro;2026-08-18T03:44:06.696316+00:00;https://www.saude.rj.gov.br/ouvidoria/participe;1;mobile-320;html-has-lang;axe-core;fail;serious;alto;3.1.1;3.1.1;compreensivel;A;1;cegueira|cognitiva_neurodivergencia;lbi.art63.caput|lbi.art3.iv.d|lbi.art4|dec5296.art47|emag.3.1|lbi.art18|cf.art196|onu.art25|lbi.art74|cf.art5.xiv|lai.art8.par3.viii;<html> element must have a lang attribute;Sem declaração de idioma, o sintetizador de voz pronuncia o português com fonética estrangeira e a informação em saúde se torna ininteligível — a informação é publicada, mas não é comunicada (art. 3º, IV, 'd', LBI).
033c725f-585c-41b3-b990-3658ecf91949;ses-rj;Secretaria de Estado de Saúde do Rio de Janeiro;2026-08-18T03:44:06.696316+00:00;https://www.saude.rj.gov.br/ouvidoria/participe;1;mobile-320;link-name;axe-core;fail;serious;critico;2.4.4|4.1.2;2.4.4;operavel;A;4;cegueira|cognitiva_neurodivergencia|fala|motora;lbi.art63.caput|lbi.art3.iv.d|lbi.art4|dec5296.art47|emag.3.1|lbi.art18|cf.art196|onu.art25|lbi.art74|onu.art9;Links must have discernible text;Controle sem nome, função ou valor expostos simplesmente não existe para a tecnologia assistiva: o serviço é, para o usuário cego, inexistente. É a forma mais severa de barreira na informação do art. 3º, IV, 'd'.
033c725f-585c-41b3-b990-3658ecf91949;ses-rj;Secretaria de Estado de Saúde do Rio de Janeiro;2026-08-18T03:44:06.696316+00:00;https://www.saude.rj.gov.br/ouvidoria/participe;1;mobile-320;meta-viewport;axe-core;fail;moderate;alto;1.4.4;1.4.4;perceptivel;AA;1;baixa_visao|cognitiva_neurodivergencia;lbi.art63.caput|lbi.art3.iv.d|lbi.art4|dec5296.art47|emag.3.1|lbi.art18|cf.art196|onu.art25;Zooming and scaling must not be disabled;O bloqueio de ampliação nega adaptação razoável, conduta equiparada a discriminação pelo art. 4º, § 1º da LBI.
033c725f-585c-41b3-b990-3658ecf91949;ses-rj;Secretaria de Estado de Saúde do Rio de Janeiro;2026-08-18T03:44:06.696316+00:00;https://www.saude.rj.gov.br/ouvidoria/participe;1;mobile-320;bypass;axe-core;incomplete;;moderado;2.4.1;2.4.1;operavel;A;1;cegueira|cognitiva_neurodivergencia|motora;lbi.art63.caput|lbi.art3.iv.d|lbi.art4|dec5296.art47|emag.3.1|lbi.art18|cf.art196|onu.art25|lbi.art3.i;Page must have means to bypass repeated blocks;A ausência de mecanismo de salto obriga a percorrer repetidamente blocos idênticos, esforço desproporcional vedado pelo conceito de acessibilidade com autonomia do art. 3º, I da LBI.
033c725f-585c-41b3-b990-3658ecf91949;ses-rj;Secretaria de Estado de Saúde do Rio de Janeiro;2026-08-18T03:44:06.696316+00:00;https://www.saude.rj.gov.br/ouvidoria/participe;1;mobile-320;color-contrast;axe-core;incomplete;;alto;1.4.3;1.4.3;perceptivel;AA;8;baixa_visao|cognitiva_neurodivergencia|visao_de_cores;lbi.art63.caput|lbi.art3.iv.d|lbi.art4|dec5296.art47|emag.3.1|lbi.art18|cf.art196|onu.art25|cf.art5.xiv|lai.art8.par3.viii;Elements must meet minimum color contrast ratio thresholds;"O contraste insuficiente é a barreira de comunicação mais prevalente e atinge diretamente a população idosa usuária do SUS; sua persistência em portal público caracteriza descumprimento continuado do art. 63, caput, da LBI e do art. 47 do Decreto 5.296/2004."
033c725f-585c-41b3-b990-3658ecf91949;ses-rj;Secretaria de Estado de Saúde do Rio de Janeiro;2026-08-18T03:44:06.696316+00:00;https://www.saude.rj.gov.br/ouvidoria/participe;1;mobile-320;probe.page-language.missing;probe;fail;serious;alto;3.1.1;3.1.1;compreensivel;A;1;cegueira|cognitiva_neurodivergencia;lbi.art63.caput|lbi.art3.iv.d|lbi.art4|dec5296.art47|emag.3.1|lbi.art18|cf.art196|onu.art25|lbi.art74|cf.art5.xiv|lai.art8.par3.viii;O documento não declara o idioma (atributo lang ausente).;Sem declaração de idioma, o sintetizador de voz pronuncia o português com fonética estrangeira e a informação em saúde se torna ininteligível — a informação é publicada, mas não é comunicada (art. 3º, IV, 'd', LBI).
033c725f-585c-41b3-b990-3658ecf91949;ses-rj;Secretaria de Estado de Saúde do Rio de Janeiro;2026-08-18T03:44:06.696316+00:00;https://www.saude.rj.gov.br/ouvidoria/participe;1;mobile-320;probe.landmarks.no-main;probe;fail;serious;alto;1.3.1;1.3.1;perceptivel;A;1;baixa_visao|cegueira|cognitiva_neurodivergencia;lbi.art63.caput|lbi.art3.iv.d|lbi.art4|dec5296.art47|emag.3.1|lbi.art18|cf.art196|onu.art25|lbi.art74;A página não declara marco de conteúdo principal (<main>).;"Sem estrutura semântica, a tecnologia assistiva não consegue reconstruir a relação entre rótulo e dado; o art. 74 da LBI assegura o acesso a tecnologias assistivas, o que pressupõe conteúdo com elas compatível."
033c725f-585c-41b3-b990-3658ecf91949;ses-rj;Secretaria de Estado de Saúde do Rio de Janeiro;2026-08-18T03:44:06.696316+00:00;https://www.saude.rj.gov.br/ouvidoria/participe;1;mobile-320;probe.landmarks.no-skip-link;probe;fail;moderate;moderado;2.4.1;2.4.1;operavel;A;1;cegueira|cognitiva_neurodivergencia|motora;lbi.art63.caput|lbi.art3.iv.d|lbi.art4|dec5296.art47|emag.3.1|lbi.art18|cf.art196|onu.art25|lbi.art3.i;Nenhum link de salto para o conteúdo principal foi encontrado.;A ausência de mecanismo de salto obriga a percorrer repetidamente blocos idênticos, esforço desproporcional vedado pelo conceito de acessibilidade com autonomia do art. 3º, I da LBI.
033c725f-585c-41b3-b990-3658ecf91949;ses-rj;Secretaria de Estado de Saúde do Rio de Janeiro;2026-08-18T03:44:06.696316+00:00;https://www.saude.rj.gov.br/ouvidoria/participe;1;mobile-320;probe.heading-structure.none;probe;fail;serious;alto;1.3.1|2.4.6;1.3.1;perceptivel;A;1;baixa_visao|cegueira|cognitiva_neurodivergencia;lbi.art63.caput|lbi.art3.iv.d|lbi.art4|dec5296.art47|emag.3.1|lbi.art18|cf.art196|onu.art25|lbi.art74|cf.art5.xiv|lai.art8.par3.viii;A página não possui nenhum cabeçalho.;"Sem estrutura semântica, a tecnologia assistiva não consegue reconstruir a relação entre rótulo e dado; o art. 74 da LBI assegura o acesso a tecnologias assistivas, o que pressupõe conteúdo com elas compatível."
033c725f-585c-41b3-b990-3658ecf91949;ses-rj;Secretaria de Estado de Saúde do Rio de Janeiro;2026-08-18T03:44:06.696316+00:00;https://www.saude.rj.gov.br/ouvidoria/participe;1;mobile-320;probe.reflow-320;probe;fail;serious;alto;1.4.10;1.4.10;perceptivel;AA;12;baixa_visao|cognitiva_neurodivergencia|motora;lbi.art63.caput|lbi.art3.iv.d|lbi.art4|dec5296.art47|emag.3.1|lbi.art18|cf.art196|onu.art25|lei13460.art5;A página exige rolagem horizontal em tela de 320 px (30 px de transbordo).;"O acesso majoritário aos serviços públicos de saúde no Brasil se dá por telefone celular; a exigência de rolagem bidirecional em telas estreitas inviabiliza o uso e frustra o acesso universal do art. 196 da CF/88."
033c725f-585c-41b3-b990-3658ecf91949;ses-rj;Secretaria de Estado de Saúde do Rio de Janeiro;2026-08-18T03:44:06.696316+00:00;https://www.saude.rj.gov.br/ouvidoria/participe;1;mobile-320;probe.zoom-lock;probe;fail;serious;alto;1.4.4;1.4.4;perceptivel;AA;1;baixa_visao|cognitiva_neurodivergencia;lbi.art63.caput|lbi.art3.iv.d|lbi.art4|dec5296.art47|emag.3.1|lbi.art18|cf.art196|onu.art25;A página bloqueia a ampliação pelo usuário.;O bloqueio de ampliação nega adaptação razoável, conduta equiparada a discriminação pelo art. 4º, § 1º da LBI.
033c725f-585c-41b3-b990-3658ecf91949;ses-rj;Secretaria de Estado de Saúde do Rio de Janeiro;2026-08-18T03:44:06.696316+00:00;https://www.saude.rj.gov.br/ouvidoria/participe;1;desktop-1366;color-contrast;axe-core;fail;serious;alto;1.4.3;1.4.3;perceptivel;AA;6;baixa_visao|cognitiva_neurodivergencia|visao_de_cores;lbi.art63.caput|lbi.art3.iv.d|lbi.art4|dec5296.art47|emag.3.1|lbi.art18|cf.art196|onu.art25|cf.art5.xiv|lai.art8.par3.viii;Elements must meet minimum color contrast ratio thresholds;"O contraste insuficiente é a barreira de comunicação mais prevalente e atinge diretamente a população idosa usuária do SUS; sua persistência em portal público caracteriza descumprimento continuado do art. 63, caput, da LBI e do art. 47 do Decreto 5.296/2004."
033c725f-585c-41b3-b990-3658ecf91949;ses-rj;Secretaria de Estado de Saúde do Rio de Janeiro;2026-08-18T03:44:06.696316+00:00;https://www.saude.rj.gov.br/ouvidoria/participe;1;desktop-1366;html-has-lang;axe-core;fail;serious;alto;3.1.1;3.1.1;compreensivel;A;1;cegueira|cognitiva_neurodivergencia;lbi.art63.caput|lbi.art3.iv.d|lbi.art4|dec5296.art47|emag.3.1|lbi.art18|cf.art196|onu.art25|lbi.art74|cf.art5.xiv|lai.art8.par3.viii;<html> element must have a lang attribute;Sem declaração de idioma, o sintetizador de voz pronuncia o português com fonética estrangeira e a informação em saúde se torna ininteligível — a informação é publicada, mas não é comunicada (art. 3º, IV, 'd', LBI).
033c725f-585c-41b3-b990-3658ecf91949;ses-rj;Secretaria de Estado de Saúde do Rio de Janeiro;2026-08-18T03:44:06.696316+00:00;https://www.saude.rj.gov.br/ouvidoria/participe;1;desktop-1366;input-image-alt;axe-core;fail;critical;critico;1.1.1|4.1.2;1.1.1;perceptivel;A;1;baixa_conectividade|baixa_visao|cegueira|cognitiva_neurodivergencia|fala|motora;lbi.art63.caput|lbi.art3.iv.d|lbi.art4|dec5296.art47|emag.3.1|lbi.art18|cf.art196|onu.art25|lbi.art74|cf.art5.xiv|lai.art8.par3.viii|onu.art9;Image buttons must have alternative text;Controle sem nome, função ou valor expostos simplesmente não existe para a tecnologia assistiva: o serviço é, para o usuário cego, inexistente. É a forma mais severa de barreira na informação do art. 3º, IV, 'd'.
033c725f-585c-41b3-b990-3658ecf91949;ses-rj;Secretaria de Estado de Saúde do Rio de Janeiro;2026-08-18T03:44:06.696316+00:00;https://www.saude.rj.gov.br/ouvidoria/participe;1;desktop-1366;label;axe-core;fail;critical;critico;4.1.2;4.1.2;robusto;A;1;cegueira|fala|motora;lbi.art63.caput|lbi.art3.iv.d|lbi.art4|dec5296.art47|emag.3.1|lbi.art18|cf.art196|onu.art25|lbi.art74|onu.art9;Form elements must have labels;Controle sem nome, função ou valor expostos simplesmente não existe para a tecnologia assistiva: o serviço é, para o usuário cego, inexistente. É a forma mais severa de barreira na informação do art. 3º, IV, 'd'.
033c725f-585c-41b3-b990-3658ecf91949;ses-rj;Secretaria de Estado de Saúde do Rio de Janeiro;2026-08-18T03:44:06.696316+00:00;https://www.saude.rj.gov.br/ouvidoria/participe;1;desktop-1366;link-name;axe-core;fail;serious;critico;2.4.4|4.1.2;2.4.4;operavel;A;2;cegueira|cognitiva_neurodivergencia|fala|motora;lbi.art63.caput|lbi.art3.iv.d|lbi.art4|dec5296.art47|emag.3.1|lbi.art18|cf.art196|onu.art25|lbi.art74|onu.art9;Links must have discernible text;Controle sem nome, função ou valor expostos simplesmente não existe para a tecnologia assistiva: o serviço é, para o usuário cego, inexistente. É a forma mais severa de barreira na informação do art. 3º, IV, 'd'.
033c725f-585c-41b3-b990-3658ecf91949;ses-rj;Secretaria de Estado de Saúde do Rio de Janeiro;2026-08-18T03:44:06.696316+00:00;https://www.saude.rj.gov.br/ouvidoria/participe;1;desktop-1366;meta-viewport;axe-core;fail;moderate;alto;1.4.4;1.4.4;perceptivel;AA;1;baixa_visao|cognitiva_neurodivergencia;lbi.art63.caput|lbi.art3.iv.d|lbi.art4|dec5296.art47|emag.3.1|lbi.art18|cf.art196|onu.art25;Zooming and scaling must not be disabled;O bloqueio de ampliação nega adaptação razoável, conduta equiparada a discriminação pelo art. 4º, § 1º da LBI.
033c725f-585c-41b3-b990-3658ecf91949;ses-rj;Secretaria de Estado de Saúde do Rio de Janeiro;2026-08-18T03:44:06.696316+00:00;https://www.saude.rj.gov.br/ouvidoria/participe;1;desktop-1366;bypass;axe-core;incomplete;;moderado;2.4.1;2.4.1;operavel;A;1;cegueira|cognitiva_neurodivergencia|motora;lbi.art63.caput|lbi.art3.iv.d|lbi.art4|dec5296.art47|emag.3.1|lbi.art18|cf.art196|onu.art25|lbi.art3.i;Page must have means to bypass repeated blocks;A ausência de mecanismo de salto obriga a percorrer repetidamente blocos idênticos, esforço desproporcional vedado pelo conceito de acessibilidade com autonomia do art. 3º, I da LBI.
033c725f-585c-41b3-b990-3658ecf91949;ses-rj;Secretaria de Estado de Saúde do Rio de Janeiro;2026-08-18T03:44:06.696316+00:00;https://www.saude.rj.gov.br/ouvidoria/participe;1;desktop-1366;color-contrast;axe-core;incomplete;;alto;1.4.3;1.4.3;perceptivel;AA;13;baixa_visao|cognitiva_neurodivergencia|visao_de_cores;lbi.art63.caput|lbi.art3.iv.d|lbi.art4|dec5296.art47|emag.3.1|lbi.art18|cf.art196|onu.art25|cf.art5.xiv|lai.art8.par3.viii;Elements must meet minimum color contrast ratio thresholds;"O contraste insuficiente é a barreira de comunicação mais prevalente e atinge diretamente a população idosa usuária do SUS; sua persistência em portal público caracteriza descumprimento continuado do art. 63, caput, da LBI e do art. 47 do Decreto 5.296/2004."
033c725f-585c-41b3-b990-3658ecf91949;ses-rj;Secretaria de Estado de Saúde do Rio de Janeiro;2026-08-18T03:44:06.696316+00:00;https://www.saude.rj.gov.br/ouvidoria/participe;1;desktop-1366;probe.page-language.missing;probe;fail;serious;alto;3.1.1;3.1.1;compreensivel;A;1;cegueira|cognitiva_neurodivergencia;lbi.art63.caput|lbi.art3.iv.d|lbi.art4|dec5296.art47|emag.3.1|lbi.art18|cf.art196|onu.art25|lbi.art74|cf.art5.xiv|lai.art8.par3.viii;O documento não declara o idioma (atributo lang ausente).;Sem declaração de idioma, o sintetizador de voz pronuncia o português com fonética estrangeira e a informação em saúde se torna ininteligível — a informação é publicada, mas não é comunicada (art. 3º, IV, 'd', LBI).
033c725f-585c-41b3-b990-3658ecf91949;ses-rj;Secretaria de Estado de Saúde do Rio de Janeiro;2026-08-18T03:44:06.696316+00:00;https://www.saude.rj.gov.br/ouvidoria/participe;1;desktop-1366;probe.landmarks.no-main;probe;fail;serious;alto;1.3.1;1.3.1;perceptivel;A;1;baixa_visao|cegueira|cognitiva_neurodivergencia;lbi.art63.caput|lbi.art3.iv.d|lbi.art4|dec5296.art47|emag.3.1|lbi.art18|cf.art196|onu.art25|lbi.art74;A página não declara marco de conteúdo principal (<main>).;"Sem estrutura semântica, a tecnologia assistiva não consegue reconstruir a relação entre rótulo e dado; o art. 74 da LBI assegura o acesso a tecnologias assistivas, o que pressupõe conteúdo com elas compatível."
033c725f-585c-41b3-b990-3658ecf91949;ses-rj;Secretaria de Estado de Saúde do Rio de Janeiro;2026-08-18T03:44:06.696316+00:00;https://www.saude.rj.gov.br/ouvidoria/participe;1;desktop-1366;probe.landmarks.no-skip-link;probe;fail;moderate;moderado;2.4.1;2.4.1;operavel;A;1;cegueira|cognitiva_neurodivergencia|motora;lbi.art63.caput|lbi.art3.iv.d|lbi.art4|dec5296.art47|emag.3.1|lbi.art18|cf.art196|onu.art25|lbi.art3.i;Nenhum link de salto para o conteúdo principal foi encontrado.;A ausência de mecanismo de salto obriga a percorrer repetidamente blocos idênticos, esforço desproporcional vedado pelo conceito de acessibilidade com autonomia do art. 3º, I da LBI.
033c725f-585c-41b3-b990-3658ecf91949;ses-rj;Secretaria de Estado de Saúde do Rio de Janeiro;2026-08-18T03:44:06.696316+00:00;https://www.saude.rj.gov.br/ouvidoria/participe;1;desktop-1366;probe.heading-structure.none;probe;fail;serious;alto;1.3.1|2.4.6;1.3.1;perceptivel;A;1;baixa_visao|cegueira|cognitiva_neurodivergencia;lbi.art63.caput|lbi.art3.iv.d|lbi.art4|dec5296.art47|emag.3.1|lbi.art18|cf.art196|onu.art25|lbi.art74|cf.art5.xiv|lai.art8.par3.viii;A página não possui nenhum cabeçalho.;"Sem estrutura semântica, a tecnologia assistiva não consegue reconstruir a relação entre rótulo e dado; o art. 74 da LBI assegura o acesso a tecnologias assistivas, o que pressupõe conteúdo com elas compatível."
033c725f-585c-41b3-b990-3658ecf91949;ses-rj;Secretaria de Estado de Saúde do Rio de Janeiro;2026-08-18T03:44:06.696316+00:00;https://www.saude.rj.gov.br/ouvidoria/participe;1;desktop-1366;probe.zoom-lock;probe;fail;serious;alto;1.4.4;1.4.4;perceptivel;AA;1;baixa_visao|cognitiva_neurodivergencia;lbi.art63.caput|lbi.art3.iv.d|lbi.art4|dec5296.art47|emag.3.1|lbi.art18|cf.art196|onu.art25;A página bloqueia a ampliação pelo usuário.;O bloqueio de ampliação nega adaptação razoável, conduta equiparada a discriminação pelo art. 4º, § 1º da LBI.
033c725f-585c-41b3-b990-3658ecf91949;ses-rj;Secretaria de Estado de Saúde do Rio de Janeiro;2026-08-18T03:44:06.696316+00:00;https://www.saude.rj.gov.br/ouvidoria/participe;1;desktop-1366;probe.readability;heuristic;incomplete;;moderado;;;;;1;cognitiva_neurodivergencia|baixa_conectividade;lbi.art18|lai.art8.par3.viii|lei13460.art5;Legibilidade do conteúdo principal em 0.0 pontos — faixa muito difícil (exige ensino superior).;A publicação de informação de saúde em registro linguístico inacessível à população destinatária esvazia materialmente o dever de oferta de comunicação e informação adequadas (art. 18, § 4º, IV, LBI) e o dever de transparência ativa (art. 8º, § 3º, LAI). A informação torna-se disponível sem se tornar acessível.
6fe38510-4a71-4052-a384-030c4ce5628a;gov-br-saude;Portal gov.br — área de Saúde;2026-08-19T04:04:05.224393+00:00;https://www.gov.br/saude/pt-br;0;mobile-320;button-name;axe-core;fail;critical;critico;4.1.2;4.1.2;robusto;A;1;cegueira|fala|motora;lbi.art63.caput|lbi.art3.iv.d|lbi.art4|dec5296.art47|emag.3.1|lbi.art18|cf.art196|onu.art25|lbi.art74|onu.art9;Buttons must have discernible text;Controle sem nome, função ou valor expostos simplesmente não existe para a tecnologia assistiva: o serviço é, para o usuário cego, inexistente. É a forma mais severa de barreira na informação do art. 3º, IV, 'd'.
6fe38510-4a71-4052-a384-030c4ce5628a;gov-br-saude;Portal gov.br — área de Saúde;2026-08-19T04:04:05.224393+00:00;https://www.gov.br/saude/pt-br;0;mobile-320;link-name;axe-core;fail;serious;critico;2.4.4|4.1.2;2.4.4;operavel;A;6;cegueira|cognitiva_neurodivergencia|fala|motora;lbi.art63.caput|lbi.art3.iv.d|lbi.art4|dec5296.art47|emag.3.1|lbi.art18|cf.art196|onu.art25|lbi.art74|onu.art9;Links must have discernible text;Controle sem nome, função ou valor expostos simplesmente não existe para a tecnologia assistiva: o serviço é, para o usuário cego, inexistente. É a forma mais severa de barreira na informação do art. 3º, IV, 'd'.
6fe38510-4a71-4052-a384-030c4ce5628a;gov-br-saude;Portal gov.br — área de Saúde;2026-08-19T04:04:05.224393+00:00;https://www.gov.br/saude/pt-br;0;mobile-320;aria-valid-attr-value;axe-core;incomplete;;critico;4.1.2;4.1.2;robusto;A;2;cegueira|fala|motora;lbi.art63.caput|lbi.art3.iv.d|lbi.art4|dec5296.art47|emag.3.1|lbi.art18|cf.art196|onu.art25|lbi.art74|onu.art9;ARIA attributes must conform to valid values;Controle sem nome, função ou valor expostos simplesmente não existe para a tecnologia assistiva: o serviço é, para o usuário cego, inexistente. É a forma mais severa de barreira na informação do art. 3º, IV, 'd'.
6fe38510-4a71-4052-a384-030c4ce5628a;gov-br-saude;Portal gov.br — área de Saúde;2026-08-19T04:04:05.224393+00:00;https://www.gov.br/saude/pt-br;0;mobile-320;color-contrast;axe-core;incomplete;;alto;1.4.3;1.4.3;perceptivel;AA;12;baixa_visao|cognitiva_neurodivergencia|visao_de_cores;lbi.art63.caput|lbi.art3.iv.d|lbi.art4|dec5296.art47|emag.3.1|lbi.art18|cf.art196|onu.art25|cf.art5.xiv|lai.art8.par3.viii;Elements must meet minimum color contrast ratio thresholds;"O contraste insuficiente é a barreira de comunicação mais prevalente e atinge diretamente a população idosa usuária do SUS; sua persistência em portal público caracteriza descumprimento continuado do art. 63, caput, da LBI e do art. 47 do Decreto 5.296/2004."
6fe38510-4a71-4052-a384-030c4ce5628a;gov-br-saude;Portal gov.br — área de Saúde;2026-08-19T04:04:05.224393+00:00;https://www.gov.br/saude/pt-br;0;mobile-320;probe.placeholder-como-rotulo;probe;fail;serious;alto;3.3.2;3.3.2;compreensivel;A;1;baixa_visao|cegueira|cognitiva_neurodivergencia;lbi.art63.caput|lbi.art3.iv.d|lbi.art4|dec5296.art47|emag.3.1|lbi.art18|cf.art196|onu.art25|lbi.art74|lbi.art3.i;1 campo(s) de formulário são identificados apenas pelo texto de placeholder.;Campo sem rótulo programático torna indeterminável o dado solicitado, inviabilizando o preenchimento autônomo (art. 3º, I, LBI).
6fe38510-4a71-4052-a384-030c4ce5628a;gov-br-saude;Portal gov.br — área de Saúde;2026-08-19T04:04:05.224393+00:00;https://www.gov.br/saude/pt-br;0;mobile-320;probe.data-cost;probe;fail;moderate;moderado;;;;;1;baixa_conectividade;cf.art196|lbi.art18|lei13460.art5|cf.art5.xiv;Um único acesso a esta página consome 6.93 MB, ou 0.068% da franquia mensal do plano de referência (2.0 centavos).;O custo de dados exigido para acessar o serviço digital de saúde transfere ao cidadão um ônus econômico como condição de exercício de direito fundamental. Quando esse ônus recai desproporcionalmente sobre a população de menor renda — a mesma que depende exclusivamente do SUS — o acesso deixa de ser universal e igualitário, em desacordo com o art. 196 da CF/88 e com o dever de informação adequada do art. 18, § 4º da Lei 13.146/2015. A parcela do tráfego destinada a terceiros agrava a situação: o usuário custeia recursos que não lhe prestam o serviço público solicitado.
6fe38510-4a71-4052-a384-030c4ce5628a;gov-br-saude;Portal gov.br — área de Saúde;2026-08-19T04:04:05.224393+00:00;https://www.gov.br/saude/pt-br;0;desktop-1366;button-name;axe-core;fail;critical;critico;4.1.2;4.1.2;robusto;A;1;cegueira|fala|motora;lbi.art63.caput|lbi.art3.iv.d|lbi.art4|dec5296.art47|emag.3.1|lbi.art18|cf.art196|onu.art25|lbi.art74|onu.art9;Buttons must have discernible text;Controle sem nome, função ou valor expostos simplesmente não existe para a tecnologia assistiva: o serviço é, para o usuário cego, inexistente. É a forma mais severa de barreira na informação do art. 3º, IV, 'd'.
6fe38510-4a71-4052-a384-030c4ce5628a;gov-br-saude;Portal gov.br — área de Saúde;2026-08-19T04:04:05.224393+00:00;https://www.gov.br/saude/pt-br;0;desktop-1366;link-name;axe-core;fail;serious;critico;2.4.4|4.1.2;2.4.4;operavel;A;6;cegueira|cognitiva_neurodivergencia|fala|motora;lbi.art63.caput|lbi.art3.iv.d|lbi.art4|dec5296.art47|emag.3.1|lbi.art18|cf.art196|onu.art25|lbi.art74|onu.art9;Links must have discernible text;Controle sem nome, função ou valor expostos simplesmente não existe para a tecnologia assistiva: o serviço é, para o usuário cego, inexistente. É a forma mais severa de barreira na informação do art. 3º, IV, 'd'.
6fe38510-4a71-4052-a384-030c4ce5628a;gov-br-saude;Portal gov.br — área de Saúde;2026-08-19T04:04:05.224393+00:00;https://www.gov.br/saude/pt-br;0;desktop-1366;aria-valid-attr-value;axe-core;incomplete;;critico;4.1.2;4.1.2;robusto;A;2;cegueira|fala|motora;lbi.art63.caput|lbi.art3.iv.d|lbi.art4|dec5296.art47|emag.3.1|lbi.art18|cf.art196|onu.art25|lbi.art74|onu.art9;ARIA attributes must conform to valid values;Controle sem nome, função ou valor expostos simplesmente não existe para a tecnologia assistiva: o serviço é, para o usuário cego, inexistente. É a forma mais severa de barreira na informação do art. 3º, IV, 'd'.
6fe38510-4a71-4052-a384-030c4ce5628a;gov-br-saude;Portal gov.br — área de Saúde;2026-08-19T04:04:05.224393+00:00;https://www.gov.br/saude/pt-br;0;desktop-1366;color-contrast;axe-core;incomplete;;alto;1.4.3;1.4.3;perceptivel;AA;13;baixa_visao|cognitiva_neurodivergencia|visao_de_cores;lbi.art63.caput|lbi.art3.iv.d|lbi.art4|dec5296.art47|emag.3.1|lbi.art18|cf.art196|onu.art25|cf.art5.xiv|lai.art8.par3.viii;Elements must meet minimum color contrast ratio thresholds;"O contraste insuficiente é a barreira de comunicação mais prevalente e atinge diretamente a população idosa usuária do SUS; sua persistência em portal público caracteriza descumprimento continuado do art. 63, caput, da LBI e do art. 47 do Decreto 5.296/2004."
6fe38510-4a71-4052-a384-030c4ce5628a;gov-br-saude;Portal gov.br — área de Saúde;2026-08-19T04:04:05.224393+00:00;https://www.gov.br/saude/pt-br;0;desktop-1366;probe.placeholder-como-rotulo;probe;fail;serious;alto;3.3.2;3.3.2;compreensivel;A;1;baixa_visao|cegueira|cognitiva_neurodivergencia;lbi.art63.caput|lbi.art3.iv.d|lbi.art4|dec5296.art47|emag.3.1|lbi.art18|cf.art196|onu.art25|lbi.art74|lbi.art3.i;1 campo(s) de formulário são identificados apenas pelo texto de placeholder.;Campo sem rótulo programático torna indeterminável o dado solicitado, inviabilizando o preenchimento autônomo (art. 3º, I, LBI).
6fe38510-4a71-4052-a384-030c4ce5628a;gov-br-saude;Portal gov.br — área de Saúde;2026-08-19T04:04:05.224393+00:00;https://www.gov.br/saude/pt-br;0;desktop-1366;probe.data-cost;probe;fail;moderate;moderado;;;;;1;baixa_conectividade;cf.art196|lbi.art18|lei13460.art5|cf.art5.xiv;Um único acesso a esta página consome 6.61 MB, ou 0.065% da franquia mensal do plano de referência (1.9 centavo).;O custo de dados exigido para acessar o serviço digital de saúde transfere ao cidadão um ônus econômico como condição de exercício de direito fundamental. Quando esse ônus recai desproporcionalmente sobre a população de menor renda — a mesma que depende exclusivamente do SUS — o acesso deixa de ser universal e igualitário, em desacordo com o art. 196 da CF/88 e com o dever de informação adequada do art. 18, § 4º da Lei 13.146/2015. A parcela do tráfego destinada a terceiros agrava a situação: o usuário custeia recursos que não lhe prestam o serviço público solicitado.
6fe38510-4a71-4052-a384-030c4ce5628a;gov-br-saude;Portal gov.br — área de Saúde;2026-08-19T04:04:05.224393+00:00;https://www.gov.br/saude/pt-br;0;desktop-1366;probe.readability;heuristic;incomplete;;moderado;;;;;1;cognitiva_neurodivergencia|baixa_conectividade;lbi.art18|lai.art8.par3.viii|lei13460.art5;Legibilidade do conteúdo principal em 0.0 pontos — faixa muito difícil (exige ensino superior).;A publicação de informação de saúde em registro linguístico inacessível à população destinatária esvazia materialmente o dever de oferta de comunicação e informação adequadas (art. 18, § 4º, IV, LBI) e o dever de transparência ativa (art. 8º, § 3º, LAI). A informação torna-se disponível sem se tornar acessível.
6fe38510-4a71-4052-a384-030c4ce5628a;gov-br-saude;Portal gov.br — área de Saúde;2026-08-19T04:04:05.224393+00:00;https://www.gov.br/saude/pt-br/assuntos/saude-de-a-a-z;0;mobile-320;button-name;axe-core;fail;critical;critico;4.1.2;4.1.2;robusto;A;1;cegueira|fala|motora;lbi.art63.caput|lbi.art3.iv.d|lbi.art4|dec5296.art47|emag.3.1|lbi.art18|cf.art196|onu.art25|lbi.art74|onu.art9;Buttons must have discernible text;Controle sem nome, função ou valor expostos simplesmente não existe para a tecnologia assistiva: o serviço é, para o usuário cego, inexistente. É a forma mais severa de barreira na informação do art. 3º, IV, 'd'.
6fe38510-4a71-4052-a384-030c4ce5628a;gov-br-saude;Portal gov.br — área de Saúde;2026-08-19T04:04:05.224393+00:00;https://www.gov.br/saude/pt-br/assuntos/saude-de-a-a-z;0;mobile-320;aria-valid-attr-value;axe-core;incomplete;;critico;4.1.2;4.1.2;robusto;A;2;cegueira|fala|motora;lbi.art63.caput|lbi.art3.iv.d|lbi.art4|dec5296.art47|emag.3.1|lbi.art18|cf.art196|onu.art25|lbi.art74|onu.art9;ARIA attributes must conform to valid values;Controle sem nome, função ou valor expostos simplesmente não existe para a tecnologia assistiva: o serviço é, para o usuário cego, inexistente. É a forma mais severa de barreira na informação do art. 3º, IV, 'd'.
6fe38510-4a71-4052-a384-030c4ce5628a;gov-br-saude;Portal gov.br — área de Saúde;2026-08-19T04:04:05.224393+00:00;https://www.gov.br/saude/pt-br/assuntos/saude-de-a-a-z;0;mobile-320;color-contrast;axe-core;incomplete;;alto;1.4.3;1.4.3;perceptivel;AA;6;baixa_visao|cognitiva_neurodivergencia|visao_de_cores;lbi.art63.caput|lbi.art3.iv.d|lbi.art4|dec5296.art47|emag.3.1|lbi.art18|cf.art196|onu.art25|cf.art5.xiv|lai.art8.par3.viii;Elements must meet minimum color contrast ratio thresholds;"O contraste insuficiente é a barreira de comunicação mais prevalente e atinge diretamente a população idosa usuária do SUS; sua persistência em portal público caracteriza descumprimento continuado do art. 63, caput, da LBI e do art. 47 do Decreto 5.296/2004."
6fe38510-4a71-4052-a384-030c4ce5628a;gov-br-saude;Portal gov.br — área de Saúde;2026-08-19T04:04:05.224393+00:00;https://www.gov.br/saude/pt-br/assuntos/saude-de-a-a-z;0;mobile-320;probe.placeholder-como-rotulo;probe;fail;serious;alto;3.3.2;3.3.2;compreensivel;A;1;baixa_visao|cegueira|cognitiva_neurodivergencia;lbi.art63.caput|lbi.art3.iv.d|lbi.art4|dec5296.art47|emag.3.1|lbi.art18|cf.art196|onu.art25|lbi.art74|lbi.art3.i;1 campo(s) de formulário são identificados apenas pelo texto de placeholder.;Campo sem rótulo programático torna indeterminável o dado solicitado, inviabilizando o preenchimento autônomo (art. 3º, I, LBI).
6fe38510-4a71-4052-a384-030c4ce5628a;gov-br-saude;Portal gov.br — área de Saúde;2026-08-19T04:04:05.224393+00:00;https://www.gov.br/saude/pt-br/assuntos/saude-de-a-a-z;0;mobile-320;probe.data-cost;probe;fail;serious;moderado;;;;;1;baixa_conectividade;cf.art196|lbi.art18|lei13460.art5|cf.art5.xiv;Um único acesso a esta página consome 2.44 MB, ou 0.024% da franquia mensal do plano de referência (0.7 centavo).;O custo de dados exigido para acessar o serviço digital de saúde transfere ao cidadão um ônus econômico como condição de exercício de direito fundamental. Quando esse ônus recai desproporcionalmente sobre a população de menor renda — a mesma que depende exclusivamente do SUS — o acesso deixa de ser universal e igualitário, em desacordo com o art. 196 da CF/88 e com o dever de informação adequada do art. 18, § 4º da Lei 13.146/2015. A parcela do tráfego destinada a terceiros agrava a situação: o usuário custeia recursos que não lhe prestam o serviço público solicitado.
6fe38510-4a71-4052-a384-030c4ce5628a;gov-br-saude;Portal gov.br — área de Saúde;2026-08-19T04:04:05.224393+00:00;https://www.gov.br/saude/pt-br/assuntos/saude-de-a-a-z;0;desktop-1366;button-name;axe-core;fail;critical;critico;4.1.2;4.1.2;robusto;A;1;cegueira|fala|motora;lbi.art63.caput|lbi.art3.iv.d|lbi.art4|dec5296.art47|emag.3.1|lbi.art18|cf.art196|onu.art25|lbi.art74|onu.art9;Buttons must have discernible text;Controle sem nome, função ou valor expostos simplesmente não existe para a tecnologia assistiva: o serviço é, para o usuário cego, inexistente. É a forma mais severa de barreira na informação do art. 3º, IV, 'd'.
6fe38510-4a71-4052-a384-030c4ce5628a;gov-br-saude;Portal gov.br — área de Saúde;2026-08-19T04:04:05.224393+00:00;https://www.gov.br/saude/pt-br/assuntos/saude-de-a-a-z;0;desktop-1366;aria-valid-attr-value;axe-core;incomplete;;critico;4.1.2;4.1.2;robusto;A;2;cegueira|fala|motora;lbi.art63.caput|lbi.art3.iv.d|lbi.art4|dec5296.art47|emag.3.1|lbi.art18|cf.art196|onu.art25|lbi.art74|onu.art9;ARIA attributes must conform to valid values;Controle sem nome, função ou valor expostos simplesmente não existe para a tecnologia assistiva: o serviço é, para o usuário cego, inexistente. É a forma mais severa de barreira na informação do art. 3º, IV, 'd'.
6fe38510-4a71-4052-a384-030c4ce5628a;gov-br-saude;Portal gov.br — área de Saúde;2026-08-19T04:04:05.224393+00:00;https://www.gov.br/saude/pt-br/assuntos/saude-de-a-a-z;0;desktop-1366;color-contrast;axe-core;incomplete;;alto;1.4.3;1.4.3;perceptivel;AA;5;baixa_visao|cognitiva_neurodivergencia|visao_de_cores;lbi.art63.caput|lbi.art3.iv.d|lbi.art4|dec5296.art47|emag.3.1|lbi.art18|cf.art196|onu.art25|cf.art5.xiv|lai.art8.par3.viii;Elements must meet minimum color contrast ratio thresholds;"O contraste insuficiente é a barreira de comunicação mais prevalente e atinge diretamente a população idosa usuária do SUS; sua persistência em portal público caracteriza descumprimento continuado do art. 63, caput, da LBI e do art. 47 do Decreto 5.296/2004."
6fe38510-4a71-4052-a384-030c4ce5628a;gov-br-saude;Portal gov.br — área de Saúde;2026-08-19T04:04:05.224393+00:00;https://www.gov.br/saude/pt-br/assuntos/saude-de-a-a-z;0;desktop-1366;probe.placeholder-como-rotulo;probe;fail;serious;alto;3.3.2;3.3.2;compreensivel;A;1;baixa_visao|cegueira|cognitiva_neurodivergencia;lbi.art63.caput|lbi.art3.iv.d|lbi.art4|dec5296.art47|emag.3.1|lbi.art18|cf.art196|onu.art25|lbi.art74|lbi.art3.i;1 campo(s) de formulário são identificados apenas pelo texto de placeholder.;Campo sem rótulo programático torna indeterminável o dado solicitado, inviabilizando o preenchimento autônomo (art. 3º, I, LBI).
6fe38510-4a71-4052-a384-030c4ce5628a;gov-br-saude;Portal gov.br — área de Saúde;2026-08-19T04:04:05.224393+00:00;https://www.gov.br/saude/pt-br/assuntos/saude-de-a-a-z;0;desktop-1366;probe.data-cost;probe;fail;serious;moderado;;;;;1;baixa_conectividade;cf.art196|lbi.art18|lei13460.art5|cf.art5.xiv;Um único acesso a esta página consome 2.44 MB, ou 0.024% da franquia mensal do plano de referência (0.7 centavo).;O custo de dados exigido para acessar o serviço digital de saúde transfere ao cidadão um ônus econômico como condição de exercício de direito fundamental. Quando esse ônus recai desproporcionalmente sobre a população de menor renda — a mesma que depende exclusivamente do SUS — o acesso deixa de ser universal e igualitário, em desacordo com o art. 196 da CF/88 e com o dever de informação adequada do art. 18, § 4º da Lei 13.146/2015. A parcela do tráfego destinada a terceiros agrava a situação: o usuário custeia recursos que não lhe prestam o serviço público solicitado.
6fe38510-4a71-4052-a384-030c4ce5628a;gov-br-saude;Portal gov.br — área de Saúde;2026-08-19T04:04:05.224393+00:00;https://www.gov.br/saude/pt-br/composicao/saes;0;mobile-320;button-name;axe-core;fail;critical;critico;4.1.2;4.1.2;robusto;A;1;cegueira|fala|motora;lbi.art63.caput|lbi.art3.iv.d|lbi.art4|dec5296.art47|emag.3.1|lbi.art18|cf.art196|onu.art25|lbi.art74|onu.art9;Buttons must have discernible text;Controle sem nome, função ou valor expostos simplesmente não existe para a tecnologia assistiva: o serviço é, para o usuário cego, inexistente. É a forma mais severa de barreira na informação do art. 3º, IV, 'd'.
6fe38510-4a71-4052-a384-030c4ce5628a;gov-br-saude;Portal gov.br — área de Saúde;2026-08-19T04:04:05.224393+00:00;https://www.gov.br/saude/pt-br/composicao/saes;0;mobile-320;aria-valid-attr-value;axe-core;incomplete;;critico;4.1.2;4.1.2;robusto;A;2;cegueira|fala|motora;lbi.art63.caput|lbi.art3.iv.d|lbi.art4|dec5296.art47|emag.3.1|lbi.art18|cf.art196|onu.art25|lbi.art74|onu.art9;ARIA attributes must conform to valid values;Controle sem nome, função ou valor expostos simplesmente não existe para a tecnologia assistiva: o serviço é, para o usuário cego, inexistente. É a forma mais severa de barreira na informação do art. 3º, IV, 'd'.
6fe38510-4a71-4052-a384-030c4ce5628a;gov-br-saude;Portal gov.br — área de Saúde;2026-08-19T04:04:05.224393+00:00;https://www.gov.br/saude/pt-br/composicao/saes;0;mobile-320;color-contrast;axe-core;incomplete;;alto;1.4.3;1.4.3;perceptivel;AA;6;baixa_visao|cognitiva_neurodivergencia|visao_de_cores;lbi.art63.caput|lbi.art3.iv.d|lbi.art4|dec5296.art47|emag.3.1|lbi.art18|cf.art196|onu.art25|cf.art5.xiv|lai.art8.par3.viii;Elements must meet minimum color contrast ratio thresholds;"O contraste insuficiente é a barreira de comunicação mais prevalente e atinge diretamente a população idosa usuária do SUS; sua persistência em portal público caracteriza descumprimento continuado do art. 63, caput, da LBI e do art. 47 do Decreto 5.296/2004."
6fe38510-4a71-4052-a384-030c4ce5628a;gov-br-saude;Portal gov.br — área de Saúde;2026-08-19T04:04:05.224393+00:00;https://www.gov.br/saude/pt-br/composicao/saes;0;mobile-320;probe.placeholder-como-rotulo;probe;fail;serious;alto;3.3.2;3.3.2;compreensivel;A;1;baixa_visao|cegueira|cognitiva_neurodivergencia;lbi.art63.caput|lbi.art3.iv.d|lbi.art4|dec5296.art47|emag.3.1|lbi.art18|cf.art196|onu.art25|lbi.art74|lbi.art3.i;1 campo(s) de formulário são identificados apenas pelo texto de placeholder.;Campo sem rótulo programático torna indeterminável o dado solicitado, inviabilizando o preenchimento autônomo (art. 3º, I, LBI).
6fe38510-4a71-4052-a384-030c4ce5628a;gov-br-saude;Portal gov.br — área de Saúde;2026-08-19T04:04:05.224393+00:00;https://www.gov.br/saude/pt-br/composicao/saes;0;mobile-320;probe.data-cost;probe;fail;serious;moderado;;;;;1;baixa_conectividade;cf.art196|lbi.art18|lei13460.art5|cf.art5.xiv;Um único acesso a esta página consome 2.49 MB, ou 0.024% da franquia mensal do plano de referência (0.7 centavo).;O custo de dados exigido para acessar o serviço digital de saúde transfere ao cidadão um ônus econômico como condição de exercício de direito fundamental. Quando esse ônus recai desproporcionalmente sobre a população de menor renda — a mesma que depende exclusivamente do SUS — o acesso deixa de ser universal e igualitário, em desacordo com o art. 196 da CF/88 e com o dever de informação adequada do art. 18, § 4º da Lei 13.146/2015. A parcela do tráfego destinada a terceiros agrava a situação: o usuário custeia recursos que não lhe prestam o serviço público solicitado.
6fe38510-4a71-4052-a384-030c4ce5628a;gov-br-saude;Portal gov.br — área de Saúde;2026-08-19T04:04:05.224393+00:00;https://www.gov.br/saude/pt-br/composicao/saes;0;desktop-1366;button-name;axe-core;fail;critical;critico;4.1.2;4.1.2;robusto;A;1;cegueira|fala|motora;lbi.art63.caput|lbi.art3.iv.d|lbi.art4|dec5296.art47|emag.3.1|lbi.art18|cf.art196|onu.art25|lbi.art74|onu.art9;Buttons must have discernible text;Controle sem nome, função ou valor expostos simplesmente não existe para a tecnologia assistiva: o serviço é, para o usuário cego, inexistente. É a forma mais severa de barreira na informação do art. 3º, IV, 'd'.
6fe38510-4a71-4052-a384-030c4ce5628a;gov-br-saude;Portal gov.br — área de Saúde;2026-08-19T04:04:05.224393+00:00;https://www.gov.br/saude/pt-br/composicao/saes;0;desktop-1366;aria-valid-attr-value;axe-core;incomplete;;critico;4.1.2;4.1.2;robusto;A;2;cegueira|fala|motora;lbi.art63.caput|lbi.art3.iv.d|lbi.art4|dec5296.art47|emag.3.1|lbi.art18|cf.art196|onu.art25|lbi.art74|onu.art9;ARIA attributes must conform to valid values;Controle sem nome, função ou valor expostos simplesmente não existe para a tecnologia assistiva: o serviço é, para o usuário cego, inexistente. É a forma mais severa de barreira na informação do art. 3º, IV, 'd'.
6fe38510-4a71-4052-a384-030c4ce5628a;gov-br-saude;Portal gov.br — área de Saúde;2026-08-19T04:04:05.224393+00:00;https://www.gov.br/saude/pt-br/composicao/saes;0;desktop-1366;color-contrast;axe-core;incomplete;;alto;1.4.3;1.4.3;perceptivel;AA;3;baixa_visao|cognitiva_neurodivergencia|visao_de_cores;lbi.art63.caput|lbi.art3.iv.d|lbi.art4|dec5296.art47|emag.3.1|lbi.art18|cf.art196|onu.art25|cf.art5.xiv|lai.art8.par3.viii;Elements must meet minimum color contrast ratio thresholds;"O contraste insuficiente é a barreira de comunicação mais prevalente e atinge diretamente a população idosa usuária do SUS; sua persistência em portal público caracteriza descumprimento continuado do art. 63, caput, da LBI e do art. 47 do Decreto 5.296/2004."
6fe38510-4a71-4052-a384-030c4ce5628a;gov-br-saude;Portal gov.br — área de Saúde;2026-08-19T04:04:05.224393+00:00;https://www.gov.br/saude/pt-br/composicao/saes;0;desktop-1366;probe.placeholder-como-rotulo;probe;fail;serious;alto;3.3.2;3.3.2;compreensivel;A;1;baixa_visao|cegueira|cognitiva_neurodivergencia;lbi.art63.caput|lbi.art3.iv.d|lbi.art4|dec5296.art47|emag.3.1|lbi.art18|cf.art196|onu.art25|lbi.art74|lbi.art3.i;1 campo(s) de formulário são identificados apenas pelo texto de placeholder.;Campo sem rótulo programático torna indeterminável o dado solicitado, inviabilizando o preenchimento autônomo (art. 3º, I, LBI).
6fe38510-4a71-4052-a384-030c4ce5628a;gov-br-saude;Portal gov.br — área de Saúde;2026-08-19T04:04:05.224393+00:00;https://www.gov.br/saude/pt-br/composicao/saes;0;desktop-1366;probe.data-cost;probe;fail;serious;moderado;;;;;1;baixa_conectividade;cf.art196|lbi.art18|lei13460.art5|cf.art5.xiv;Um único acesso a esta página consome 2.51 MB, ou 0.025% da franquia mensal do plano de referência (0.7 centavo).;O custo de dados exigido para acessar o serviço digital de saúde transfere ao cidadão um ônus econômico como condição de exercício de direito fundamental. Quando esse ônus recai desproporcionalmente sobre a população de menor renda — a mesma que depende exclusivamente do SUS — o acesso deixa de ser universal e igualitário, em desacordo com o art. 196 da CF/88 e com o dever de informação adequada do art. 18, § 4º da Lei 13.146/2015. A parcela do tráfego destinada a terceiros agrava a situação: o usuário custeia recursos que não lhe prestam o serviço público solicitado.
6fe38510-4a71-4052-a384-030c4ce5628a;gov-br-saude;Portal gov.br — área de Saúde;2026-08-19T04:04:05.224393+00:00;https://www.gov.br/saude/pt-br/composicao/saes;0;desktop-1366;probe.readability;heuristic;incomplete;;moderado;;;;;1;cognitiva_neurodivergencia|baixa_conectividade;lbi.art18|lai.art8.par3.viii|lei13460.art5;Legibilidade do conteúdo principal em 28.67 pontos — faixa difícil (exige ensino médio completo).;A publicação de informação de saúde em registro linguístico inacessível à população destinatária esvazia materialmente o dever de oferta de comunicação e informação adequadas (art. 18, § 4º, IV, LBI) e o dever de transparência ativa (art. 8º, § 3º, LAI). A informação torna-se disponível sem se tornar acessível.
c71ef492-5b98-448d-969b-c5f8f293641e;gov-br-saude;Portal gov.br — área de Saúde;2026-08-18T21:51:15.308650+00:00;https://www.gov.br/saude/pt-br;0;mobile-320;button-name;axe-core;fail;critical;critico;4.1.2;4.1.2;robusto;A;1;cegueira|fala|motora;lbi.art63.caput|lbi.art3.iv.d|lbi.art4|dec5296.art47|emag.3.1|lbi.art18|cf.art196|onu.art25|lbi.art74|onu.art9;Buttons must have discernible text;Controle sem nome, função ou valor expostos simplesmente não existe para a tecnologia assistiva: o serviço é, para o usuário cego, inexistente. É a forma mais severa de barreira na informação do art. 3º, IV, 'd'.
c71ef492-5b98-448d-969b-c5f8f293641e;gov-br-saude;Portal gov.br — área de Saúde;2026-08-18T21:51:15.308650+00:00;https://www.gov.br/saude/pt-br;0;mobile-320;link-name;axe-core;fail;serious;critico;2.4.4|4.1.2;2.4.4;operavel;A;6;cegueira|cognitiva_neurodivergencia|fala|motora;lbi.art63.caput|lbi.art3.iv.d|lbi.art4|dec5296.art47|emag.3.1|lbi.art18|cf.art196|onu.art25|lbi.art74|onu.art9;Links must have discernible text;Controle sem nome, função ou valor expostos simplesmente não existe para a tecnologia assistiva: o serviço é, para o usuário cego, inexistente. É a forma mais severa de barreira na informação do art. 3º, IV, 'd'.
c71ef492-5b98-448d-969b-c5f8f293641e;gov-br-saude;Portal gov.br — área de Saúde;2026-08-18T21:51:15.308650+00:00;https://www.gov.br/saude/pt-br;0;mobile-320;aria-valid-attr-value;axe-core;incomplete;;critico;4.1.2;4.1.2;robusto;A;2;cegueira|fala|motora;lbi.art63.caput|lbi.art3.iv.d|lbi.art4|dec5296.art47|emag.3.1|lbi.art18|cf.art196|onu.art25|lbi.art74|onu.art9;ARIA attributes must conform to valid values;Controle sem nome, função ou valor expostos simplesmente não existe para a tecnologia assistiva: o serviço é, para o usuário cego, inexistente. É a forma mais severa de barreira na informação do art. 3º, IV, 'd'.
c71ef492-5b98-448d-969b-c5f8f293641e;gov-br-saude;Portal gov.br — área de Saúde;2026-08-18T21:51:15.308650+00:00;https://www.gov.br/saude/pt-br;0;mobile-320;color-contrast;axe-core;incomplete;;alto;1.4.3;1.4.3;perceptivel;AA;12;baixa_visao|cognitiva_neurodivergencia|visao_de_cores;lbi.art63.caput|lbi.art3.iv.d|lbi.art4|dec5296.art47|emag.3.1|lbi.art18|cf.art196|onu.art25|cf.art5.xiv|lai.art8.par3.viii;Elements must meet minimum color contrast ratio thresholds;"O contraste insuficiente é a barreira de comunicação mais prevalente e atinge diretamente a população idosa usuária do SUS; sua persistência em portal público caracteriza descumprimento continuado do art. 63, caput, da LBI e do art. 47 do Decreto 5.296/2004."
c71ef492-5b98-448d-969b-c5f8f293641e;gov-br-saude;Portal gov.br — área de Saúde;2026-08-18T21:51:15.308650+00:00;https://www.gov.br/saude/pt-br;0;mobile-320;probe.placeholder-como-rotulo;probe;fail;serious;alto;3.3.2;3.3.2;compreensivel;A;1;baixa_visao|cegueira|cognitiva_neurodivergencia;lbi.art63.caput|lbi.art3.iv.d|lbi.art4|dec5296.art47|emag.3.1|lbi.art18|cf.art196|onu.art25|lbi.art74|lbi.art3.i;1 campo(s) de formulário são identificados apenas pelo texto de placeholder.;Campo sem rótulo programático torna indeterminável o dado solicitado, inviabilizando o preenchimento autônomo (art. 3º, I, LBI).
c71ef492-5b98-448d-969b-c5f8f293641e;gov-br-saude;Portal gov.br — área de Saúde;2026-08-18T21:51:15.308650+00:00;https://www.gov.br/saude/pt-br;0;mobile-320;probe.data-cost;probe;fail;moderate;moderado;;;;;1;baixa_conectividade;cf.art196|lbi.art18|lei13460.art5|cf.art5.xiv;Um único acesso a esta página consome 6.14 MB, ou 0.060% da franquia mensal do plano de referência (1.8 centavo).;O custo de dados exigido para acessar o serviço digital de saúde transfere ao cidadão um ônus econômico como condição de exercício de direito fundamental. Quando esse ônus recai desproporcionalmente sobre a população de menor renda — a mesma que depende exclusivamente do SUS — o acesso deixa de ser universal e igualitário, em desacordo com o art. 196 da CF/88 e com o dever de informação adequada do art. 18, § 4º da Lei 13.146/2015. A parcela do tráfego destinada a terceiros agrava a situação: o usuário custeia recursos que não lhe prestam o serviço público solicitado.
c71ef492-5b98-448d-969b-c5f8f293641e;gov-br-saude;Portal gov.br — área de Saúde;2026-08-18T21:51:15.308650+00:00;https://www.gov.br/saude/pt-br;0;desktop-1366;button-name;axe-core;fail;critical;critico;4.1.2;4.1.2;robusto;A;1;cegueira|fala|motora;lbi.art63.caput|lbi.art3.iv.d|lbi.art4|dec5296.art47|emag.3.1|lbi.art18|cf.art196|onu.art25|lbi.art74|onu.art9;Buttons must have discernible text;Controle sem nome, função ou valor expostos simplesmente não existe para a tecnologia assistiva: o serviço é, para o usuário cego, inexistente. É a forma mais severa de barreira na informação do art. 3º, IV, 'd'.
c71ef492-5b98-448d-969b-c5f8f293641e;gov-br-saude;Portal gov.br — área de Saúde;2026-08-18T21:51:15.308650+00:00;https://www.gov.br/saude/pt-br;0;desktop-1366;link-name;axe-core;fail;serious;critico;2.4.4|4.1.2;2.4.4;operavel;A;6;cegueira|cognitiva_neurodivergencia|fala|motora;lbi.art63.caput|lbi.art3.iv.d|lbi.art4|dec5296.art47|emag.3.1|lbi.art18|cf.art196|onu.art25|lbi.art74|onu.art9;Links must have discernible text;Controle sem nome, função ou valor expostos simplesmente não existe para a tecnologia assistiva: o serviço é, para o usuário cego, inexistente. É a forma mais severa de barreira na informação do art. 3º, IV, 'd'.
c71ef492-5b98-448d-969b-c5f8f293641e;gov-br-saude;Portal gov.br — área de Saúde;2026-08-18T21:51:15.308650+00:00;https://www.gov.br/saude/pt-br;0;desktop-1366;aria-valid-attr-value;axe-core;incomplete;;critico;4.1.2;4.1.2;robusto;A;2;cegueira|fala|motora;lbi.art63.caput|lbi.art3.iv.d|lbi.art4|dec5296.art47|emag.3.1|lbi.art18|cf.art196|onu.art25|lbi.art74|onu.art9;ARIA attributes must conform to valid values;Controle sem nome, função ou valor expostos simplesmente não existe para a tecnologia assistiva: o serviço é, para o usuário cego, inexistente. É a forma mais severa de barreira na informação do art. 3º, IV, 'd'.
c71ef492-5b98-448d-969b-c5f8f293641e;gov-br-saude;Portal gov.br — área de Saúde;2026-08-18T21:51:15.308650+00:00;https://www.gov.br/saude/pt-br;0;desktop-1366;color-contrast;axe-core;incomplete;;alto;1.4.3;1.4.3;perceptivel;AA;20;baixa_visao|cognitiva_neurodivergencia|visao_de_cores;lbi.art63.caput|lbi.art3.iv.d|lbi.art4|dec5296.art47|emag.3.1|lbi.art18|cf.art196|onu.art25|cf.art5.xiv|lai.art8.par3.viii;Elements must meet minimum color contrast ratio thresholds;"O contraste insuficiente é a barreira de comunicação mais prevalente e atinge diretamente a população idosa usuária do SUS; sua persistência em portal público caracteriza descumprimento continuado do art. 63, caput, da LBI e do art. 47 do Decreto 5.296/2004."
c71ef492-5b98-448d-969b-c5f8f293641e;gov-br-saude;Portal gov.br — área de Saúde;2026-08-18T21:51:15.308650+00:00;https://www.gov.br/saude/pt-br;0;desktop-1366;probe.placeholder-como-rotulo;probe;fail;serious;alto;3.3.2;3.3.2;compreensivel;A;1;baixa_visao|cegueira|cognitiva_neurodivergencia;lbi.art63.caput|lbi.art3.iv.d|lbi.art4|dec5296.art47|emag.3.1|lbi.art18|cf.art196|onu.art25|lbi.art74|lbi.art3.i;1 campo(s) de formulário são identificados apenas pelo texto de placeholder.;Campo sem rótulo programático torna indeterminável o dado solicitado, inviabilizando o preenchimento autônomo (art. 3º, I, LBI).
c71ef492-5b98-448d-969b-c5f8f293641e;gov-br-saude;Portal gov.br — área de Saúde;2026-08-18T21:51:15.308650+00:00;https://www.gov.br/saude/pt-br;0;desktop-1366;probe.data-cost;probe;fail;moderate;moderado;;;;;1;baixa_conectividade;cf.art196|lbi.art18|lei13460.art5|cf.art5.xiv;Um único acesso a esta página consome 6.13 MB, ou 0.060% da franquia mensal do plano de referência (1.8 centavo).;O custo de dados exigido para acessar o serviço digital de saúde transfere ao cidadão um ônus econômico como condição de exercício de direito fundamental. Quando esse ônus recai desproporcionalmente sobre a população de menor renda — a mesma que depende exclusivamente do SUS — o acesso deixa de ser universal e igualitário, em desacordo com o art. 196 da CF/88 e com o dever de informação adequada do art. 18, § 4º da Lei 13.146/2015. A parcela do tráfego destinada a terceiros agrava a situação: o usuário custeia recursos que não lhe prestam o serviço público solicitado.
c71ef492-5b98-448d-969b-c5f8f293641e;gov-br-saude;Portal gov.br — área de Saúde;2026-08-18T21:51:15.308650+00:00;https://www.gov.br/saude/pt-br;0;desktop-1366;probe.readability;heuristic;incomplete;;moderado;;;;;1;cognitiva_neurodivergencia|baixa_conectividade;lbi.art18|lai.art8.par3.viii|lei13460.art5;Legibilidade do conteúdo principal em 0.0 pontos — faixa muito difícil (exige ensino superior).;A publicação de informação de saúde em registro linguístico inacessível à população destinatária esvazia materialmente o dever de oferta de comunicação e informação adequadas (art. 18, § 4º, IV, LBI) e o dever de transparência ativa (art. 8º, § 3º, LAI). A informação torna-se disponível sem se tornar acessível.
c71ef492-5b98-448d-969b-c5f8f293641e;gov-br-saude;Portal gov.br — área de Saúde;2026-08-18T21:51:15.308650+00:00;https://www.gov.br/saude/pt-br/composicao/saes;0;mobile-320;button-name;axe-core;fail;critical;critico;4.1.2;4.1.2;robusto;A;1;cegueira|fala|motora;lbi.art63.caput|lbi.art3.iv.d|lbi.art4|dec5296.art47|emag.3.1|lbi.art18|cf.art196|onu.art25|lbi.art74|onu.art9;Buttons must have discernible text;Controle sem nome, função ou valor expostos simplesmente não existe para a tecnologia assistiva: o serviço é, para o usuário cego, inexistente. É a forma mais severa de barreira na informação do art. 3º, IV, 'd'.
c71ef492-5b98-448d-969b-c5f8f293641e;gov-br-saude;Portal gov.br — área de Saúde;2026-08-18T21:51:15.308650+00:00;https://www.gov.br/saude/pt-br/composicao/saes;0;mobile-320;aria-valid-attr-value;axe-core;incomplete;;critico;4.1.2;4.1.2;robusto;A;2;cegueira|fala|motora;lbi.art63.caput|lbi.art3.iv.d|lbi.art4|dec5296.art47|emag.3.1|lbi.art18|cf.art196|onu.art25|lbi.art74|onu.art9;ARIA attributes must conform to valid values;Controle sem nome, função ou valor expostos simplesmente não existe para a tecnologia assistiva: o serviço é, para o usuário cego, inexistente. É a forma mais severa de barreira na informação do art. 3º, IV, 'd'.
c71ef492-5b98-448d-969b-c5f8f293641e;gov-br-saude;Portal gov.br — área de Saúde;2026-08-18T21:51:15.308650+00:00;https://www.gov.br/saude/pt-br/composicao/saes;0;mobile-320;color-contrast;axe-core;incomplete;;alto;1.4.3;1.4.3;perceptivel;AA;6;baixa_visao|cognitiva_neurodivergencia|visao_de_cores;lbi.art63.caput|lbi.art3.iv.d|lbi.art4|dec5296.art47|emag.3.1|lbi.art18|cf.art196|onu.art25|cf.art5.xiv|lai.art8.par3.viii;Elements must meet minimum color contrast ratio thresholds;"O contraste insuficiente é a barreira de comunicação mais prevalente e atinge diretamente a população idosa usuária do SUS; sua persistência em portal público caracteriza descumprimento continuado do art. 63, caput, da LBI e do art. 47 do Decreto 5.296/2004."
c71ef492-5b98-448d-969b-c5f8f293641e;gov-br-saude;Portal gov.br — área de Saúde;2026-08-18T21:51:15.308650+00:00;https://www.gov.br/saude/pt-br/composicao/saes;0;mobile-320;probe.placeholder-como-rotulo;probe;fail;serious;alto;3.3.2;3.3.2;compreensivel;A;1;baixa_visao|cegueira|cognitiva_neurodivergencia;lbi.art63.caput|lbi.art3.iv.d|lbi.art4|dec5296.art47|emag.3.1|lbi.art18|cf.art196|onu.art25|lbi.art74|lbi.art3.i;1 campo(s) de formulário são identificados apenas pelo texto de placeholder.;Campo sem rótulo programático torna indeterminável o dado solicitado, inviabilizando o preenchimento autônomo (art. 3º, I, LBI).
c71ef492-5b98-448d-969b-c5f8f293641e;gov-br-saude;Portal gov.br — área de Saúde;2026-08-18T21:51:15.308650+00:00;https://www.gov.br/saude/pt-br/composicao/saes;0;mobile-320;probe.data-cost;probe;fail;serious;moderado;;;;;1;baixa_conectividade;cf.art196|lbi.art18|lei13460.art5|cf.art5.xiv;Um único acesso a esta página consome 2.48 MB, ou 0.024% da franquia mensal do plano de referência (0.7 centavo).;O custo de dados exigido para acessar o serviço digital de saúde transfere ao cidadão um ônus econômico como condição de exercício de direito fundamental. Quando esse ônus recai desproporcionalmente sobre a população de menor renda — a mesma que depende exclusivamente do SUS — o acesso deixa de ser universal e igualitário, em desacordo com o art. 196 da CF/88 e com o dever de informação adequada do art. 18, § 4º da Lei 13.146/2015. A parcela do tráfego destinada a terceiros agrava a situação: o usuário custeia recursos que não lhe prestam o serviço público solicitado.
c71ef492-5b98-448d-969b-c5f8f293641e;gov-br-saude;Portal gov.br — área de Saúde;2026-08-18T21:51:15.308650+00:00;https://www.gov.br/saude/pt-br/composicao/saes;0;desktop-1366;button-name;axe-core;fail;critical;critico;4.1.2;4.1.2;robusto;A;1;cegueira|fala|motora;lbi.art63.caput|lbi.art3.iv.d|lbi.art4|dec5296.art47|emag.3.1|lbi.art18|cf.art196|onu.art25|lbi.art74|onu.art9;Buttons must have discernible text;Controle sem nome, função ou valor expostos simplesmente não existe para a tecnologia assistiva: o serviço é, para o usuário cego, inexistente. É a forma mais severa de barreira na informação do art. 3º, IV, 'd'.
c71ef492-5b98-448d-969b-c5f8f293641e;gov-br-saude;Portal gov.br — área de Saúde;2026-08-18T21:51:15.308650+00:00;https://www.gov.br/saude/pt-br/composicao/saes;0;desktop-1366;aria-valid-attr-value;axe-core;incomplete;;critico;4.1.2;4.1.2;robusto;A;2;cegueira|fala|motora;lbi.art63.caput|lbi.art3.iv.d|lbi.art4|dec5296.art47|emag.3.1|lbi.art18|cf.art196|onu.art25|lbi.art74|onu.art9;ARIA attributes must conform to valid values;Controle sem nome, função ou valor expostos simplesmente não existe para a tecnologia assistiva: o serviço é, para o usuário cego, inexistente. É a forma mais severa de barreira na informação do art. 3º, IV, 'd'.
c71ef492-5b98-448d-969b-c5f8f293641e;gov-br-saude;Portal gov.br — área de Saúde;2026-08-18T21:51:15.308650+00:00;https://www.gov.br/saude/pt-br/composicao/saes;0;desktop-1366;color-contrast;axe-core;incomplete;;alto;1.4.3;1.4.3;perceptivel;AA;5;baixa_visao|cognitiva_neurodivergencia|visao_de_cores;lbi.art63.caput|lbi.art3.iv.d|lbi.art4|dec5296.art47|emag.3.1|lbi.art18|cf.art196|onu.art25|cf.art5.xiv|lai.art8.par3.viii;Elements must meet minimum color contrast ratio thresholds;"O contraste insuficiente é a barreira de comunicação mais prevalente e atinge diretamente a população idosa usuária do SUS; sua persistência em portal público caracteriza descumprimento continuado do art. 63, caput, da LBI e do art. 47 do Decreto 5.296/2004."
c71ef492-5b98-448d-969b-c5f8f293641e;gov-br-saude;Portal gov.br — área de Saúde;2026-08-18T21:51:15.308650+00:00;https://www.gov.br/saude/pt-br/composicao/saes;0;desktop-1366;probe.placeholder-como-rotulo;probe;fail;serious;alto;3.3.2;3.3.2;compreensivel;A;1;baixa_visao|cegueira|cognitiva_neurodivergencia;lbi.art63.caput|lbi.art3.iv.d|lbi.art4|dec5296.art47|emag.3.1|lbi.art18|cf.art196|onu.art25|lbi.art74|lbi.art3.i;1 campo(s) de formulário são identificados apenas pelo texto de placeholder.;Campo sem rótulo programático torna indeterminável o dado solicitado, inviabilizando o preenchimento autônomo (art. 3º, I, LBI).
c71ef492-5b98-448d-969b-c5f8f293641e;gov-br-saude;Portal gov.br — área de Saúde;2026-08-18T21:51:15.308650+00:00;https://www.gov.br/saude/pt-br/composicao/saes;0;desktop-1366;probe.data-cost;probe;fail;serious;moderado;;;;;1;baixa_conectividade;cf.art196|lbi.art18|lei13460.art5|cf.art5.xiv;Um único acesso a esta página consome 2.49 MB, ou 0.024% da franquia mensal do plano de referência (0.7 centavo).;O custo de dados exigido para acessar o serviço digital de saúde transfere ao cidadão um ônus econômico como condição de exercício de direito fundamental. Quando esse ônus recai desproporcionalmente sobre a população de menor renda — a mesma que depende exclusivamente do SUS — o acesso deixa de ser universal e igualitário, em desacordo com o art. 196 da CF/88 e com o dever de informação adequada do art. 18, § 4º da Lei 13.146/2015. A parcela do tráfego destinada a terceiros agrava a situação: o usuário custeia recursos que não lhe prestam o serviço público solicitado.
c71ef492-5b98-448d-969b-c5f8f293641e;gov-br-saude;Portal gov.br — área de Saúde;2026-08-18T21:51:15.308650+00:00;https://www.gov.br/saude/pt-br/composicao/saes;0;desktop-1366;probe.readability;heuristic;incomplete;;moderado;;;;;1;cognitiva_neurodivergencia|baixa_conectividade;lbi.art18|lai.art8.par3.viii|lei13460.art5;Legibilidade do conteúdo principal em 28.67 pontos — faixa difícil (exige ensino médio completo).;A publicação de informação de saúde em registro linguístico inacessível à população destinatária esvazia materialmente o dever de oferta de comunicação e informação adequadas (art. 18, § 4º, IV, LBI) e o dever de transparência ativa (art. 8º, § 3º, LAI). A informação torna-se disponível sem se tornar acessível.
caae3c51-7a22-45e0-a1be-a728ff84ffc5;gov-br-saude;Portal gov.br — área de Saúde;2026-08-18T15:06:51.664176+00:00;https://www.gov.br/saude/pt-br;0;mobile-320;button-name;axe-core;fail;critical;critico;4.1.2;4.1.2;robusto;A;1;cegueira|fala|motora;lbi.art63.caput|lbi.art3.iv.d|lbi.art4|dec5296.art47|emag.3.1|lbi.art18|cf.art196|onu.art25|lbi.art74|onu.art9;Buttons must have discernible text;Controle sem nome, função ou valor expostos simplesmente não existe para a tecnologia assistiva: o serviço é, para o usuário cego, inexistente. É a forma mais severa de barreira na informação do art. 3º, IV, 'd'.
caae3c51-7a22-45e0-a1be-a728ff84ffc5;gov-br-saude;Portal gov.br — área de Saúde;2026-08-18T15:06:51.664176+00:00;https://www.gov.br/saude/pt-br;0;mobile-320;link-name;axe-core;fail;serious;critico;2.4.4|4.1.2;2.4.4;operavel;A;6;cegueira|cognitiva_neurodivergencia|fala|motora;lbi.art63.caput|lbi.art3.iv.d|lbi.art4|dec5296.art47|emag.3.1|lbi.art18|cf.art196|onu.art25|lbi.art74|onu.art9;Links must have discernible text;Controle sem nome, função ou valor expostos simplesmente não existe para a tecnologia assistiva: o serviço é, para o usuário cego, inexistente. É a forma mais severa de barreira na informação do art. 3º, IV, 'd'.
caae3c51-7a22-45e0-a1be-a728ff84ffc5;gov-br-saude;Portal gov.br — área de Saúde;2026-08-18T15:06:51.664176+00:00;https://www.gov.br/saude/pt-br;0;mobile-320;aria-valid-attr-value;axe-core;incomplete;;critico;4.1.2;4.1.2;robusto;A;2;cegueira|fala|motora;lbi.art63.caput|lbi.art3.iv.d|lbi.art4|dec5296.art47|emag.3.1|lbi.art18|cf.art196|onu.art25|lbi.art74|onu.art9;ARIA attributes must conform to valid values;Controle sem nome, função ou valor expostos simplesmente não existe para a tecnologia assistiva: o serviço é, para o usuário cego, inexistente. É a forma mais severa de barreira na informação do art. 3º, IV, 'd'.
caae3c51-7a22-45e0-a1be-a728ff84ffc5;gov-br-saude;Portal gov.br — área de Saúde;2026-08-18T15:06:51.664176+00:00;https://www.gov.br/saude/pt-br;0;mobile-320;color-contrast;axe-core;incomplete;;alto;1.4.3;1.4.3;perceptivel;AA;12;baixa_visao|cognitiva_neurodivergencia|visao_de_cores;lbi.art63.caput|lbi.art3.iv.d|lbi.art4|dec5296.art47|emag.3.1|lbi.art18|cf.art196|onu.art25|cf.art5.xiv|lai.art8.par3.viii;Elements must meet minimum color contrast ratio thresholds;"O contraste insuficiente é a barreira de comunicação mais prevalente e atinge diretamente a população idosa usuária do SUS; sua persistência em portal público caracteriza descumprimento continuado do art. 63, caput, da LBI e do art. 47 do Decreto 5.296/2004."
caae3c51-7a22-45e0-a1be-a728ff84ffc5;gov-br-saude;Portal gov.br — área de Saúde;2026-08-18T15:06:51.664176+00:00;https://www.gov.br/saude/pt-br;0;mobile-320;probe.placeholder-como-rotulo;probe;fail;serious;alto;3.3.2;3.3.2;compreensivel;A;1;baixa_visao|cegueira|cognitiva_neurodivergencia;lbi.art63.caput|lbi.art3.iv.d|lbi.art4|dec5296.art47|emag.3.1|lbi.art18|cf.art196|onu.art25|lbi.art74|lbi.art3.i;1 campo(s) de formulário são identificados apenas pelo texto de placeholder.;Campo sem rótulo programático torna indeterminável o dado solicitado, inviabilizando o preenchimento autônomo (art. 3º, I, LBI).
caae3c51-7a22-45e0-a1be-a728ff84ffc5;gov-br-saude;Portal gov.br — área de Saúde;2026-08-18T15:06:51.664176+00:00;https://www.gov.br/saude/pt-br;0;mobile-320;probe.data-cost;probe;fail;moderate;moderado;;;;;1;baixa_conectividade;cf.art196|lbi.art18|lei13460.art5|cf.art5.xiv;Um único acesso a esta página consome 6.09 MB, ou 0.060% da franquia mensal do plano de referência (1.8 centavo).;O custo de dados exigido para acessar o serviço digital de saúde transfere ao cidadão um ônus econômico como condição de exercício de direito fundamental. Quando esse ônus recai desproporcionalmente sobre a população de menor renda — a mesma que depende exclusivamente do SUS — o acesso deixa de ser universal e igualitário, em desacordo com o art. 196 da CF/88 e com o dever de informação adequada do art. 18, § 4º da Lei 13.146/2015. A parcela do tráfego destinada a terceiros agrava a situação: o usuário custeia recursos que não lhe prestam o serviço público solicitado.
caae3c51-7a22-45e0-a1be-a728ff84ffc5;gov-br-saude;Portal gov.br — área de Saúde;2026-08-18T15:06:51.664176+00:00;https://www.gov.br/saude/pt-br;0;desktop-1366;button-name;axe-core;fail;critical;critico;4.1.2;4.1.2;robusto;A;1;cegueira|fala|motora;lbi.art63.caput|lbi.art3.iv.d|lbi.art4|dec5296.art47|emag.3.1|lbi.art18|cf.art196|onu.art25|lbi.art74|onu.art9;Buttons must have discernible text;Controle sem nome, função ou valor expostos simplesmente não existe para a tecnologia assistiva: o serviço é, para o usuário cego, inexistente. É a forma mais severa de barreira na informação do art. 3º, IV, 'd'.
caae3c51-7a22-45e0-a1be-a728ff84ffc5;gov-br-saude;Portal gov.br — área de Saúde;2026-08-18T15:06:51.664176+00:00;https://www.gov.br/saude/pt-br;0;desktop-1366;link-name;axe-core;fail;serious;critico;2.4.4|4.1.2;2.4.4;operavel;A;9;cegueira|cognitiva_neurodivergencia|fala|motora;lbi.art63.caput|lbi.art3.iv.d|lbi.art4|dec5296.art47|emag.3.1|lbi.art18|cf.art196|onu.art25|lbi.art74|onu.art9;Links must have discernible text;Controle sem nome, função ou valor expostos simplesmente não existe para a tecnologia assistiva: o serviço é, para o usuário cego, inexistente. É a forma mais severa de barreira na informação do art. 3º, IV, 'd'.
caae3c51-7a22-45e0-a1be-a728ff84ffc5;gov-br-saude;Portal gov.br — área de Saúde;2026-08-18T15:06:51.664176+00:00;https://www.gov.br/saude/pt-br;0;desktop-1366;aria-valid-attr-value;axe-core;incomplete;;critico;4.1.2;4.1.2;robusto;A;2;cegueira|fala|motora;lbi.art63.caput|lbi.art3.iv.d|lbi.art4|dec5296.art47|emag.3.1|lbi.art18|cf.art196|onu.art25|lbi.art74|onu.art9;ARIA attributes must conform to valid values;Controle sem nome, função ou valor expostos simplesmente não existe para a tecnologia assistiva: o serviço é, para o usuário cego, inexistente. É a forma mais severa de barreira na informação do art. 3º, IV, 'd'.
caae3c51-7a22-45e0-a1be-a728ff84ffc5;gov-br-saude;Portal gov.br — área de Saúde;2026-08-18T15:06:51.664176+00:00;https://www.gov.br/saude/pt-br;0;desktop-1366;color-contrast;axe-core;incomplete;;alto;1.4.3;1.4.3;perceptivel;AA;106;baixa_visao|cognitiva_neurodivergencia|visao_de_cores;lbi.art63.caput|lbi.art3.iv.d|lbi.art4|dec5296.art47|emag.3.1|lbi.art18|cf.art196|onu.art25|cf.art5.xiv|lai.art8.par3.viii;Elements must meet minimum color contrast ratio thresholds;"O contraste insuficiente é a barreira de comunicação mais prevalente e atinge diretamente a população idosa usuária do SUS; sua persistência em portal público caracteriza descumprimento continuado do art. 63, caput, da LBI e do art. 47 do Decreto 5.296/2004."
caae3c51-7a22-45e0-a1be-a728ff84ffc5;gov-br-saude;Portal gov.br — área de Saúde;2026-08-18T15:06:51.664176+00:00;https://www.gov.br/saude/pt-br;0;desktop-1366;probe.placeholder-como-rotulo;probe;fail;serious;alto;3.3.2;3.3.2;compreensivel;A;1;baixa_visao|cegueira|cognitiva_neurodivergencia;lbi.art63.caput|lbi.art3.iv.d|lbi.art4|dec5296.art47|emag.3.1|lbi.art18|cf.art196|onu.art25|lbi.art74|lbi.art3.i;1 campo(s) de formulário são identificados apenas pelo texto de placeholder.;Campo sem rótulo programático torna indeterminável o dado solicitado, inviabilizando o preenchimento autônomo (art. 3º, I, LBI).
caae3c51-7a22-45e0-a1be-a728ff84ffc5;gov-br-saude;Portal gov.br — área de Saúde;2026-08-18T15:06:51.664176+00:00;https://www.gov.br/saude/pt-br;0;desktop-1366;probe.data-cost;probe;fail;moderate;moderado;;;;;1;baixa_conectividade;cf.art196|lbi.art18|lei13460.art5|cf.art5.xiv;Um único acesso a esta página consome 3.10 MB, ou 0.030% da franquia mensal do plano de referência (0.9 centavo).;O custo de dados exigido para acessar o serviço digital de saúde transfere ao cidadão um ônus econômico como condição de exercício de direito fundamental. Quando esse ônus recai desproporcionalmente sobre a população de menor renda — a mesma que depende exclusivamente do SUS — o acesso deixa de ser universal e igualitário, em desacordo com o art. 196 da CF/88 e com o dever de informação adequada do art. 18, § 4º da Lei 13.146/2015. A parcela do tráfego destinada a terceiros agrava a situação: o usuário custeia recursos que não lhe prestam o serviço público solicitado.
caae3c51-7a22-45e0-a1be-a728ff84ffc5;gov-br-saude;Portal gov.br — área de Saúde;2026-08-18T15:06:51.664176+00:00;https://www.gov.br/saude/pt-br;0;desktop-1366;probe.readability;heuristic;incomplete;;moderado;;;;;1;cognitiva_neurodivergencia|baixa_conectividade;lbi.art18|lai.art8.par3.viii|lei13460.art5;Legibilidade do conteúdo principal em 0.0 pontos — faixa muito difícil (exige ensino superior).;A publicação de informação de saúde em registro linguístico inacessível à população destinatária esvazia materialmente o dever de oferta de comunicação e informação adequadas (art. 18, § 4º, IV, LBI) e o dever de transparência ativa (art. 8º, § 3º, LAI). A informação torna-se disponível sem se tornar acessível.
caae3c51-7a22-45e0-a1be-a728ff84ffc5;gov-br-saude;Portal gov.br — área de Saúde;2026-08-18T15:06:51.664176+00:00;https://www.gov.br/saude/pt-br/composicao/saes;0;mobile-320;button-name;axe-core;fail;critical;critico;4.1.2;4.1.2;robusto;A;1;cegueira|fala|motora;lbi.art63.caput|lbi.art3.iv.d|lbi.art4|dec5296.art47|emag.3.1|lbi.art18|cf.art196|onu.art25|lbi.art74|onu.art9;Buttons must have discernible text;Controle sem nome, função ou valor expostos simplesmente não existe para a tecnologia assistiva: o serviço é, para o usuário cego, inexistente. É a forma mais severa de barreira na informação do art. 3º, IV, 'd'.
caae3c51-7a22-45e0-a1be-a728ff84ffc5;gov-br-saude;Portal gov.br — área de Saúde;2026-08-18T15:06:51.664176+00:00;https://www.gov.br/saude/pt-br/composicao/saes;0;mobile-320;aria-valid-attr-value;axe-core;incomplete;;critico;4.1.2;4.1.2;robusto;A;2;cegueira|fala|motora;lbi.art63.caput|lbi.art3.iv.d|lbi.art4|dec5296.art47|emag.3.1|lbi.art18|cf.art196|onu.art25|lbi.art74|onu.art9;ARIA attributes must conform to valid values;Controle sem nome, função ou valor expostos simplesmente não existe para a tecnologia assistiva: o serviço é, para o usuário cego, inexistente. É a forma mais severa de barreira na informação do art. 3º, IV, 'd'.
caae3c51-7a22-45e0-a1be-a728ff84ffc5;gov-br-saude;Portal gov.br — área de Saúde;2026-08-18T15:06:51.664176+00:00;https://www.gov.br/saude/pt-br/composicao/saes;0;mobile-320;color-contrast;axe-core;incomplete;;alto;1.4.3;1.4.3;perceptivel;AA;6;baixa_visao|cognitiva_neurodivergencia|visao_de_cores;lbi.art63.caput|lbi.art3.iv.d|lbi.art4|dec5296.art47|emag.3.1|lbi.art18|cf.art196|onu.art25|cf.art5.xiv|lai.art8.par3.viii;Elements must meet minimum color contrast ratio thresholds;"O contraste insuficiente é a barreira de comunicação mais prevalente e atinge diretamente a população idosa usuária do SUS; sua persistência em portal público caracteriza descumprimento continuado do art. 63, caput, da LBI e do art. 47 do Decreto 5.296/2004."
caae3c51-7a22-45e0-a1be-a728ff84ffc5;gov-br-saude;Portal gov.br — área de Saúde;2026-08-18T15:06:51.664176+00:00;https://www.gov.br/saude/pt-br/composicao/saes;0;mobile-320;probe.placeholder-como-rotulo;probe;fail;serious;alto;3.3.2;3.3.2;compreensivel;A;1;baixa_visao|cegueira|cognitiva_neurodivergencia;lbi.art63.caput|lbi.art3.iv.d|lbi.art4|dec5296.art47|emag.3.1|lbi.art18|cf.art196|onu.art25|lbi.art74|lbi.art3.i;1 campo(s) de formulário são identificados apenas pelo texto de placeholder.;Campo sem rótulo programático torna indeterminável o dado solicitado, inviabilizando o preenchimento autônomo (art. 3º, I, LBI).
caae3c51-7a22-45e0-a1be-a728ff84ffc5;gov-br-saude;Portal gov.br — área de Saúde;2026-08-18T15:06:51.664176+00:00;https://www.gov.br/saude/pt-br/composicao/saes;0;mobile-320;probe.data-cost;probe;fail;serious;moderado;;;;;1;baixa_conectividade;cf.art196|lbi.art18|lei13460.art5|cf.art5.xiv;Um único acesso a esta página consome 2.46 MB, ou 0.024% da franquia mensal do plano de referência (0.7 centavo).;O custo de dados exigido para acessar o serviço digital de saúde transfere ao cidadão um ônus econômico como condição de exercício de direito fundamental. Quando esse ônus recai desproporcionalmente sobre a população de menor renda — a mesma que depende exclusivamente do SUS — o acesso deixa de ser universal e igualitário, em desacordo com o art. 196 da CF/88 e com o dever de informação adequada do art. 18, § 4º da Lei 13.146/2015. A parcela do tráfego destinada a terceiros agrava a situação: o usuário custeia recursos que não lhe prestam o serviço público solicitado.
caae3c51-7a22-45e0-a1be-a728ff84ffc5;gov-br-saude;Portal gov.br — área de Saúde;2026-08-18T15:06:51.664176+00:00;https://www.gov.br/saude/pt-br/composicao/saes;0;desktop-1366;button-name;axe-core;fail;critical;critico;4.1.2;4.1.2;robusto;A;1;cegueira|fala|motora;lbi.art63.caput|lbi.art3.iv.d|lbi.art4|dec5296.art47|emag.3.1|lbi.art18|cf.art196|onu.art25|lbi.art74|onu.art9;Buttons must have discernible text;Controle sem nome, função ou valor expostos simplesmente não existe para a tecnologia assistiva: o serviço é, para o usuário cego, inexistente. É a forma mais severa de barreira na informação do art. 3º, IV, 'd'.
caae3c51-7a22-45e0-a1be-a728ff84ffc5;gov-br-saude;Portal gov.br — área de Saúde;2026-08-18T15:06:51.664176+00:00;https://www.gov.br/saude/pt-br/composicao/saes;0;desktop-1366;aria-valid-attr-value;axe-core;incomplete;;critico;4.1.2;4.1.2;robusto;A;2;cegueira|fala|motora;lbi.art63.caput|lbi.art3.iv.d|lbi.art4|dec5296.art47|emag.3.1|lbi.art18|cf.art196|onu.art25|lbi.art74|onu.art9;ARIA attributes must conform to valid values;Controle sem nome, função ou valor expostos simplesmente não existe para a tecnologia assistiva: o serviço é, para o usuário cego, inexistente. É a forma mais severa de barreira na informação do art. 3º, IV, 'd'.
caae3c51-7a22-45e0-a1be-a728ff84ffc5;gov-br-saude;Portal gov.br — área de Saúde;2026-08-18T15:06:51.664176+00:00;https://www.gov.br/saude/pt-br/composicao/saes;0;desktop-1366;color-contrast;axe-core;incomplete;;alto;1.4.3;1.4.3;perceptivel;AA;5;baixa_visao|cognitiva_neurodivergencia|visao_de_cores;lbi.art63.caput|lbi.art3.iv.d|lbi.art4|dec5296.art47|emag.3.1|lbi.art18|cf.art196|onu.art25|cf.art5.xiv|lai.art8.par3.viii;Elements must meet minimum color contrast ratio thresholds;"O contraste insuficiente é a barreira de comunicação mais prevalente e atinge diretamente a população idosa usuária do SUS; sua persistência em portal público caracteriza descumprimento continuado do art. 63, caput, da LBI e do art. 47 do Decreto 5.296/2004."
caae3c51-7a22-45e0-a1be-a728ff84ffc5;gov-br-saude;Portal gov.br — área de Saúde;2026-08-18T15:06:51.664176+00:00;https://www.gov.br/saude/pt-br/composicao/saes;0;desktop-1366;probe.placeholder-como-rotulo;probe;fail;serious;alto;3.3.2;3.3.2;compreensivel;A;1;baixa_visao|cegueira|cognitiva_neurodivergencia;lbi.art63.caput|lbi.art3.iv.d|lbi.art4|dec5296.art47|emag.3.1|lbi.art18|cf.art196|onu.art25|lbi.art74|lbi.art3.i;1 campo(s) de formulário são identificados apenas pelo texto de placeholder.;Campo sem rótulo programático torna indeterminável o dado solicitado, inviabilizando o preenchimento autônomo (art. 3º, I, LBI).
caae3c51-7a22-45e0-a1be-a728ff84ffc5;gov-br-saude;Portal gov.br — área de Saúde;2026-08-18T15:06:51.664176+00:00;https://www.gov.br/saude/pt-br/composicao/saes;0;desktop-1366;probe.data-cost;probe;fail;serious;moderado;;;;;1;baixa_conectividade;cf.art196|lbi.art18|lei13460.art5|cf.art5.xiv;Um único acesso a esta página consome 2.49 MB, ou 0.024% da franquia mensal do plano de referência (0.7 centavo).;O custo de dados exigido para acessar o serviço digital de saúde transfere ao cidadão um ônus econômico como condição de exercício de direito fundamental. Quando esse ônus recai desproporcionalmente sobre a população de menor renda — a mesma que depende exclusivamente do SUS — o acesso deixa de ser universal e igualitário, em desacordo com o art. 196 da CF/88 e com o dever de informação adequada do art. 18, § 4º da Lei 13.146/2015. A parcela do tráfego destinada a terceiros agrava a situação: o usuário custeia recursos que não lhe prestam o serviço público solicitado.
caae3c51-7a22-45e0-a1be-a728ff84ffc5;gov-br-saude;Portal gov.br — área de Saúde;2026-08-18T15:06:51.664176+00:00;https://www.gov.br/saude/pt-br/composicao/saes;0;desktop-1366;probe.readability;heuristic;incomplete;;moderado;;;;;1;cognitiva_neurodivergencia|baixa_conectividade;lbi.art18|lai.art8.par3.viii|lei13460.art5;Legibilidade do conteúdo principal em 28.67 pontos — faixa difícil (exige ensino médio completo).;A publicação de informação de saúde em registro linguístico inacessível à população destinatária esvazia materialmente o dever de oferta de comunicação e informação adequadas (art. 18, § 4º, IV, LBI) e o dever de transparência ativa (art. 8º, § 3º, LAI). A informação torna-se disponível sem se tornar acessível.
66a6394d-4a12-44f2-b9c0-dd9df4d63bb3;gov-br-saude;Portal gov.br — área de Saúde;2026-08-18T03:43:17.290479+00:00;https://www.gov.br/saude/pt-br;0;mobile-320;button-name;axe-core;fail;critical;critico;4.1.2;4.1.2;robusto;A;1;cegueira|fala|motora;lbi.art63.caput|lbi.art3.iv.d|lbi.art4|dec5296.art47|emag.3.1|lbi.art18|cf.art196|onu.art25|lbi.art74|onu.art9;Buttons must have discernible text;Controle sem nome, função ou valor expostos simplesmente não existe para a tecnologia assistiva: o serviço é, para o usuário cego, inexistente. É a forma mais severa de barreira na informação do art. 3º, IV, 'd'.
66a6394d-4a12-44f2-b9c0-dd9df4d63bb3;gov-br-saude;Portal gov.br — área de Saúde;2026-08-18T03:43:17.290479+00:00;https://www.gov.br/saude/pt-br;0;mobile-320;link-name;axe-core;fail;serious;critico;2.4.4|4.1.2;2.4.4;operavel;A;6;cegueira|cognitiva_neurodivergencia|fala|motora;lbi.art63.caput|lbi.art3.iv.d|lbi.art4|dec5296.art47|emag.3.1|lbi.art18|cf.art196|onu.art25|lbi.art74|onu.art9;Links must have discernible text;Controle sem nome, função ou valor expostos simplesmente não existe para a tecnologia assistiva: o serviço é, para o usuário cego, inexistente. É a forma mais severa de barreira na informação do art. 3º, IV, 'd'.
66a6394d-4a12-44f2-b9c0-dd9df4d63bb3;gov-br-saude;Portal gov.br — área de Saúde;2026-08-18T03:43:17.290479+00:00;https://www.gov.br/saude/pt-br;0;mobile-320;aria-valid-attr-value;axe-core;incomplete;;critico;4.1.2;4.1.2;robusto;A;2;cegueira|fala|motora;lbi.art63.caput|lbi.art3.iv.d|lbi.art4|dec5296.art47|emag.3.1|lbi.art18|cf.art196|onu.art25|lbi.art74|onu.art9;ARIA attributes must conform to valid values;Controle sem nome, função ou valor expostos simplesmente não existe para a tecnologia assistiva: o serviço é, para o usuário cego, inexistente. É a forma mais severa de barreira na informação do art. 3º, IV, 'd'.
66a6394d-4a12-44f2-b9c0-dd9df4d63bb3;gov-br-saude;Portal gov.br — área de Saúde;2026-08-18T03:43:17.290479+00:00;https://www.gov.br/saude/pt-br;0;mobile-320;color-contrast;axe-core;incomplete;;alto;1.4.3;1.4.3;perceptivel;AA;13;baixa_visao|cognitiva_neurodivergencia|visao_de_cores;lbi.art63.caput|lbi.art3.iv.d|lbi.art4|dec5296.art47|emag.3.1|lbi.art18|cf.art196|onu.art25|cf.art5.xiv|lai.art8.par3.viii;Elements must meet minimum color contrast ratio thresholds;"O contraste insuficiente é a barreira de comunicação mais prevalente e atinge diretamente a população idosa usuária do SUS; sua persistência em portal público caracteriza descumprimento continuado do art. 63, caput, da LBI e do art. 47 do Decreto 5.296/2004."
66a6394d-4a12-44f2-b9c0-dd9df4d63bb3;gov-br-saude;Portal gov.br — área de Saúde;2026-08-18T03:43:17.290479+00:00;https://www.gov.br/saude/pt-br;0;mobile-320;probe.placeholder-como-rotulo;probe;fail;serious;alto;3.3.2;3.3.2;compreensivel;A;1;baixa_visao|cegueira|cognitiva_neurodivergencia;lbi.art63.caput|lbi.art3.iv.d|lbi.art4|dec5296.art47|emag.3.1|lbi.art18|cf.art196|onu.art25|lbi.art74|lbi.art3.i;1 campo(s) de formulário são identificados apenas pelo texto de placeholder.;Campo sem rótulo programático torna indeterminável o dado solicitado, inviabilizando o preenchimento autônomo (art. 3º, I, LBI).
66a6394d-4a12-44f2-b9c0-dd9df4d63bb3;gov-br-saude;Portal gov.br — área de Saúde;2026-08-18T03:43:17.290479+00:00;https://www.gov.br/saude/pt-br;0;mobile-320;probe.data-cost;probe;fail;moderate;moderado;;;;;1;baixa_conectividade;cf.art196|lbi.art18|lei13460.art5|cf.art5.xiv;Um único acesso a esta página consome 6.10 MB, ou 0.060% da franquia mensal do plano de referência (1.8 centavo).;O custo de dados exigido para acessar o serviço digital de saúde transfere ao cidadão um ônus econômico como condição de exercício de direito fundamental. Quando esse ônus recai desproporcionalmente sobre a população de menor renda — a mesma que depende exclusivamente do SUS — o acesso deixa de ser universal e igualitário, em desacordo com o art. 196 da CF/88 e com o dever de informação adequada do art. 18, § 4º da Lei 13.146/2015. A parcela do tráfego destinada a terceiros agrava a situação: o usuário custeia recursos que não lhe prestam o serviço público solicitado.
66a6394d-4a12-44f2-b9c0-dd9df4d63bb3;gov-br-saude;Portal gov.br — área de Saúde;2026-08-18T03:43:17.290479+00:00;https://www.gov.br/saude/pt-br;0;desktop-1366;button-name;axe-core;fail;critical;critico;4.1.2;4.1.2;robusto;A;1;cegueira|fala|motora;lbi.art63.caput|lbi.art3.iv.d|lbi.art4|dec5296.art47|emag.3.1|lbi.art18|cf.art196|onu.art25|lbi.art74|onu.art9;Buttons must have discernible text;Controle sem nome, função ou valor expostos simplesmente não existe para a tecnologia assistiva: o serviço é, para o usuário cego, inexistente. É a forma mais severa de barreira na informação do art. 3º, IV, 'd'.
66a6394d-4a12-44f2-b9c0-dd9df4d63bb3;gov-br-saude;Portal gov.br — área de Saúde;2026-08-18T03:43:17.290479+00:00;https://www.gov.br/saude/pt-br;0;desktop-1366;link-name;axe-core;fail;serious;critico;2.4.4|4.1.2;2.4.4;operavel;A;6;cegueira|cognitiva_neurodivergencia|fala|motora;lbi.art63.caput|lbi.art3.iv.d|lbi.art4|dec5296.art47|emag.3.1|lbi.art18|cf.art196|onu.art25|lbi.art74|onu.art9;Links must have discernible text;Controle sem nome, função ou valor expostos simplesmente não existe para a tecnologia assistiva: o serviço é, para o usuário cego, inexistente. É a forma mais severa de barreira na informação do art. 3º, IV, 'd'.
66a6394d-4a12-44f2-b9c0-dd9df4d63bb3;gov-br-saude;Portal gov.br — área de Saúde;2026-08-18T03:43:17.290479+00:00;https://www.gov.br/saude/pt-br;0;desktop-1366;aria-valid-attr-value;axe-core;incomplete;;critico;4.1.2;4.1.2;robusto;A;2;cegueira|fala|motora;lbi.art63.caput|lbi.art3.iv.d|lbi.art4|dec5296.art47|emag.3.1|lbi.art18|cf.art196|onu.art25|lbi.art74|onu.art9;ARIA attributes must conform to valid values;Controle sem nome, função ou valor expostos simplesmente não existe para a tecnologia assistiva: o serviço é, para o usuário cego, inexistente. É a forma mais severa de barreira na informação do art. 3º, IV, 'd'.
66a6394d-4a12-44f2-b9c0-dd9df4d63bb3;gov-br-saude;Portal gov.br — área de Saúde;2026-08-18T03:43:17.290479+00:00;https://www.gov.br/saude/pt-br;0;desktop-1366;color-contrast;axe-core;incomplete;;alto;1.4.3;1.4.3;perceptivel;AA;20;baixa_visao|cognitiva_neurodivergencia|visao_de_cores;lbi.art63.caput|lbi.art3.iv.d|lbi.art4|dec5296.art47|emag.3.1|lbi.art18|cf.art196|onu.art25|cf.art5.xiv|lai.art8.par3.viii;Elements must meet minimum color contrast ratio thresholds;"O contraste insuficiente é a barreira de comunicação mais prevalente e atinge diretamente a população idosa usuária do SUS; sua persistência em portal público caracteriza descumprimento continuado do art. 63, caput, da LBI e do art. 47 do Decreto 5.296/2004."
66a6394d-4a12-44f2-b9c0-dd9df4d63bb3;gov-br-saude;Portal gov.br — área de Saúde;2026-08-18T03:43:17.290479+00:00;https://www.gov.br/saude/pt-br;0;desktop-1366;probe.placeholder-como-rotulo;probe;fail;serious;alto;3.3.2;3.3.2;compreensivel;A;1;baixa_visao|cegueira|cognitiva_neurodivergencia;lbi.art63.caput|lbi.art3.iv.d|lbi.art4|dec5296.art47|emag.3.1|lbi.art18|cf.art196|onu.art25|lbi.art74|lbi.art3.i;1 campo(s) de formulário são identificados apenas pelo texto de placeholder.;Campo sem rótulo programático torna indeterminável o dado solicitado, inviabilizando o preenchimento autônomo (art. 3º, I, LBI).
66a6394d-4a12-44f2-b9c0-dd9df4d63bb3;gov-br-saude;Portal gov.br — área de Saúde;2026-08-18T03:43:17.290479+00:00;https://www.gov.br/saude/pt-br;0;desktop-1366;probe.data-cost;probe;fail;moderate;moderado;;;;;1;baixa_conectividade;cf.art196|lbi.art18|lei13460.art5|cf.art5.xiv;Um único acesso a esta página consome 6.09 MB, ou 0.060% da franquia mensal do plano de referência (1.8 centavo).;O custo de dados exigido para acessar o serviço digital de saúde transfere ao cidadão um ônus econômico como condição de exercício de direito fundamental. Quando esse ônus recai desproporcionalmente sobre a população de menor renda — a mesma que depende exclusivamente do SUS — o acesso deixa de ser universal e igualitário, em desacordo com o art. 196 da CF/88 e com o dever de informação adequada do art. 18, § 4º da Lei 13.146/2015. A parcela do tráfego destinada a terceiros agrava a situação: o usuário custeia recursos que não lhe prestam o serviço público solicitado.
66a6394d-4a12-44f2-b9c0-dd9df4d63bb3;gov-br-saude;Portal gov.br — área de Saúde;2026-08-18T03:43:17.290479+00:00;https://www.gov.br/saude/pt-br;0;desktop-1366;probe.readability;heuristic;incomplete;;moderado;;;;;1;cognitiva_neurodivergencia|baixa_conectividade;lbi.art18|lai.art8.par3.viii|lei13460.art5;Legibilidade do conteúdo principal em 0.0 pontos — faixa muito difícil (exige ensino superior).;A publicação de informação de saúde em registro linguístico inacessível à população destinatária esvazia materialmente o dever de oferta de comunicação e informação adequadas (art. 18, § 4º, IV, LBI) e o dever de transparência ativa (art. 8º, § 3º, LAI). A informação torna-se disponível sem se tornar acessível.
66a6394d-4a12-44f2-b9c0-dd9df4d63bb3;gov-br-saude;Portal gov.br — área de Saúde;2026-08-18T03:43:17.290479+00:00;https://www.gov.br/saude/pt-br/assuntos/saude-de-a-a-z;0;mobile-320;button-name;axe-core;fail;critical;critico;4.1.2;4.1.2;robusto;A;1;cegueira|fala|motora;lbi.art63.caput|lbi.art3.iv.d|lbi.art4|dec5296.art47|emag.3.1|lbi.art18|cf.art196|onu.art25|lbi.art74|onu.art9;Buttons must have discernible text;Controle sem nome, função ou valor expostos simplesmente não existe para a tecnologia assistiva: o serviço é, para o usuário cego, inexistente. É a forma mais severa de barreira na informação do art. 3º, IV, 'd'.
66a6394d-4a12-44f2-b9c0-dd9df4d63bb3;gov-br-saude;Portal gov.br — área de Saúde;2026-08-18T03:43:17.290479+00:00;https://www.gov.br/saude/pt-br/assuntos/saude-de-a-a-z;0;mobile-320;aria-valid-attr-value;axe-core;incomplete;;critico;4.1.2;4.1.2;robusto;A;2;cegueira|fala|motora;lbi.art63.caput|lbi.art3.iv.d|lbi.art4|dec5296.art47|emag.3.1|lbi.art18|cf.art196|onu.art25|lbi.art74|onu.art9;ARIA attributes must conform to valid values;Controle sem nome, função ou valor expostos simplesmente não existe para a tecnologia assistiva: o serviço é, para o usuário cego, inexistente. É a forma mais severa de barreira na informação do art. 3º, IV, 'd'.
66a6394d-4a12-44f2-b9c0-dd9df4d63bb3;gov-br-saude;Portal gov.br — área de Saúde;2026-08-18T03:43:17.290479+00:00;https://www.gov.br/saude/pt-br/assuntos/saude-de-a-a-z;0;mobile-320;color-contrast;axe-core;incomplete;;alto;1.4.3;1.4.3;perceptivel;AA;6;baixa_visao|cognitiva_neurodivergencia|visao_de_cores;lbi.art63.caput|lbi.art3.iv.d|lbi.art4|dec5296.art47|emag.3.1|lbi.art18|cf.art196|onu.art25|cf.art5.xiv|lai.art8.par3.viii;Elements must meet minimum color contrast ratio thresholds;"O contraste insuficiente é a barreira de comunicação mais prevalente e atinge diretamente a população idosa usuária do SUS; sua persistência em portal público caracteriza descumprimento continuado do art. 63, caput, da LBI e do art. 47 do Decreto 5.296/2004."
66a6394d-4a12-44f2-b9c0-dd9df4d63bb3;gov-br-saude;Portal gov.br — área de Saúde;2026-08-18T03:43:17.290479+00:00;https://www.gov.br/saude/pt-br/assuntos/saude-de-a-a-z;0;mobile-320;probe.placeholder-como-rotulo;probe;fail;serious;alto;3.3.2;3.3.2;compreensivel;A;1;baixa_visao|cegueira|cognitiva_neurodivergencia;lbi.art63.caput|lbi.art3.iv.d|lbi.art4|dec5296.art47|emag.3.1|lbi.art18|cf.art196|onu.art25|lbi.art74|lbi.art3.i;1 campo(s) de formulário são identificados apenas pelo texto de placeholder.;Campo sem rótulo programático torna indeterminável o dado solicitado, inviabilizando o preenchimento autônomo (art. 3º, I, LBI).
66a6394d-4a12-44f2-b9c0-dd9df4d63bb3;gov-br-saude;Portal gov.br — área de Saúde;2026-08-18T03:43:17.290479+00:00;https://www.gov.br/saude/pt-br/assuntos/saude-de-a-a-z;0;mobile-320;probe.data-cost;probe;fail;serious;moderado;;;;;1;baixa_conectividade;cf.art196|lbi.art18|lei13460.art5|cf.art5.xiv;Um único acesso a esta página consome 2.44 MB, ou 0.024% da franquia mensal do plano de referência (0.7 centavo).;O custo de dados exigido para acessar o serviço digital de saúde transfere ao cidadão um ônus econômico como condição de exercício de direito fundamental. Quando esse ônus recai desproporcionalmente sobre a população de menor renda — a mesma que depende exclusivamente do SUS — o acesso deixa de ser universal e igualitário, em desacordo com o art. 196 da CF/88 e com o dever de informação adequada do art. 18, § 4º da Lei 13.146/2015. A parcela do tráfego destinada a terceiros agrava a situação: o usuário custeia recursos que não lhe prestam o serviço público solicitado.
66a6394d-4a12-44f2-b9c0-dd9df4d63bb3;gov-br-saude;Portal gov.br — área de Saúde;2026-08-18T03:43:17.290479+00:00;https://www.gov.br/saude/pt-br/assuntos/saude-de-a-a-z;0;desktop-1366;button-name;axe-core;fail;critical;critico;4.1.2;4.1.2;robusto;A;1;cegueira|fala|motora;lbi.art63.caput|lbi.art3.iv.d|lbi.art4|dec5296.art47|emag.3.1|lbi.art18|cf.art196|onu.art25|lbi.art74|onu.art9;Buttons must have discernible text;Controle sem nome, função ou valor expostos simplesmente não existe para a tecnologia assistiva: o serviço é, para o usuário cego, inexistente. É a forma mais severa de barreira na informação do art. 3º, IV, 'd'.
66a6394d-4a12-44f2-b9c0-dd9df4d63bb3;gov-br-saude;Portal gov.br — área de Saúde;2026-08-18T03:43:17.290479+00:00;https://www.gov.br/saude/pt-br/assuntos/saude-de-a-a-z;0;desktop-1366;aria-valid-attr-value;axe-core;incomplete;;critico;4.1.2;4.1.2;robusto;A;2;cegueira|fala|motora;lbi.art63.caput|lbi.art3.iv.d|lbi.art4|dec5296.art47|emag.3.1|lbi.art18|cf.art196|onu.art25|lbi.art74|onu.art9;ARIA attributes must conform to valid values;Controle sem nome, função ou valor expostos simplesmente não existe para a tecnologia assistiva: o serviço é, para o usuário cego, inexistente. É a forma mais severa de barreira na informação do art. 3º, IV, 'd'.
66a6394d-4a12-44f2-b9c0-dd9df4d63bb3;gov-br-saude;Portal gov.br — área de Saúde;2026-08-18T03:43:17.290479+00:00;https://www.gov.br/saude/pt-br/assuntos/saude-de-a-a-z;0;desktop-1366;color-contrast;axe-core;incomplete;;alto;1.4.3;1.4.3;perceptivel;AA;5;baixa_visao|cognitiva_neurodivergencia|visao_de_cores;lbi.art63.caput|lbi.art3.iv.d|lbi.art4|dec5296.art47|emag.3.1|lbi.art18|cf.art196|onu.art25|cf.art5.xiv|lai.art8.par3.viii;Elements must meet minimum color contrast ratio thresholds;"O contraste insuficiente é a barreira de comunicação mais prevalente e atinge diretamente a população idosa usuária do SUS; sua persistência em portal público caracteriza descumprimento continuado do art. 63, caput, da LBI e do art. 47 do Decreto 5.296/2004."
66a6394d-4a12-44f2-b9c0-dd9df4d63bb3;gov-br-saude;Portal gov.br — área de Saúde;2026-08-18T03:43:17.290479+00:00;https://www.gov.br/saude/pt-br/assuntos/saude-de-a-a-z;0;desktop-1366;probe.placeholder-como-rotulo;probe;fail;serious;alto;3.3.2;3.3.2;compreensivel;A;1;baixa_visao|cegueira|cognitiva_neurodivergencia;lbi.art63.caput|lbi.art3.iv.d|lbi.art4|dec5296.art47|emag.3.1|lbi.art18|cf.art196|onu.art25|lbi.art74|lbi.art3.i;1 campo(s) de formulário são identificados apenas pelo texto de placeholder.;Campo sem rótulo programático torna indeterminável o dado solicitado, inviabilizando o preenchimento autônomo (art. 3º, I, LBI).
66a6394d-4a12-44f2-b9c0-dd9df4d63bb3;gov-br-saude;Portal gov.br — área de Saúde;2026-08-18T03:43:17.290479+00:00;https://www.gov.br/saude/pt-br/assuntos/saude-de-a-a-z;0;desktop-1366;probe.data-cost;probe;fail;serious;moderado;;;;;1;baixa_conectividade;cf.art196|lbi.art18|lei13460.art5|cf.art5.xiv;Um único acesso a esta página consome 2.44 MB, ou 0.024% da franquia mensal do plano de referência (0.7 centavo).;O custo de dados exigido para acessar o serviço digital de saúde transfere ao cidadão um ônus econômico como condição de exercício de direito fundamental. Quando esse ônus recai desproporcionalmente sobre a população de menor renda — a mesma que depende exclusivamente do SUS — o acesso deixa de ser universal e igualitário, em desacordo com o art. 196 da CF/88 e com o dever de informação adequada do art. 18, § 4º da Lei 13.146/2015. A parcela do tráfego destinada a terceiros agrava a situação: o usuário custeia recursos que não lhe prestam o serviço público solicitado.
66a6394d-4a12-44f2-b9c0-dd9df4d63bb3;gov-br-saude;Portal gov.br — área de Saúde;2026-08-18T03:43:17.290479+00:00;https://www.gov.br/saude/pt-br/composicao/saes;0;desktop-1366;button-name;axe-core;fail;critical;critico;4.1.2;4.1.2;robusto;A;1;cegueira|fala|motora;lbi.art63.caput|lbi.art3.iv.d|lbi.art4|dec5296.art47|emag.3.1|lbi.art18|cf.art196|onu.art25|lbi.art74|onu.art9;Buttons must have discernible text;Controle sem nome, função ou valor expostos simplesmente não existe para a tecnologia assistiva: o serviço é, para o usuário cego, inexistente. É a forma mais severa de barreira na informação do art. 3º, IV, 'd'.
66a6394d-4a12-44f2-b9c0-dd9df4d63bb3;gov-br-saude;Portal gov.br — área de Saúde;2026-08-18T03:43:17.290479+00:00;https://www.gov.br/saude/pt-br/composicao/saes;0;desktop-1366;color-contrast;axe-core;incomplete;;alto;1.4.3;1.4.3;perceptivel;AA;2;baixa_visao|cognitiva_neurodivergencia|visao_de_cores;lbi.art63.caput|lbi.art3.iv.d|lbi.art4|dec5296.art47|emag.3.1|lbi.art18|cf.art196|onu.art25|cf.art5.xiv|lai.art8.par3.viii;Elements must meet minimum color contrast ratio thresholds;"O contraste insuficiente é a barreira de comunicação mais prevalente e atinge diretamente a população idosa usuária do SUS; sua persistência em portal público caracteriza descumprimento continuado do art. 63, caput, da LBI e do art. 47 do Decreto 5.296/2004."
66a6394d-4a12-44f2-b9c0-dd9df4d63bb3;gov-br-saude;Portal gov.br — área de Saúde;2026-08-18T03:43:17.290479+00:00;https://www.gov.br/saude/pt-br/composicao/saes;0;desktop-1366;probe.data-cost;probe;fail;serious;moderado;;;;;1;baixa_conectividade;cf.art196|lbi.art18|lei13460.art5|cf.art5.xiv;Um único acesso a esta página consome 2.30 MB, ou 0.022% da franquia mensal do plano de referência (0.7 centavo).;O custo de dados exigido para acessar o serviço digital de saúde transfere ao cidadão um ônus econômico como condição de exercício de direito fundamental. Quando esse ônus recai desproporcionalmente sobre a população de menor renda — a mesma que depende exclusivamente do SUS — o acesso deixa de ser universal e igualitário, em desacordo com o art. 196 da CF/88 e com o dever de informação adequada do art. 18, § 4º da Lei 13.146/2015. A parcela do tráfego destinada a terceiros agrava a situação: o usuário custeia recursos que não lhe prestam o serviço público solicitado.
66a6394d-4a12-44f2-b9c0-dd9df4d63bb3;gov-br-saude;Portal gov.br — área de Saúde;2026-08-18T03:43:17.290479+00:00;https://www.gov.br/saude/pt-br/composicao/saes;0;desktop-1366;probe.readability;heuristic;incomplete;;moderado;;;;;1;cognitiva_neurodivergencia|baixa_conectividade;lbi.art18|lai.art8.par3.viii|lei13460.art5;Legibilidade do conteúdo principal em 24.63 pontos — faixa muito difícil (exige ensino superior).;A publicação de informação de saúde em registro linguístico inacessível à população destinatária esvazia materialmente o dever de oferta de comunicação e informação adequadas (art. 18, § 4º, IV, LBI) e o dever de transparência ativa (art. 8º, § 3º, LAI). A informação torna-se disponível sem se tornar acessível.
cadbe724-625a-45e6-b883-3d0817990653;fixtures-local;Conjunto de validação sintético (golden set);2026-08-19T04:03:12.210919+00:00;http://127.0.0.1:8080/pages/inacessivel-agendamento.html;1;mobile-320;color-contrast;axe-core;fail;serious;alto;1.4.3;1.4.3;perceptivel;AA;5;baixa_visao|cognitiva_neurodivergencia|visao_de_cores;lbi.art63.caput|lbi.art3.iv.d|lbi.art4|dec5296.art47|emag.3.1|lbi.art18|cf.art196|onu.art25|cf.art5.xiv|lai.art8.par3.viii;Elements must meet minimum color contrast ratio thresholds;"O contraste insuficiente é a barreira de comunicação mais prevalente e atinge diretamente a população idosa usuária do SUS; sua persistência em portal público caracteriza descumprimento continuado do art. 63, caput, da LBI e do art. 47 do Decreto 5.296/2004."
cadbe724-625a-45e6-b883-3d0817990653;fixtures-local;Conjunto de validação sintético (golden set);2026-08-19T04:03:12.210919+00:00;http://127.0.0.1:8080/pages/inacessivel-agendamento.html;1;mobile-320;html-has-lang;axe-core;fail;serious;alto;3.1.1;3.1.1;compreensivel;A;1;cegueira|cognitiva_neurodivergencia;lbi.art63.caput|lbi.art3.iv.d|lbi.art4|dec5296.art47|emag.3.1|lbi.art18|cf.art196|onu.art25|lbi.art74|cf.art5.xiv|lai.art8.par3.viii;<html> element must have a lang attribute;Sem declaração de idioma, o sintetizador de voz pronuncia o português com fonética estrangeira e a informação em saúde se torna ininteligível — a informação é publicada, mas não é comunicada (art. 3º, IV, 'd', LBI).
cadbe724-625a-45e6-b883-3d0817990653;fixtures-local;Conjunto de validação sintético (golden set);2026-08-19T04:03:12.210919+00:00;http://127.0.0.1:8080/pages/inacessivel-agendamento.html;1;mobile-320;image-alt;axe-core;fail;critical;alto;1.1.1;1.1.1;perceptivel;A;2;baixa_conectividade|baixa_visao|cegueira|cognitiva_neurodivergencia;lbi.art63.caput|lbi.art3.iv.d|lbi.art4|dec5296.art47|emag.3.1|lbi.art18|cf.art196|onu.art25|lbi.art74|cf.art5.xiv|lai.art8.par3.viii;Images must have alternative text;A ausência de alternativa textual configura barreira na comunicação e na informação (art. 3º, IV, 'd', LBI): o conteúdo existe juridicamente como informação pública, mas não é recebível pelo usuário cego, esvaziando o dever de transparência ativa do art. 8º, § 3º, VIII da LAI.
cadbe724-625a-45e6-b883-3d0817990653;fixtures-local;Conjunto de validação sintético (golden set);2026-08-19T04:03:12.210919+00:00;http://127.0.0.1:8080/pages/inacessivel-agendamento.html;1;mobile-320;meta-refresh;axe-core;fail;critical;alto;2.2.1;2.2.1;operavel;A;1;baixa_conectividade|baixa_visao|cognitiva_neurodivergencia|motora;lbi.art63.caput|lbi.art3.iv.d|lbi.art4|dec5296.art47|emag.3.1|lbi.art18|cf.art196|onu.art25|lbi.art9.v;Delayed refresh under 20 hours must not be used;Prazos de sessão não ajustáveis penalizam quem opera mais lentamente por deficiência ou por conexão precária, produzindo discriminação indireta (art. 4º, § 1º, LBI).
cadbe724-625a-45e6-b883-3d0817990653;fixtures-local;Conjunto de validação sintético (golden set);2026-08-19T04:03:12.210919+00:00;http://127.0.0.1:8080/pages/inacessivel-agendamento.html;1;mobile-320;meta-viewport;axe-core;fail;moderate;alto;1.4.4;1.4.4;perceptivel;AA;1;baixa_visao|cognitiva_neurodivergencia;lbi.art63.caput|lbi.art3.iv.d|lbi.art4|dec5296.art47|emag.3.1|lbi.art18|cf.art196|onu.art25;Zooming and scaling must not be disabled;O bloqueio de ampliação nega adaptação razoável, conduta equiparada a discriminação pelo art. 4º, § 1º da LBI.
cadbe724-625a-45e6-b883-3d0817990653;fixtures-local;Conjunto de validação sintético (golden set);2026-08-19T04:03:12.210919+00:00;http://127.0.0.1:8080/pages/inacessivel-agendamento.html;1;mobile-320;select-name;axe-core;fail;critical;critico;4.1.2;4.1.2;robusto;A;1;cegueira|fala|motora;lbi.art63.caput|lbi.art3.iv.d|lbi.art4|dec5296.art47|emag.3.1|lbi.art18|cf.art196|onu.art25|lbi.art74|onu.art9;Select element must have an accessible name;Controle sem nome, função ou valor expostos simplesmente não existe para a tecnologia assistiva: o serviço é, para o usuário cego, inexistente. É a forma mais severa de barreira na informação do art. 3º, IV, 'd'.
cadbe724-625a-45e6-b883-3d0817990653;fixtures-local;Conjunto de validação sintético (golden set);2026-08-19T04:03:12.210919+00:00;http://127.0.0.1:8080/pages/inacessivel-agendamento.html;1;mobile-320;color-contrast;axe-core;incomplete;;alto;1.4.3;1.4.3;perceptivel;AA;4;baixa_visao|cognitiva_neurodivergencia|visao_de_cores;lbi.art63.caput|lbi.art3.iv.d|lbi.art4|dec5296.art47|emag.3.1|lbi.art18|cf.art196|onu.art25|cf.art5.xiv|lai.art8.par3.viii;Elements must meet minimum color contrast ratio thresholds;"O contraste insuficiente é a barreira de comunicação mais prevalente e atinge diretamente a população idosa usuária do SUS; sua persistência em portal público caracteriza descumprimento continuado do art. 63, caput, da LBI e do art. 47 do Decreto 5.296/2004."
cadbe724-625a-45e6-b883-3d0817990653;fixtures-local;Conjunto de validação sintético (golden set);2026-08-19T04:03:12.210919+00:00;http://127.0.0.1:8080/pages/inacessivel-agendamento.html;1;mobile-320;duplicate-id-aria;axe-core;incomplete;;critico;4.1.2;4.1.2;robusto;A;1;cegueira|fala|motora;lbi.art63.caput|lbi.art3.iv.d|lbi.art4|dec5296.art47|emag.3.1|lbi.art18|cf.art196|onu.art25|lbi.art74|onu.art9;IDs used in ARIA and labels must be unique;Controle sem nome, função ou valor expostos simplesmente não existe para a tecnologia assistiva: o serviço é, para o usuário cego, inexistente. É a forma mais severa de barreira na informação do art. 3º, IV, 'd'.
cadbe724-625a-45e6-b883-3d0817990653;fixtures-local;Conjunto de validação sintético (golden set);2026-08-19T04:03:12.210919+00:00;http://127.0.0.1:8080/pages/inacessivel-agendamento.html;1;mobile-320;video-caption;axe-core;incomplete;;alto;1.2.2;1.2.2;perceptivel;A;1;surdez;lbi.art63.caput|lbi.art3.iv.d|lbi.art4|dec5296.art47|emag.3.1|lbi.art18|cf.art196|onu.art25|dec5626.art26;<video> elements must have captions;Vídeo de orientação em saúde sem legenda nega à pessoa surda o acesso à informação sanitária, violando o art. 26 do Decreto 5.626/2005 e o direito à atenção integral do art. 18 da LBI.
cadbe724-625a-45e6-b883-3d0817990653;fixtures-local;Conjunto de validação sintético (golden set);2026-08-19T04:03:12.210919+00:00;http://127.0.0.1:8080/pages/inacessivel-agendamento.html;1;mobile-320;no-autoplay-audio;axe-core;incomplete;;moderado;1.4.2;1.4.2;perceptivel;A;1;cegueira|cognitiva_neurodivergencia;lbi.art63.caput|lbi.art3.iv.d|lbi.art4|dec5296.art47|emag.3.1|lbi.art18|cf.art196|onu.art25|lbi.art74;<video> or <audio> elements must not play automatically;Áudio automático interfere na tecnologia assistiva, obstruindo o acesso garantido pelo art. 74 da LBI.
cadbe724-625a-45e6-b883-3d0817990653;fixtures-local;Conjunto de validação sintético (golden set);2026-08-19T04:03:12.210919+00:00;http://127.0.0.1:8080/pages/inacessivel-agendamento.html;1;mobile-320;probe.page-language.missing;probe;fail;serious;alto;3.1.1;3.1.1;compreensivel;A;1;cegueira|cognitiva_neurodivergencia;lbi.art63.caput|lbi.art3.iv.d|lbi.art4|dec5296.art47|emag.3.1|lbi.art18|cf.art196|onu.art25|lbi.art74|cf.art5.xiv|lai.art8.par3.viii;O documento não declara o idioma (atributo lang ausente).;Sem declaração de idioma, o sintetizador de voz pronuncia o português com fonética estrangeira e a informação em saúde se torna ininteligível — a informação é publicada, mas não é comunicada (art. 3º, IV, 'd', LBI).
cadbe724-625a-45e6-b883-3d0817990653;fixtures-local;Conjunto de validação sintético (golden set);2026-08-19T04:03:12.210919+00:00;http://127.0.0.1:8080/pages/inacessivel-agendamento.html;1;mobile-320;probe.landmarks.no-main;probe;fail;serious;alto;1.3.1;1.3.1;perceptivel;A;1;baixa_visao|cegueira|cognitiva_neurodivergencia;lbi.art63.caput|lbi.art3.iv.d|lbi.art4|dec5296.art47|emag.3.1|lbi.art18|cf.art196|onu.art25|lbi.art74;A página não declara marco de conteúdo principal (<main>).;"Sem estrutura semântica, a tecnologia assistiva não consegue reconstruir a relação entre rótulo e dado; o art. 74 da LBI assegura o acesso a tecnologias assistivas, o que pressupõe conteúdo com elas compatível."
cadbe724-625a-45e6-b883-3d0817990653;fixtures-local;Conjunto de validação sintético (golden set);2026-08-19T04:03:12.210919+00:00;http://127.0.0.1:8080/pages/inacessivel-agendamento.html;1;mobile-320;probe.landmarks.no-skip-link;probe;fail;moderate;moderado;2.4.1;2.4.1;operavel;A;1;cegueira|cognitiva_neurodivergencia|motora;lbi.art63.caput|lbi.art3.iv.d|lbi.art4|dec5296.art47|emag.3.1|lbi.art18|cf.art196|onu.art25|lbi.art3.i;Nenhum link de salto para o conteúdo principal foi encontrado.;A ausência de mecanismo de salto obriga a percorrer repetidamente blocos idênticos, esforço desproporcional vedado pelo conceito de acessibilidade com autonomia do art. 3º, I da LBI.
cadbe724-625a-45e6-b883-3d0817990653;fixtures-local;Conjunto de validação sintético (golden set);2026-08-19T04:03:12.210919+00:00;http://127.0.0.1:8080/pages/inacessivel-agendamento.html;1;mobile-320;probe.heading-structure.none;probe;fail;serious;alto;1.3.1|2.4.6;1.3.1;perceptivel;A;1;baixa_visao|cegueira|cognitiva_neurodivergencia;lbi.art63.caput|lbi.art3.iv.d|lbi.art4|dec5296.art47|emag.3.1|lbi.art18|cf.art196|onu.art25|lbi.art74|cf.art5.xiv|lai.art8.par3.viii;A página não possui nenhum cabeçalho.;"Sem estrutura semântica, a tecnologia assistiva não consegue reconstruir a relação entre rótulo e dado; o art. 74 da LBI assegura o acesso a tecnologias assistivas, o que pressupõe conteúdo com elas compatível."
cadbe724-625a-45e6-b883-3d0817990653;fixtures-local;Conjunto de validação sintético (golden set);2026-08-19T04:03:12.210919+00:00;http://127.0.0.1:8080/pages/inacessivel-agendamento.html;1;mobile-320;probe.id-duplicado;probe;fail;serious;alto;4.1.1;4.1.1;robusto;A;1;cegueira|cognitiva_neurodivergencia|motora;lbi.art63.caput|lbi.art3.iv.d|lbi.art4|dec5296.art47|emag.3.1|lbi.art18|cf.art196|onu.art25|lbi.art74;1 identificador(es) duplicado(s) quebram associações de rótulo ou de descrição.;Marcação malformada produz comportamento imprevisível em tecnologia assistiva, comprometendo a interoperabilidade pressuposta pelo art. 74.
cadbe724-625a-45e6-b883-3d0817990653;fixtures-local;Conjunto de validação sintético (golden set);2026-08-19T04:03:12.210919+00:00;http://127.0.0.1:8080/pages/inacessivel-agendamento.html;1;mobile-320;probe.id-duplicado.inerte;probe;incomplete;;baixo;4.1.1;4.1.1;robusto;A;1;cegueira|cognitiva_neurodivergencia|motora;lbi.art63.caput|lbi.art3.iv.d|lbi.art4|dec5296.art47|emag.3.1|lbi.art18|cf.art196|onu.art25|lbi.art74;1 identificador(es) duplicado(s) sem referência associada.;Marcação malformada produz comportamento imprevisível em tecnologia assistiva, comprometendo a interoperabilidade pressuposta pelo art. 74.
cadbe724-625a-45e6-b883-3d0817990653;fixtures-local;Conjunto de validação sintético (golden set);2026-08-19T04:03:12.210919+00:00;http://127.0.0.1:8080/pages/inacessivel-agendamento.html;1;mobile-320;probe.non-interactive-control;probe;fail;critical;critico;2.1.1|4.1.2;2.1.1;operavel;A;2;cegueira|motora;lbi.art63.caput|lbi.art3.iv.d|lbi.art4|dec5296.art47|emag.3.1|lbi.art18|cf.art196|onu.art25|lbi.art74|onu.art9|lbi.art3.i;2 elemento(s) respondem ao clique do mouse mas não são alcançáveis por teclado.;A construção de controles inacessíveis por teclado impede integralmente o uso do serviço por pessoas com deficiência motora e por usuários de leitor de tela, sem qualquer rota alternativa. Configura barreira absoluta na comunicação e na informação (art. 3º, IV, 'd', LBI), violação direta do dever de acessibilidade dos sítios de órgãos de governo (art. 63, caput, LBI) e descumprimento do art. 9 da Convenção sobre os Direitos das Pessoas com Deficiência, que tem hierarquia de emenda constitucional.
cadbe724-625a-45e6-b883-3d0817990653;fixtures-local;Conjunto de validação sintético (golden set);2026-08-19T04:03:12.210919+00:00;http://127.0.0.1:8080/pages/inacessivel-agendamento.html;1;mobile-320;probe.positive-tabindex;probe;fail;moderate;alto;2.4.3;2.4.3;operavel;A;3;cegueira|cognitiva_neurodivergencia|motora;lbi.art63.caput|lbi.art3.iv.d|lbi.art4|dec5296.art47|emag.3.1|lbi.art18|cf.art196|onu.art25;3 elemento(s) usam tabindex positivo, alterando a ordem natural de tabulação.;Ordem de foco incoerente induz erro na submissão de dados de saúde, com risco de agendamento equivocado — dano ao acesso ao serviço.
cadbe724-625a-45e6-b883-3d0817990653;fixtures-local;Conjunto de validação sintético (golden set);2026-08-19T04:03:12.210919+00:00;http://127.0.0.1:8080/pages/inacessivel-agendamento.html;1;mobile-320;probe.focus-visible;probe;fail;serious;alto;2.4.7;2.4.7;operavel;AA;4;baixa_visao|cognitiva_neurodivergencia|motora;lbi.art63.caput|lbi.art3.iv.d|lbi.art4|dec5296.art47|emag.3.1|lbi.art18|cf.art196|onu.art25|lbi.art3.i;4 controle(s) não exibem indicador de foco: o contorno está suprimido e nenhuma outra mudança visual ocorre.;A supressão do indicador de foco cega o usuário de teclado quanto à sua posição, impedindo o uso com segurança (art. 3º, I, LBI).
cadbe724-625a-45e6-b883-3d0817990653;fixtures-local;Conjunto de validação sintético (golden set);2026-08-19T04:03:12.210919+00:00;http://127.0.0.1:8080/pages/inacessivel-agendamento.html;1;mobile-320;probe.placeholder-como-rotulo;probe;fail;serious;alto;3.3.2;3.3.2;compreensivel;A;3;baixa_visao|cegueira|cognitiva_neurodivergencia;lbi.art63.caput|lbi.art3.iv.d|lbi.art4|dec5296.art47|emag.3.1|lbi.art18|cf.art196|onu.art25|lbi.art74|lbi.art3.i;3 campo(s) de formulário são identificados apenas pelo texto de placeholder.;Campo sem rótulo programático torna indeterminável o dado solicitado, inviabilizando o preenchimento autônomo (art. 3º, I, LBI).
cadbe724-625a-45e6-b883-3d0817990653;fixtures-local;Conjunto de validação sintético (golden set);2026-08-19T04:03:12.210919+00:00;http://127.0.0.1:8080/pages/inacessivel-agendamento.html;1;mobile-320;probe.reflow-320;probe;fail;serious;alto;1.4.10;1.4.10;perceptivel;AA;12;baixa_visao|cognitiva_neurodivergencia|motora;lbi.art63.caput|lbi.art3.iv.d|lbi.art4|dec5296.art47|emag.3.1|lbi.art18|cf.art196|onu.art25|lei13460.art5;A página exige rolagem horizontal em tela de 320 px (590 px de transbordo).;"O acesso majoritário aos serviços públicos de saúde no Brasil se dá por telefone celular; a exigência de rolagem bidirecional em telas estreitas inviabiliza o uso e frustra o acesso universal do art. 196 da CF/88."
cadbe724-625a-45e6-b883-3d0817990653;fixtures-local;Conjunto de validação sintético (golden set);2026-08-19T04:03:12.210919+00:00;http://127.0.0.1:8080/pages/inacessivel-agendamento.html;1;mobile-320;probe.zoom-lock;probe;fail;serious;alto;1.4.4;1.4.4;perceptivel;AA;1;baixa_visao|cognitiva_neurodivergencia;lbi.art63.caput|lbi.art3.iv.d|lbi.art4|dec5296.art47|emag.3.1|lbi.art18|cf.art196|onu.art25;A página bloqueia a ampliação pelo usuário.;O bloqueio de ampliação nega adaptação razoável, conduta equiparada a discriminação pelo art. 4º, § 1º da LBI.
cadbe724-625a-45e6-b883-3d0817990653;fixtures-local;Conjunto de validação sintético (golden set);2026-08-19T04:03:12.210919+00:00;http://127.0.0.1:8080/pages/inacessivel-agendamento.html;1;mobile-320;probe.captions.video-without-track;probe;fail;serious;alto;1.2.2;1.2.2;perceptivel;A;1;surdez;lbi.art63.caput|lbi.art3.iv.d|lbi.art4|dec5296.art47|emag.3.1|lbi.art18|cf.art196|onu.art25|dec5626.art26;1 vídeo(s) sem faixa de legenda declarada.;Vídeo de orientação em saúde sem legenda nega à pessoa surda o acesso à informação sanitária, violando o art. 26 do Decreto 5.626/2005 e o direito à atenção integral do art. 18 da LBI.
cadbe724-625a-45e6-b883-3d0817990653;fixtures-local;Conjunto de validação sintético (golden set);2026-08-19T04:03:12.210919+00:00;http://127.0.0.1:8080/pages/inacessivel-agendamento.html;1;mobile-320;probe.captions.audio-transcript;probe;incomplete;;moderado;1.2.1;1.2.1;perceptivel;A;1;baixa_conectividade|cegueira|surdez;lbi.art63.caput|lbi.art3.iv.d|lbi.art4|dec5296.art47|emag.3.1|lbi.art18|cf.art196|onu.art25|dec5626.art26|cf.art5.xiv|lai.art8.par3.viii;1 elemento(s) de áudio requerem verificação de transcrição.;Conteúdo audiovisual sem alternativa acessível descumpre o dever de oferta de comunicação e informação adequadas do art. 18, § 4º da LBI.
cadbe724-625a-45e6-b883-3d0817990653;fixtures-local;Conjunto de validação sintético (golden set);2026-08-19T04:03:12.210919+00:00;http://127.0.0.1:8080/pages/inacessivel-agendamento.html;1;mobile-320;probe.autoplay;probe;fail;serious;moderado;1.4.2|2.2.2;1.4.2;perceptivel;A;1;cegueira|cognitiva_neurodivergencia;lbi.art63.caput|lbi.art3.iv.d|lbi.art4|dec5296.art47|emag.3.1|lbi.art18|cf.art196|onu.art25|lbi.art74;1 mídia(s) com reprodução automática audível, das quais 1 sem controles.;Áudio automático interfere na tecnologia assistiva, obstruindo o acesso garantido pelo art. 74 da LBI.
cadbe724-625a-45e6-b883-3d0817990653;fixtures-local;Conjunto de validação sintético (golden set);2026-08-19T04:03:12.210919+00:00;http://127.0.0.1:8080/pages/inacessivel-agendamento.html;1;mobile-320;probe.meta-refresh;probe;fail;serious;alto;2.2.1;2.2.1;operavel;A;1;baixa_conectividade|baixa_visao|cognitiva_neurodivergencia|motora;lbi.art63.caput|lbi.art3.iv.d|lbi.art4|dec5296.art47|emag.3.1|lbi.art18|cf.art196|onu.art25|lbi.art9.v;A página se atualiza ou redireciona automaticamente.;Prazos de sessão não ajustáveis penalizam quem opera mais lentamente por deficiência ou por conexão precária, produzindo discriminação indireta (art. 4º, § 1º, LBI).
cadbe724-625a-45e6-b883-3d0817990653;fixtures-local;Conjunto de validação sintético (golden set);2026-08-19T04:03:12.210919+00:00;http://127.0.0.1:8080/pages/inacessivel-agendamento.html;1;desktop-1366;color-contrast;axe-core;fail;serious;alto;1.4.3;1.4.3;perceptivel;AA;5;baixa_visao|cognitiva_neurodivergencia|visao_de_cores;lbi.art63.caput|lbi.art3.iv.d|lbi.art4|dec5296.art47|emag.3.1|lbi.art18|cf.art196|onu.art25|cf.art5.xiv|lai.art8.par3.viii;Elements must meet minimum color contrast ratio thresholds;"O contraste insuficiente é a barreira de comunicação mais prevalente e atinge diretamente a população idosa usuária do SUS; sua persistência em portal público caracteriza descumprimento continuado do art. 63, caput, da LBI e do art. 47 do Decreto 5.296/2004."
cadbe724-625a-45e6-b883-3d0817990653;fixtures-local;Conjunto de validação sintético (golden set);2026-08-19T04:03:12.210919+00:00;http://127.0.0.1:8080/pages/inacessivel-agendamento.html;1;desktop-1366;html-has-lang;axe-core;fail;serious;alto;3.1.1;3.1.1;compreensivel;A;1;cegueira|cognitiva_neurodivergencia;lbi.art63.caput|lbi.art3.iv.d|lbi.art4|dec5296.art47|emag.3.1|lbi.art18|cf.art196|onu.art25|lbi.art74|cf.art5.xiv|lai.art8.par3.viii;<html> element must have a lang attribute;Sem declaração de idioma, o sintetizador de voz pronuncia o português com fonética estrangeira e a informação em saúde se torna ininteligível — a informação é publicada, mas não é comunicada (art. 3º, IV, 'd', LBI).
cadbe724-625a-45e6-b883-3d0817990653;fixtures-local;Conjunto de validação sintético (golden set);2026-08-19T04:03:12.210919+00:00;http://127.0.0.1:8080/pages/inacessivel-agendamento.html;1;desktop-1366;image-alt;axe-core;fail;critical;alto;1.1.1;1.1.1;perceptivel;A;2;baixa_conectividade|baixa_visao|cegueira|cognitiva_neurodivergencia;lbi.art63.caput|lbi.art3.iv.d|lbi.art4|dec5296.art47|emag.3.1|lbi.art18|cf.art196|onu.art25|lbi.art74|cf.art5.xiv|lai.art8.par3.viii;Images must have alternative text;A ausência de alternativa textual configura barreira na comunicação e na informação (art. 3º, IV, 'd', LBI): o conteúdo existe juridicamente como informação pública, mas não é recebível pelo usuário cego, esvaziando o dever de transparência ativa do art. 8º, § 3º, VIII da LAI.
cadbe724-625a-45e6-b883-3d0817990653;fixtures-local;Conjunto de validação sintético (golden set);2026-08-19T04:03:12.210919+00:00;http://127.0.0.1:8080/pages/inacessivel-agendamento.html;1;desktop-1366;meta-refresh;axe-core;fail;critical;alto;2.2.1;2.2.1;operavel;A;1;baixa_conectividade|baixa_visao|cognitiva_neurodivergencia|motora;lbi.art63.caput|lbi.art3.iv.d|lbi.art4|dec5296.art47|emag.3.1|lbi.art18|cf.art196|onu.art25|lbi.art9.v;Delayed refresh under 20 hours must not be used;Prazos de sessão não ajustáveis penalizam quem opera mais lentamente por deficiência ou por conexão precária, produzindo discriminação indireta (art. 4º, § 1º, LBI).
cadbe724-625a-45e6-b883-3d0817990653;fixtures-local;Conjunto de validação sintético (golden set);2026-08-19T04:03:12.210919+00:00;http://127.0.0.1:8080/pages/inacessivel-agendamento.html;1;desktop-1366;meta-viewport;axe-core;fail;moderate;alto;1.4.4;1.4.4;perceptivel;AA;1;baixa_visao|cognitiva_neurodivergencia;lbi.art63.caput|lbi.art3.iv.d|lbi.art4|dec5296.art47|emag.3.1|lbi.art18|cf.art196|onu.art25;Zooming and scaling must not be disabled;O bloqueio de ampliação nega adaptação razoável, conduta equiparada a discriminação pelo art. 4º, § 1º da LBI.
cadbe724-625a-45e6-b883-3d0817990653;fixtures-local;Conjunto de validação sintético (golden set);2026-08-19T04:03:12.210919+00:00;http://127.0.0.1:8080/pages/inacessivel-agendamento.html;1;desktop-1366;select-name;axe-core;fail;critical;critico;4.1.2;4.1.2;robusto;A;1;cegueira|fala|motora;lbi.art63.caput|lbi.art3.iv.d|lbi.art4|dec5296.art47|emag.3.1|lbi.art18|cf.art196|onu.art25|lbi.art74|onu.art9;Select element must have an accessible name;Controle sem nome, função ou valor expostos simplesmente não existe para a tecnologia assistiva: o serviço é, para o usuário cego, inexistente. É a forma mais severa de barreira na informação do art. 3º, IV, 'd'.
cadbe724-625a-45e6-b883-3d0817990653;fixtures-local;Conjunto de validação sintético (golden set);2026-08-19T04:03:12.210919+00:00;http://127.0.0.1:8080/pages/inacessivel-agendamento.html;1;desktop-1366;color-contrast;axe-core;incomplete;;alto;1.4.3;1.4.3;perceptivel;AA;2;baixa_visao|cognitiva_neurodivergencia|visao_de_cores;lbi.art63.caput|lbi.art3.iv.d|lbi.art4|dec5296.art47|emag.3.1|lbi.art18|cf.art196|onu.art25|cf.art5.xiv|lai.art8.par3.viii;Elements must meet minimum color contrast ratio thresholds;"O contraste insuficiente é a barreira de comunicação mais prevalente e atinge diretamente a população idosa usuária do SUS; sua persistência em portal público caracteriza descumprimento continuado do art. 63, caput, da LBI e do art. 47 do Decreto 5.296/2004."
cadbe724-625a-45e6-b883-3d0817990653;fixtures-local;Conjunto de validação sintético (golden set);2026-08-19T04:03:12.210919+00:00;http://127.0.0.1:8080/pages/inacessivel-agendamento.html;1;desktop-1366;duplicate-id-aria;axe-core;incomplete;;critico;4.1.2;4.1.2;robusto;A;1;cegueira|fala|motora;lbi.art63.caput|lbi.art3.iv.d|lbi.art4|dec5296.art47|emag.3.1|lbi.art18|cf.art196|onu.art25|lbi.art74|onu.art9;IDs used in ARIA and labels must be unique;Controle sem nome, função ou valor expostos simplesmente não existe para a tecnologia assistiva: o serviço é, para o usuário cego, inexistente. É a forma mais severa de barreira na informação do art. 3º, IV, 'd'.
cadbe724-625a-45e6-b883-3d0817990653;fixtures-local;Conjunto de validação sintético (golden set);2026-08-19T04:03:12.210919+00:00;http://127.0.0.1:8080/pages/inacessivel-agendamento.html;1;desktop-1366;video-caption;axe-core;incomplete;;alto;1.2.2;1.2.2;perceptivel;A;1;surdez;lbi.art63.caput|lbi.art3.iv.d|lbi.art4|dec5296.art47|emag.3.1|lbi.art18|cf.art196|onu.art25|dec5626.art26;<video> elements must have captions;Vídeo de orientação em saúde sem legenda nega à pessoa surda o acesso à informação sanitária, violando o art. 26 do Decreto 5.626/2005 e o direito à atenção integral do art. 18 da LBI.
cadbe724-625a-45e6-b883-3d0817990653;fixtures-local;Conjunto de validação sintético (golden set);2026-08-19T04:03:12.210919+00:00;http://127.0.0.1:8080/pages/inacessivel-agendamento.html;1;desktop-1366;no-autoplay-audio;axe-core;incomplete;;moderado;1.4.2;1.4.2;perceptivel;A;1;cegueira|cognitiva_neurodivergencia;lbi.art63.caput|lbi.art3.iv.d|lbi.art4|dec5296.art47|emag.3.1|lbi.art18|cf.art196|onu.art25|lbi.art74;<video> or <audio> elements must not play automatically;Áudio automático interfere na tecnologia assistiva, obstruindo o acesso garantido pelo art. 74 da LBI.
cadbe724-625a-45e6-b883-3d0817990653;fixtures-local;Conjunto de validação sintético (golden set);2026-08-19T04:03:12.210919+00:00;http://127.0.0.1:8080/pages/inacessivel-agendamento.html;1;desktop-1366;probe.page-language.missing;probe;fail;serious;alto;3.1.1;3.1.1;compreensivel;A;1;cegueira|cognitiva_neurodivergencia;lbi.art63.caput|lbi.art3.iv.d|lbi.art4|dec5296.art47|emag.3.1|lbi.art18|cf.art196|onu.art25|lbi.art74|cf.art5.xiv|lai.art8.par3.viii;O documento não declara o idioma (atributo lang ausente).;Sem declaração de idioma, o sintetizador de voz pronuncia o português com fonética estrangeira e a informação em saúde se torna ininteligível — a informação é publicada, mas não é comunicada (art. 3º, IV, 'd', LBI).
cadbe724-625a-45e6-b883-3d0817990653;fixtures-local;Conjunto de validação sintético (golden set);2026-08-19T04:03:12.210919+00:00;http://127.0.0.1:8080/pages/inacessivel-agendamento.html;1;desktop-1366;probe.landmarks.no-main;probe;fail;serious;alto;1.3.1;1.3.1;perceptivel;A;1;baixa_visao|cegueira|cognitiva_neurodivergencia;lbi.art63.caput|lbi.art3.iv.d|lbi.art4|dec5296.art47|emag.3.1|lbi.art18|cf.art196|onu.art25|lbi.art74;A página não declara marco de conteúdo principal (<main>).;"Sem estrutura semântica, a tecnologia assistiva não consegue reconstruir a relação entre rótulo e dado; o art. 74 da LBI assegura o acesso a tecnologias assistivas, o que pressupõe conteúdo com elas compatível."
cadbe724-625a-45e6-b883-3d0817990653;fixtures-local;Conjunto de validação sintético (golden set);2026-08-19T04:03:12.210919+00:00;http://127.0.0.1:8080/pages/inacessivel-agendamento.html;1;desktop-1366;probe.landmarks.no-skip-link;probe;fail;moderate;moderado;2.4.1;2.4.1;operavel;A;1;cegueira|cognitiva_neurodivergencia|motora;lbi.art63.caput|lbi.art3.iv.d|lbi.art4|dec5296.art47|emag.3.1|lbi.art18|cf.art196|onu.art25|lbi.art3.i;Nenhum link de salto para o conteúdo principal foi encontrado.;A ausência de mecanismo de salto obriga a percorrer repetidamente blocos idênticos, esforço desproporcional vedado pelo conceito de acessibilidade com autonomia do art. 3º, I da LBI.
cadbe724-625a-45e6-b883-3d0817990653;fixtures-local;Conjunto de validação sintético (golden set);2026-08-19T04:03:12.210919+00:00;http://127.0.0.1:8080/pages/inacessivel-agendamento.html;1;desktop-1366;probe.heading-structure.none;probe;fail;serious;alto;1.3.1|2.4.6;1.3.1;perceptivel;A;1;baixa_visao|cegueira|cognitiva_neurodivergencia;lbi.art63.caput|lbi.art3.iv.d|lbi.art4|dec5296.art47|emag.3.1|lbi.art18|cf.art196|onu.art25|lbi.art74|cf.art5.xiv|lai.art8.par3.viii;A página não possui nenhum cabeçalho.;"Sem estrutura semântica, a tecnologia assistiva não consegue reconstruir a relação entre rótulo e dado; o art. 74 da LBI assegura o acesso a tecnologias assistivas, o que pressupõe conteúdo com elas compatível."
cadbe724-625a-45e6-b883-3d0817990653;fixtures-local;Conjunto de validação sintético (golden set);2026-08-19T04:03:12.210919+00:00;http://127.0.0.1:8080/pages/inacessivel-agendamento.html;1;desktop-1366;probe.id-duplicado;probe;fail;serious;alto;4.1.1;4.1.1;robusto;A;1;cegueira|cognitiva_neurodivergencia|motora;lbi.art63.caput|lbi.art3.iv.d|lbi.art4|dec5296.art47|emag.3.1|lbi.art18|cf.art196|onu.art25|lbi.art74;1 identificador(es) duplicado(s) quebram associações de rótulo ou de descrição.;Marcação malformada produz comportamento imprevisível em tecnologia assistiva, comprometendo a interoperabilidade pressuposta pelo art. 74.
cadbe724-625a-45e6-b883-3d0817990653;fixtures-local;Conjunto de validação sintético (golden set);2026-08-19T04:03:12.210919+00:00;http://127.0.0.1:8080/pages/inacessivel-agendamento.html;1;desktop-1366;probe.id-duplicado.inerte;probe;incomplete;;baixo;4.1.1;4.1.1;robusto;A;1;cegueira|cognitiva_neurodivergencia|motora;lbi.art63.caput|lbi.art3.iv.d|lbi.art4|dec5296.art47|emag.3.1|lbi.art18|cf.art196|onu.art25|lbi.art74;1 identificador(es) duplicado(s) sem referência associada.;Marcação malformada produz comportamento imprevisível em tecnologia assistiva, comprometendo a interoperabilidade pressuposta pelo art. 74.
cadbe724-625a-45e6-b883-3d0817990653;fixtures-local;Conjunto de validação sintético (golden set);2026-08-19T04:03:12.210919+00:00;http://127.0.0.1:8080/pages/inacessivel-agendamento.html;1;desktop-1366;probe.non-interactive-control;probe;fail;critical;critico;2.1.1|4.1.2;2.1.1;operavel;A;2;cegueira|motora;lbi.art63.caput|lbi.art3.iv.d|lbi.art4|dec5296.art47|emag.3.1|lbi.art18|cf.art196|onu.art25|lbi.art74|onu.art9|lbi.art3.i;2 elemento(s) respondem ao clique do mouse mas não são alcançáveis por teclado.;A construção de controles inacessíveis por teclado impede integralmente o uso do serviço por pessoas com deficiência motora e por usuários de leitor de tela, sem qualquer rota alternativa. Configura barreira absoluta na comunicação e na informação (art. 3º, IV, 'd', LBI), violação direta do dever de acessibilidade dos sítios de órgãos de governo (art. 63, caput, LBI) e descumprimento do art. 9 da Convenção sobre os Direitos das Pessoas com Deficiência, que tem hierarquia de emenda constitucional.
cadbe724-625a-45e6-b883-3d0817990653;fixtures-local;Conjunto de validação sintético (golden set);2026-08-19T04:03:12.210919+00:00;http://127.0.0.1:8080/pages/inacessivel-agendamento.html;1;desktop-1366;probe.positive-tabindex;probe;fail;moderate;alto;2.4.3;2.4.3;operavel;A;3;cegueira|cognitiva_neurodivergencia|motora;lbi.art63.caput|lbi.art3.iv.d|lbi.art4|dec5296.art47|emag.3.1|lbi.art18|cf.art196|onu.art25;3 elemento(s) usam tabindex positivo, alterando a ordem natural de tabulação.;Ordem de foco incoerente induz erro na submissão de dados de saúde, com risco de agendamento equivocado — dano ao acesso ao serviço.
cadbe724-625a-45e6-b883-3d0817990653;fixtures-local;Conjunto de validação sintético (golden set);2026-08-19T04:03:12.210919+00:00;http://127.0.0.1:8080/pages/inacessivel-agendamento.html;1;desktop-1366;probe.focus-visible;probe;fail;serious;alto;2.4.7;2.4.7;operavel;AA;4;baixa_visao|cognitiva_neurodivergencia|motora;lbi.art63.caput|lbi.art3.iv.d|lbi.art4|dec5296.art47|emag.3.1|lbi.art18|cf.art196|onu.art25|lbi.art3.i;4 controle(s) não exibem indicador de foco: o contorno está suprimido e nenhuma outra mudança visual ocorre.;A supressão do indicador de foco cega o usuário de teclado quanto à sua posição, impedindo o uso com segurança (art. 3º, I, LBI).
cadbe724-625a-45e6-b883-3d0817990653;fixtures-local;Conjunto de validação sintético (golden set);2026-08-19T04:03:12.210919+00:00;http://127.0.0.1:8080/pages/inacessivel-agendamento.html;1;desktop-1366;probe.placeholder-como-rotulo;probe;fail;serious;alto;3.3.2;3.3.2;compreensivel;A;3;baixa_visao|cegueira|cognitiva_neurodivergencia;lbi.art63.caput|lbi.art3.iv.d|lbi.art4|dec5296.art47|emag.3.1|lbi.art18|cf.art196|onu.art25|lbi.art74|lbi.art3.i;3 campo(s) de formulário são identificados apenas pelo texto de placeholder.;Campo sem rótulo programático torna indeterminável o dado solicitado, inviabilizando o preenchimento autônomo (art. 3º, I, LBI).
cadbe724-625a-45e6-b883-3d0817990653;fixtures-local;Conjunto de validação sintético (golden set);2026-08-19T04:03:12.210919+00:00;http://127.0.0.1:8080/pages/inacessivel-agendamento.html;1;desktop-1366;probe.zoom-lock;probe;fail;serious;alto;1.4.4;1.4.4;perceptivel;AA;1;baixa_visao|cognitiva_neurodivergencia;lbi.art63.caput|lbi.art3.iv.d|lbi.art4|dec5296.art47|emag.3.1|lbi.art18|cf.art196|onu.art25;A página bloqueia a ampliação pelo usuário.;O bloqueio de ampliação nega adaptação razoável, conduta equiparada a discriminação pelo art. 4º, § 1º da LBI.
cadbe724-625a-45e6-b883-3d0817990653;fixtures-local;Conjunto de validação sintético (golden set);2026-08-19T04:03:12.210919+00:00;http://127.0.0.1:8080/pages/inacessivel-agendamento.html;1;desktop-1366;probe.captions.video-without-track;probe;fail;serious;alto;1.2.2;1.2.2;perceptivel;A;1;surdez;lbi.art63.caput|lbi.art3.iv.d|lbi.art4|dec5296.art47|emag.3.1|lbi.art18|cf.art196|onu.art25|dec5626.art26;1 vídeo(s) sem faixa de legenda declarada.;Vídeo de orientação em saúde sem legenda nega à pessoa surda o acesso à informação sanitária, violando o art. 26 do Decreto 5.626/2005 e o direito à atenção integral do art. 18 da LBI.
cadbe724-625a-45e6-b883-3d0817990653;fixtures-local;Conjunto de validação sintético (golden set);2026-08-19T04:03:12.210919+00:00;http://127.0.0.1:8080/pages/inacessivel-agendamento.html;1;desktop-1366;probe.captions.audio-transcript;probe;incomplete;;moderado;1.2.1;1.2.1;perceptivel;A;1;baixa_conectividade|cegueira|surdez;lbi.art63.caput|lbi.art3.iv.d|lbi.art4|dec5296.art47|emag.3.1|lbi.art18|cf.art196|onu.art25|dec5626.art26|cf.art5.xiv|lai.art8.par3.viii;1 elemento(s) de áudio requerem verificação de transcrição.;Conteúdo audiovisual sem alternativa acessível descumpre o dever de oferta de comunicação e informação adequadas do art. 18, § 4º da LBI.
cadbe724-625a-45e6-b883-3d0817990653;fixtures-local;Conjunto de validação sintético (golden set);2026-08-19T04:03:12.210919+00:00;http://127.0.0.1:8080/pages/inacessivel-agendamento.html;1;desktop-1366;probe.autoplay;probe;fail;serious;moderado;1.4.2|2.2.2;1.4.2;perceptivel;A;1;cegueira|cognitiva_neurodivergencia;lbi.art63.caput|lbi.art3.iv.d|lbi.art4|dec5296.art47|emag.3.1|lbi.art18|cf.art196|onu.art25|lbi.art74;1 mídia(s) com reprodução automática audível, das quais 1 sem controles.;Áudio automático interfere na tecnologia assistiva, obstruindo o acesso garantido pelo art. 74 da LBI.
cadbe724-625a-45e6-b883-3d0817990653;fixtures-local;Conjunto de validação sintético (golden set);2026-08-19T04:03:12.210919+00:00;http://127.0.0.1:8080/pages/inacessivel-agendamento.html;1;desktop-1366;probe.meta-refresh;probe;fail;serious;alto;2.2.1;2.2.1;operavel;A;1;baixa_conectividade|baixa_visao|cognitiva_neurodivergencia|motora;lbi.art63.caput|lbi.art3.iv.d|lbi.art4|dec5296.art47|emag.3.1|lbi.art18|cf.art196|onu.art25|lbi.art9.v;A página se atualiza ou redireciona automaticamente.;Prazos de sessão não ajustáveis penalizam quem opera mais lentamente por deficiência ou por conexão precária, produzindo discriminação indireta (art. 4º, § 1º, LBI).
cadbe724-625a-45e6-b883-3d0817990653;fixtures-local;Conjunto de validação sintético (golden set);2026-08-19T04:03:12.210919+00:00;http://127.0.0.1:8080/pages/acessivel-agendamento.html;1;mobile-320;color-contrast;axe-core;incomplete;;alto;1.4.3;1.4.3;perceptivel;AA;5;baixa_visao|cognitiva_neurodivergencia|visao_de_cores;lbi.art63.caput|lbi.art3.iv.d|lbi.art4|dec5296.art47|emag.3.1|lbi.art18|cf.art196|onu.art25|cf.art5.xiv|lai.art8.par3.viii;Elements must meet minimum color contrast ratio thresholds;"O contraste insuficiente é a barreira de comunicação mais prevalente e atinge diretamente a população idosa usuária do SUS; sua persistência em portal público caracteriza descumprimento continuado do art. 63, caput, da LBI e do art. 47 do Decreto 5.296/2004."
cadbe724-625a-45e6-b883-3d0817990653;fixtures-local;Conjunto de validação sintético (golden set);2026-08-19T04:03:12.210919+00:00;http://127.0.0.1:8080/pages/acessivel-agendamento.html;1;desktop-1366;probe.readability;heuristic;incomplete;;moderado;;;;;1;cognitiva_neurodivergencia|baixa_conectividade;lbi.art18|lai.art8.par3.viii|lei13460.art5;Legibilidade do conteúdo principal em 27.22 pontos — faixa difícil (exige ensino médio completo).;A publicação de informação de saúde em registro linguístico inacessível à população destinatária esvazia materialmente o dever de oferta de comunicação e informação adequadas (art. 18, § 4º, IV, LBI) e o dever de transparência ativa (art. 8º, § 3º, LAI). A informação torna-se disponível sem se tornar acessível.
cadbe724-625a-45e6-b883-3d0817990653;fixtures-local;Conjunto de validação sintético (golden set);2026-08-19T04:03:12.210919+00:00;http://127.0.0.1:8080/pages/contraste-e-cor.html;0;mobile-320;color-contrast;axe-core;fail;serious;alto;1.4.3;1.4.3;perceptivel;AA;3;baixa_visao|cognitiva_neurodivergencia|visao_de_cores;lbi.art63.caput|lbi.art3.iv.d|lbi.art4|dec5296.art47|emag.3.1|lbi.art18|cf.art196|onu.art25|cf.art5.xiv|lai.art8.par3.viii;Elements must meet minimum color contrast ratio thresholds;"O contraste insuficiente é a barreira de comunicação mais prevalente e atinge diretamente a população idosa usuária do SUS; sua persistência em portal público caracteriza descumprimento continuado do art. 63, caput, da LBI e do art. 47 do Decreto 5.296/2004."
cadbe724-625a-45e6-b883-3d0817990653;fixtures-local;Conjunto de validação sintético (golden set);2026-08-19T04:03:12.210919+00:00;http://127.0.0.1:8080/pages/contraste-e-cor.html;0;mobile-320;color-contrast;axe-core;incomplete;;alto;1.4.3;1.4.3;perceptivel;AA;1;baixa_visao|cognitiva_neurodivergencia|visao_de_cores;lbi.art63.caput|lbi.art3.iv.d|lbi.art4|dec5296.art47|emag.3.1|lbi.art18|cf.art196|onu.art25|cf.art5.xiv|lai.art8.par3.viii;Elements must meet minimum color contrast ratio thresholds;"O contraste insuficiente é a barreira de comunicação mais prevalente e atinge diretamente a população idosa usuária do SUS; sua persistência em portal público caracteriza descumprimento continuado do art. 63, caput, da LBI e do art. 47 do Decreto 5.296/2004."
cadbe724-625a-45e6-b883-3d0817990653;fixtures-local;Conjunto de validação sintético (golden set);2026-08-19T04:03:12.210919+00:00;http://127.0.0.1:8080/pages/contraste-e-cor.html;0;mobile-320;probe.landmarks.no-skip-link;probe;incomplete;;moderado;2.4.1;2.4.1;operavel;A;1;cegueira|cognitiva_neurodivergencia|motora;lbi.art63.caput|lbi.art3.iv.d|lbi.art4|dec5296.art47|emag.3.1|lbi.art18|cf.art196|onu.art25|lbi.art3.i;Nenhum link de salto para o conteúdo principal foi encontrado.;A ausência de mecanismo de salto obriga a percorrer repetidamente blocos idênticos, esforço desproporcional vedado pelo conceito de acessibilidade com autonomia do art. 3º, I da LBI.
cadbe724-625a-45e6-b883-3d0817990653;fixtures-local;Conjunto de validação sintético (golden set);2026-08-19T04:03:12.210919+00:00;http://127.0.0.1:8080/pages/contraste-e-cor.html;0;mobile-320;probe.reflow-320;probe;fail;serious;alto;1.4.10;1.4.10;perceptivel;AA;12;baixa_visao|cognitiva_neurodivergencia|motora;lbi.art63.caput|lbi.art3.iv.d|lbi.art4|dec5296.art47|emag.3.1|lbi.art18|cf.art196|onu.art25|lei13460.art5;A página exige rolagem horizontal em tela de 320 px (54 px de transbordo).;"O acesso majoritário aos serviços públicos de saúde no Brasil se dá por telefone celular; a exigência de rolagem bidirecional em telas estreitas inviabiliza o uso e frustra o acesso universal do art. 196 da CF/88."
cadbe724-625a-45e6-b883-3d0817990653;fixtures-local;Conjunto de validação sintético (golden set);2026-08-19T04:03:12.210919+00:00;http://127.0.0.1:8080/pages/contraste-e-cor.html;0;desktop-1366;color-contrast;axe-core;fail;serious;alto;1.4.3;1.4.3;perceptivel;AA;3;baixa_visao|cognitiva_neurodivergencia|visao_de_cores;lbi.art63.caput|lbi.art3.iv.d|lbi.art4|dec5296.art47|emag.3.1|lbi.art18|cf.art196|onu.art25|cf.art5.xiv|lai.art8.par3.viii;Elements must meet minimum color contrast ratio thresholds;"O contraste insuficiente é a barreira de comunicação mais prevalente e atinge diretamente a população idosa usuária do SUS; sua persistência em portal público caracteriza descumprimento continuado do art. 63, caput, da LBI e do art. 47 do Decreto 5.296/2004."
cadbe724-625a-45e6-b883-3d0817990653;fixtures-local;Conjunto de validação sintético (golden set);2026-08-19T04:03:12.210919+00:00;http://127.0.0.1:8080/pages/contraste-e-cor.html;0;desktop-1366;probe.landmarks.no-skip-link;probe;incomplete;;moderado;2.4.1;2.4.1;operavel;A;1;cegueira|cognitiva_neurodivergencia|motora;lbi.art63.caput|lbi.art3.iv.d|lbi.art4|dec5296.art47|emag.3.1|lbi.art18|cf.art196|onu.art25|lbi.art3.i;Nenhum link de salto para o conteúdo principal foi encontrado.;A ausência de mecanismo de salto obriga a percorrer repetidamente blocos idênticos, esforço desproporcional vedado pelo conceito de acessibilidade com autonomia do art. 3º, I da LBI.
cadbe724-625a-45e6-b883-3d0817990653;fixtures-local;Conjunto de validação sintético (golden set);2026-08-19T04:03:12.210919+00:00;http://127.0.0.1:8080/pages/formulario-sem-rotulos.html;1;mobile-320;select-name;axe-core;fail;critical;critico;4.1.2;4.1.2;robusto;A;1;cegueira|fala|motora;lbi.art63.caput|lbi.art3.iv.d|lbi.art4|dec5296.art47|emag.3.1|lbi.art18|cf.art196|onu.art25|lbi.art74|onu.art9;Select element must have an accessible name;Controle sem nome, função ou valor expostos simplesmente não existe para a tecnologia assistiva: o serviço é, para o usuário cego, inexistente. É a forma mais severa de barreira na informação do art. 3º, IV, 'd'.
cadbe724-625a-45e6-b883-3d0817990653;fixtures-local;Conjunto de validação sintético (golden set);2026-08-19T04:03:12.210919+00:00;http://127.0.0.1:8080/pages/formulario-sem-rotulos.html;1;mobile-320;probe.landmarks.no-skip-link;probe;incomplete;;moderado;2.4.1;2.4.1;operavel;A;1;cegueira|cognitiva_neurodivergencia|motora;lbi.art63.caput|lbi.art3.iv.d|lbi.art4|dec5296.art47|emag.3.1|lbi.art18|cf.art196|onu.art25|lbi.art3.i;Nenhum link de salto para o conteúdo principal foi encontrado.;A ausência de mecanismo de salto obriga a percorrer repetidamente blocos idênticos, esforço desproporcional vedado pelo conceito de acessibilidade com autonomia do art. 3º, I da LBI.
cadbe724-625a-45e6-b883-3d0817990653;fixtures-local;Conjunto de validação sintético (golden set);2026-08-19T04:03:12.210919+00:00;http://127.0.0.1:8080/pages/formulario-sem-rotulos.html;1;mobile-320;probe.placeholder-como-rotulo;probe;fail;serious;alto;3.3.2;3.3.2;compreensivel;A;3;baixa_visao|cegueira|cognitiva_neurodivergencia;lbi.art63.caput|lbi.art3.iv.d|lbi.art4|dec5296.art47|emag.3.1|lbi.art18|cf.art196|onu.art25|lbi.art74|lbi.art3.i;3 campo(s) de formulário são identificados apenas pelo texto de placeholder.;Campo sem rótulo programático torna indeterminável o dado solicitado, inviabilizando o preenchimento autônomo (art. 3º, I, LBI).
cadbe724-625a-45e6-b883-3d0817990653;fixtures-local;Conjunto de validação sintético (golden set);2026-08-19T04:03:12.210919+00:00;http://127.0.0.1:8080/pages/formulario-sem-rotulos.html;1;mobile-320;probe.reflow-320;probe;fail;serious;alto;1.4.10;1.4.10;perceptivel;AA;3;baixa_visao|cognitiva_neurodivergencia|motora;lbi.art63.caput|lbi.art3.iv.d|lbi.art4|dec5296.art47|emag.3.1|lbi.art18|cf.art196|onu.art25|lei13460.art5;A página exige rolagem horizontal em tela de 320 px (9 px de transbordo).;"O acesso majoritário aos serviços públicos de saúde no Brasil se dá por telefone celular; a exigência de rolagem bidirecional em telas estreitas inviabiliza o uso e frustra o acesso universal do art. 196 da CF/88."
cadbe724-625a-45e6-b883-3d0817990653;fixtures-local;Conjunto de validação sintético (golden set);2026-08-19T04:03:12.210919+00:00;http://127.0.0.1:8080/pages/formulario-sem-rotulos.html;1;desktop-1366;select-name;axe-core;fail;critical;critico;4.1.2;4.1.2;robusto;A;1;cegueira|fala|motora;lbi.art63.caput|lbi.art3.iv.d|lbi.art4|dec5296.art47|emag.3.1|lbi.art18|cf.art196|onu.art25|lbi.art74|onu.art9;Select element must have an accessible name;Controle sem nome, função ou valor expostos simplesmente não existe para a tecnologia assistiva: o serviço é, para o usuário cego, inexistente. É a forma mais severa de barreira na informação do art. 3º, IV, 'd'.
cadbe724-625a-45e6-b883-3d0817990653;fixtures-local;Conjunto de validação sintético (golden set);2026-08-19T04:03:12.210919+00:00;http://127.0.0.1:8080/pages/formulario-sem-rotulos.html;1;desktop-1366;probe.landmarks.no-skip-link;probe;incomplete;;moderado;2.4.1;2.4.1;operavel;A;1;cegueira|cognitiva_neurodivergencia|motora;lbi.art63.caput|lbi.art3.iv.d|lbi.art4|dec5296.art47|emag.3.1|lbi.art18|cf.art196|onu.art25|lbi.art3.i;Nenhum link de salto para o conteúdo principal foi encontrado.;A ausência de mecanismo de salto obriga a percorrer repetidamente blocos idênticos, esforço desproporcional vedado pelo conceito de acessibilidade com autonomia do art. 3º, I da LBI.
cadbe724-625a-45e6-b883-3d0817990653;fixtures-local;Conjunto de validação sintético (golden set);2026-08-19T04:03:12.210919+00:00;http://127.0.0.1:8080/pages/formulario-sem-rotulos.html;1;desktop-1366;probe.placeholder-como-rotulo;probe;fail;serious;alto;3.3.2;3.3.2;compreensivel;A;3;baixa_visao|cegueira|cognitiva_neurodivergencia;lbi.art63.caput|lbi.art3.iv.d|lbi.art4|dec5296.art47|emag.3.1|lbi.art18|cf.art196|onu.art25|lbi.art74|lbi.art3.i;3 campo(s) de formulário são identificados apenas pelo texto de placeholder.;Campo sem rótulo programático torna indeterminável o dado solicitado, inviabilizando o preenchimento autônomo (art. 3º, I, LBI).
cadbe724-625a-45e6-b883-3d0817990653;fixtures-local;Conjunto de validação sintético (golden set);2026-08-19T04:03:12.210919+00:00;http://127.0.0.1:8080/pages/pagina-pesada.html;0;mobile-320;color-contrast;axe-core;incomplete;;alto;1.4.3;1.4.3;perceptivel;AA;3;baixa_visao|cognitiva_neurodivergencia|visao_de_cores;lbi.art63.caput|lbi.art3.iv.d|lbi.art4|dec5296.art47|emag.3.1|lbi.art18|cf.art196|onu.art25|cf.art5.xiv|lai.art8.par3.viii;Elements must meet minimum color contrast ratio thresholds;"O contraste insuficiente é a barreira de comunicação mais prevalente e atinge diretamente a população idosa usuária do SUS; sua persistência em portal público caracteriza descumprimento continuado do art. 63, caput, da LBI e do art. 47 do Decreto 5.296/2004."
cadbe724-625a-45e6-b883-3d0817990653;fixtures-local;Conjunto de validação sintético (golden set);2026-08-19T04:03:12.210919+00:00;http://127.0.0.1:8080/pages/pagina-pesada.html;0;mobile-320;probe.landmarks.no-skip-link;probe;incomplete;;moderado;2.4.1;2.4.1;operavel;A;1;cegueira|cognitiva_neurodivergencia|motora;lbi.art63.caput|lbi.art3.iv.d|lbi.art4|dec5296.art47|emag.3.1|lbi.art18|cf.art196|onu.art25|lbi.art3.i;Nenhum link de salto para o conteúdo principal foi encontrado.;A ausência de mecanismo de salto obriga a percorrer repetidamente blocos idênticos, esforço desproporcional vedado pelo conceito de acessibilidade com autonomia do art. 3º, I da LBI.
cadbe724-625a-45e6-b883-3d0817990653;fixtures-local;Conjunto de validação sintético (golden set);2026-08-19T04:03:12.210919+00:00;http://127.0.0.1:8080/pages/pagina-pesada.html;0;mobile-320;probe.reflow-320;probe;fail;serious;alto;1.4.10;1.4.10;perceptivel;AA;12;baixa_visao|cognitiva_neurodivergencia|motora;lbi.art63.caput|lbi.art3.iv.d|lbi.art4|dec5296.art47|emag.3.1|lbi.art18|cf.art196|onu.art25|lei13460.art5;A página exige rolagem horizontal em tela de 320 px (62 px de transbordo).;"O acesso majoritário aos serviços públicos de saúde no Brasil se dá por telefone celular; a exigência de rolagem bidirecional em telas estreitas inviabiliza o uso e frustra o acesso universal do art. 196 da CF/88."
cadbe724-625a-45e6-b883-3d0817990653;fixtures-local;Conjunto de validação sintético (golden set);2026-08-19T04:03:12.210919+00:00;http://127.0.0.1:8080/pages/pagina-pesada.html;0;mobile-320;probe.data-cost;probe;fail;moderate;moderado;;;;;1;baixa_conectividade;cf.art196|lbi.art18|lei13460.art5|cf.art5.xiv;Um único acesso a esta página consome 3.40 MB, ou 0.033% da franquia mensal do plano de referência (1.0 centavo).;O custo de dados exigido para acessar o serviço digital de saúde transfere ao cidadão um ônus econômico como condição de exercício de direito fundamental. Quando esse ônus recai desproporcionalmente sobre a população de menor renda — a mesma que depende exclusivamente do SUS — o acesso deixa de ser universal e igualitário, em desacordo com o art. 196 da CF/88 e com o dever de informação adequada do art. 18, § 4º da Lei 13.146/2015. A parcela do tráfego destinada a terceiros agrava a situação: o usuário custeia recursos que não lhe prestam o serviço público solicitado.
cadbe724-625a-45e6-b883-3d0817990653;fixtures-local;Conjunto de validação sintético (golden set);2026-08-19T04:03:12.210919+00:00;http://127.0.0.1:8080/pages/pagina-pesada.html;0;desktop-1366;probe.landmarks.no-skip-link;probe;incomplete;;moderado;2.4.1;2.4.1;operavel;A;1;cegueira|cognitiva_neurodivergencia|motora;lbi.art63.caput|lbi.art3.iv.d|lbi.art4|dec5296.art47|emag.3.1|lbi.art18|cf.art196|onu.art25|lbi.art3.i;Nenhum link de salto para o conteúdo principal foi encontrado.;A ausência de mecanismo de salto obriga a percorrer repetidamente blocos idênticos, esforço desproporcional vedado pelo conceito de acessibilidade com autonomia do art. 3º, I da LBI.
cadbe724-625a-45e6-b883-3d0817990653;fixtures-local;Conjunto de validação sintético (golden set);2026-08-19T04:03:12.210919+00:00;http://127.0.0.1:8080/pages/pagina-pesada.html;0;desktop-1366;probe.data-cost;probe;fail;moderate;moderado;;;;;1;baixa_conectividade;cf.art196|lbi.art18|lei13460.art5|cf.art5.xiv;Um único acesso a esta página consome 3.40 MB, ou 0.033% da franquia mensal do plano de referência (1.0 centavo).;O custo de dados exigido para acessar o serviço digital de saúde transfere ao cidadão um ônus econômico como condição de exercício de direito fundamental. Quando esse ônus recai desproporcionalmente sobre a população de menor renda — a mesma que depende exclusivamente do SUS — o acesso deixa de ser universal e igualitário, em desacordo com o art. 196 da CF/88 e com o dever de informação adequada do art. 18, § 4º da Lei 13.146/2015. A parcela do tráfego destinada a terceiros agrava a situação: o usuário custeia recursos que não lhe prestam o serviço público solicitado.
924e3f8d-b514-4b66-add1-84c6376b76ef;fixtures-local;Conjunto de validação sintético (golden set);2026-08-18T21:50:22.677177+00:00;http://127.0.0.1:8080/pages/inacessivel-agendamento.html;1;mobile-320;color-contrast;axe-core;fail;serious;alto;1.4.3;1.4.3;perceptivel;AA;5;baixa_visao|cognitiva_neurodivergencia|visao_de_cores;lbi.art63.caput|lbi.art3.iv.d|lbi.art4|dec5296.art47|emag.3.1|lbi.art18|cf.art196|onu.art25|cf.art5.xiv|lai.art8.par3.viii;Elements must meet minimum color contrast ratio thresholds;"O contraste insuficiente é a barreira de comunicação mais prevalente e atinge diretamente a população idosa usuária do SUS; sua persistência em portal público caracteriza descumprimento continuado do art. 63, caput, da LBI e do art. 47 do Decreto 5.296/2004."
924e3f8d-b514-4b66-add1-84c6376b76ef;fixtures-local;Conjunto de validação sintético (golden set);2026-08-18T21:50:22.677177+00:00;http://127.0.0.1:8080/pages/inacessivel-agendamento.html;1;mobile-320;html-has-lang;axe-core;fail;serious;alto;3.1.1;3.1.1;compreensivel;A;1;cegueira|cognitiva_neurodivergencia;lbi.art63.caput|lbi.art3.iv.d|lbi.art4|dec5296.art47|emag.3.1|lbi.art18|cf.art196|onu.art25|lbi.art74|cf.art5.xiv|lai.art8.par3.viii;<html> element must have a lang attribute;Sem declaração de idioma, o sintetizador de voz pronuncia o português com fonética estrangeira e a informação em saúde se torna ininteligível — a informação é publicada, mas não é comunicada (art. 3º, IV, 'd', LBI).
924e3f8d-b514-4b66-add1-84c6376b76ef;fixtures-local;Conjunto de validação sintético (golden set);2026-08-18T21:50:22.677177+00:00;http://127.0.0.1:8080/pages/inacessivel-agendamento.html;1;mobile-320;image-alt;axe-core;fail;critical;alto;1.1.1;1.1.1;perceptivel;A;2;baixa_conectividade|baixa_visao|cegueira|cognitiva_neurodivergencia;lbi.art63.caput|lbi.art3.iv.d|lbi.art4|dec5296.art47|emag.3.1|lbi.art18|cf.art196|onu.art25|lbi.art74|cf.art5.xiv|lai.art8.par3.viii;Images must have alternative text;A ausência de alternativa textual configura barreira na comunicação e na informação (art. 3º, IV, 'd', LBI): o conteúdo existe juridicamente como informação pública, mas não é recebível pelo usuário cego, esvaziando o dever de transparência ativa do art. 8º, § 3º, VIII da LAI.
924e3f8d-b514-4b66-add1-84c6376b76ef;fixtures-local;Conjunto de validação sintético (golden set);2026-08-18T21:50:22.677177+00:00;http://127.0.0.1:8080/pages/inacessivel-agendamento.html;1;mobile-320;meta-refresh;axe-core;fail;critical;alto;2.2.1;2.2.1;operavel;A;1;baixa_conectividade|baixa_visao|cognitiva_neurodivergencia|motora;lbi.art63.caput|lbi.art3.iv.d|lbi.art4|dec5296.art47|emag.3.1|lbi.art18|cf.art196|onu.art25|lbi.art9.v;Delayed refresh under 20 hours must not be used;Prazos de sessão não ajustáveis penalizam quem opera mais lentamente por deficiência ou por conexão precária, produzindo discriminação indireta (art. 4º, § 1º, LBI).
924e3f8d-b514-4b66-add1-84c6376b76ef;fixtures-local;Conjunto de validação sintético (golden set);2026-08-18T21:50:22.677177+00:00;http://127.0.0.1:8080/pages/inacessivel-agendamento.html;1;mobile-320;meta-viewport;axe-core;fail;moderate;alto;1.4.4;1.4.4;perceptivel;AA;1;baixa_visao|cognitiva_neurodivergencia;lbi.art63.caput|lbi.art3.iv.d|lbi.art4|dec5296.art47|emag.3.1|lbi.art18|cf.art196|onu.art25;Zooming and scaling must not be disabled;O bloqueio de ampliação nega adaptação razoável, conduta equiparada a discriminação pelo art. 4º, § 1º da LBI.
924e3f8d-b514-4b66-add1-84c6376b76ef;fixtures-local;Conjunto de validação sintético (golden set);2026-08-18T21:50:22.677177+00:00;http://127.0.0.1:8080/pages/inacessivel-agendamento.html;1;mobile-320;select-name;axe-core;fail;critical;critico;4.1.2;4.1.2;robusto;A;1;cegueira|fala|motora;lbi.art63.caput|lbi.art3.iv.d|lbi.art4|dec5296.art47|emag.3.1|lbi.art18|cf.art196|onu.art25|lbi.art74|onu.art9;Select element must have an accessible name;Controle sem nome, função ou valor expostos simplesmente não existe para a tecnologia assistiva: o serviço é, para o usuário cego, inexistente. É a forma mais severa de barreira na informação do art. 3º, IV, 'd'.
924e3f8d-b514-4b66-add1-84c6376b76ef;fixtures-local;Conjunto de validação sintético (golden set);2026-08-18T21:50:22.677177+00:00;http://127.0.0.1:8080/pages/inacessivel-agendamento.html;1;mobile-320;color-contrast;axe-core;incomplete;;alto;1.4.3;1.4.3;perceptivel;AA;4;baixa_visao|cognitiva_neurodivergencia|visao_de_cores;lbi.art63.caput|lbi.art3.iv.d|lbi.art4|dec5296.art47|emag.3.1|lbi.art18|cf.art196|onu.art25|cf.art5.xiv|lai.art8.par3.viii;Elements must meet minimum color contrast ratio thresholds;"O contraste insuficiente é a barreira de comunicação mais prevalente e atinge diretamente a população idosa usuária do SUS; sua persistência em portal público caracteriza descumprimento continuado do art. 63, caput, da LBI e do art. 47 do Decreto 5.296/2004."
924e3f8d-b514-4b66-add1-84c6376b76ef;fixtures-local;Conjunto de validação sintético (golden set);2026-08-18T21:50:22.677177+00:00;http://127.0.0.1:8080/pages/inacessivel-agendamento.html;1;mobile-320;duplicate-id-aria;axe-core;incomplete;;critico;4.1.2;4.1.2;robusto;A;1;cegueira|fala|motora;lbi.art63.caput|lbi.art3.iv.d|lbi.art4|dec5296.art47|emag.3.1|lbi.art18|cf.art196|onu.art25|lbi.art74|onu.art9;IDs used in ARIA and labels must be unique;Controle sem nome, função ou valor expostos simplesmente não existe para a tecnologia assistiva: o serviço é, para o usuário cego, inexistente. É a forma mais severa de barreira na informação do art. 3º, IV, 'd'.
924e3f8d-b514-4b66-add1-84c6376b76ef;fixtures-local;Conjunto de validação sintético (golden set);2026-08-18T21:50:22.677177+00:00;http://127.0.0.1:8080/pages/inacessivel-agendamento.html;1;mobile-320;video-caption;axe-core;incomplete;;alto;1.2.2;1.2.2;perceptivel;A;1;surdez;lbi.art63.caput|lbi.art3.iv.d|lbi.art4|dec5296.art47|emag.3.1|lbi.art18|cf.art196|onu.art25|dec5626.art26;<video> elements must have captions;Vídeo de orientação em saúde sem legenda nega à pessoa surda o acesso à informação sanitária, violando o art. 26 do Decreto 5.626/2005 e o direito à atenção integral do art. 18 da LBI.
924e3f8d-b514-4b66-add1-84c6376b76ef;fixtures-local;Conjunto de validação sintético (golden set);2026-08-18T21:50:22.677177+00:00;http://127.0.0.1:8080/pages/inacessivel-agendamento.html;1;mobile-320;no-autoplay-audio;axe-core;incomplete;;moderado;1.4.2;1.4.2;perceptivel;A;1;cegueira|cognitiva_neurodivergencia;lbi.art63.caput|lbi.art3.iv.d|lbi.art4|dec5296.art47|emag.3.1|lbi.art18|cf.art196|onu.art25|lbi.art74;<video> or <audio> elements must not play automatically;Áudio automático interfere na tecnologia assistiva, obstruindo o acesso garantido pelo art. 74 da LBI.
924e3f8d-b514-4b66-add1-84c6376b76ef;fixtures-local;Conjunto de validação sintético (golden set);2026-08-18T21:50:22.677177+00:00;http://127.0.0.1:8080/pages/inacessivel-agendamento.html;1;mobile-320;probe.page-language.missing;probe;fail;serious;alto;3.1.1;3.1.1;compreensivel;A;1;cegueira|cognitiva_neurodivergencia;lbi.art63.caput|lbi.art3.iv.d|lbi.art4|dec5296.art47|emag.3.1|lbi.art18|cf.art196|onu.art25|lbi.art74|cf.art5.xiv|lai.art8.par3.viii;O documento não declara o idioma (atributo lang ausente).;Sem declaração de idioma, o sintetizador de voz pronuncia o português com fonética estrangeira e a informação em saúde se torna ininteligível — a informação é publicada, mas não é comunicada (art. 3º, IV, 'd', LBI).
924e3f8d-b514-4b66-add1-84c6376b76ef;fixtures-local;Conjunto de validação sintético (golden set);2026-08-18T21:50:22.677177+00:00;http://127.0.0.1:8080/pages/inacessivel-agendamento.html;1;mobile-320;probe.landmarks.no-main;probe;fail;serious;alto;1.3.1;1.3.1;perceptivel;A;1;baixa_visao|cegueira|cognitiva_neurodivergencia;lbi.art63.caput|lbi.art3.iv.d|lbi.art4|dec5296.art47|emag.3.1|lbi.art18|cf.art196|onu.art25|lbi.art74;A página não declara marco de conteúdo principal (<main>).;"Sem estrutura semântica, a tecnologia assistiva não consegue reconstruir a relação entre rótulo e dado; o art. 74 da LBI assegura o acesso a tecnologias assistivas, o que pressupõe conteúdo com elas compatível."
924e3f8d-b514-4b66-add1-84c6376b76ef;fixtures-local;Conjunto de validação sintético (golden set);2026-08-18T21:50:22.677177+00:00;http://127.0.0.1:8080/pages/inacessivel-agendamento.html;1;mobile-320;probe.landmarks.no-skip-link;probe;fail;moderate;moderado;2.4.1;2.4.1;operavel;A;1;cegueira|cognitiva_neurodivergencia|motora;lbi.art63.caput|lbi.art3.iv.d|lbi.art4|dec5296.art47|emag.3.1|lbi.art18|cf.art196|onu.art25|lbi.art3.i;Nenhum link de salto para o conteúdo principal foi encontrado.;A ausência de mecanismo de salto obriga a percorrer repetidamente blocos idênticos, esforço desproporcional vedado pelo conceito de acessibilidade com autonomia do art. 3º, I da LBI.
924e3f8d-b514-4b66-add1-84c6376b76ef;fixtures-local;Conjunto de validação sintético (golden set);2026-08-18T21:50:22.677177+00:00;http://127.0.0.1:8080/pages/inacessivel-agendamento.html;1;mobile-320;probe.heading-structure.none;probe;fail;serious;alto;1.3.1|2.4.6;1.3.1;perceptivel;A;1;baixa_visao|cegueira|cognitiva_neurodivergencia;lbi.art63.caput|lbi.art3.iv.d|lbi.art4|dec5296.art47|emag.3.1|lbi.art18|cf.art196|onu.art25|lbi.art74|cf.art5.xiv|lai.art8.par3.viii;A página não possui nenhum cabeçalho.;"Sem estrutura semântica, a tecnologia assistiva não consegue reconstruir a relação entre rótulo e dado; o art. 74 da LBI assegura o acesso a tecnologias assistivas, o que pressupõe conteúdo com elas compatível."
924e3f8d-b514-4b66-add1-84c6376b76ef;fixtures-local;Conjunto de validação sintético (golden set);2026-08-18T21:50:22.677177+00:00;http://127.0.0.1:8080/pages/inacessivel-agendamento.html;1;mobile-320;probe.id-duplicado;probe;fail;serious;alto;4.1.1;4.1.1;robusto;A;1;cegueira|cognitiva_neurodivergencia|motora;lbi.art63.caput|lbi.art3.iv.d|lbi.art4|dec5296.art47|emag.3.1|lbi.art18|cf.art196|onu.art25|lbi.art74;1 identificador(es) duplicado(s) quebram associações de rótulo ou de descrição.;Marcação malformada produz comportamento imprevisível em tecnologia assistiva, comprometendo a interoperabilidade pressuposta pelo art. 74.
924e3f8d-b514-4b66-add1-84c6376b76ef;fixtures-local;Conjunto de validação sintético (golden set);2026-08-18T21:50:22.677177+00:00;http://127.0.0.1:8080/pages/inacessivel-agendamento.html;1;mobile-320;probe.id-duplicado.inerte;probe;incomplete;;baixo;4.1.1;4.1.1;robusto;A;1;cegueira|cognitiva_neurodivergencia|motora;lbi.art63.caput|lbi.art3.iv.d|lbi.art4|dec5296.art47|emag.3.1|lbi.art18|cf.art196|onu.art25|lbi.art74;1 identificador(es) duplicado(s) sem referência associada.;Marcação malformada produz comportamento imprevisível em tecnologia assistiva, comprometendo a interoperabilidade pressuposta pelo art. 74.
924e3f8d-b514-4b66-add1-84c6376b76ef;fixtures-local;Conjunto de validação sintético (golden set);2026-08-18T21:50:22.677177+00:00;http://127.0.0.1:8080/pages/inacessivel-agendamento.html;1;mobile-320;probe.non-interactive-control;probe;fail;critical;critico;2.1.1|4.1.2;2.1.1;operavel;A;2;cegueira|motora;lbi.art63.caput|lbi.art3.iv.d|lbi.art4|dec5296.art47|emag.3.1|lbi.art18|cf.art196|onu.art25|lbi.art74|onu.art9|lbi.art3.i;2 elemento(s) respondem ao clique do mouse mas não são alcançáveis por teclado.;A construção de controles inacessíveis por teclado impede integralmente o uso do serviço por pessoas com deficiência motora e por usuários de leitor de tela, sem qualquer rota alternativa. Configura barreira absoluta na comunicação e na informação (art. 3º, IV, 'd', LBI), violação direta do dever de acessibilidade dos sítios de órgãos de governo (art. 63, caput, LBI) e descumprimento do art. 9 da Convenção sobre os Direitos das Pessoas com Deficiência, que tem hierarquia de emenda constitucional.
924e3f8d-b514-4b66-add1-84c6376b76ef;fixtures-local;Conjunto de validação sintético (golden set);2026-08-18T21:50:22.677177+00:00;http://127.0.0.1:8080/pages/inacessivel-agendamento.html;1;mobile-320;probe.positive-tabindex;probe;fail;moderate;alto;2.4.3;2.4.3;operavel;A;3;cegueira|cognitiva_neurodivergencia|motora;lbi.art63.caput|lbi.art3.iv.d|lbi.art4|dec5296.art47|emag.3.1|lbi.art18|cf.art196|onu.art25;3 elemento(s) usam tabindex positivo, alterando a ordem natural de tabulação.;Ordem de foco incoerente induz erro na submissão de dados de saúde, com risco de agendamento equivocado — dano ao acesso ao serviço.
924e3f8d-b514-4b66-add1-84c6376b76ef;fixtures-local;Conjunto de validação sintético (golden set);2026-08-18T21:50:22.677177+00:00;http://127.0.0.1:8080/pages/inacessivel-agendamento.html;1;mobile-320;probe.focus-visible;probe;fail;serious;alto;2.4.7;2.4.7;operavel;AA;4;baixa_visao|cognitiva_neurodivergencia|motora;lbi.art63.caput|lbi.art3.iv.d|lbi.art4|dec5296.art47|emag.3.1|lbi.art18|cf.art196|onu.art25|lbi.art3.i;4 controle(s) não exibem indicador de foco: o contorno está suprimido e nenhuma outra mudança visual ocorre.;A supressão do indicador de foco cega o usuário de teclado quanto à sua posição, impedindo o uso com segurança (art. 3º, I, LBI).
924e3f8d-b514-4b66-add1-84c6376b76ef;fixtures-local;Conjunto de validação sintético (golden set);2026-08-18T21:50:22.677177+00:00;http://127.0.0.1:8080/pages/inacessivel-agendamento.html;1;mobile-320;probe.placeholder-como-rotulo;probe;fail;serious;alto;3.3.2;3.3.2;compreensivel;A;3;baixa_visao|cegueira|cognitiva_neurodivergencia;lbi.art63.caput|lbi.art3.iv.d|lbi.art4|dec5296.art47|emag.3.1|lbi.art18|cf.art196|onu.art25|lbi.art74|lbi.art3.i;3 campo(s) de formulário são identificados apenas pelo texto de placeholder.;Campo sem rótulo programático torna indeterminável o dado solicitado, inviabilizando o preenchimento autônomo (art. 3º, I, LBI).
924e3f8d-b514-4b66-add1-84c6376b76ef;fixtures-local;Conjunto de validação sintético (golden set);2026-08-18T21:50:22.677177+00:00;http://127.0.0.1:8080/pages/inacessivel-agendamento.html;1;mobile-320;probe.reflow-320;probe;fail;serious;alto;1.4.10;1.4.10;perceptivel;AA;12;baixa_visao|cognitiva_neurodivergencia|motora;lbi.art63.caput|lbi.art3.iv.d|lbi.art4|dec5296.art47|emag.3.1|lbi.art18|cf.art196|onu.art25|lei13460.art5;A página exige rolagem horizontal em tela de 320 px (590 px de transbordo).;"O acesso majoritário aos serviços públicos de saúde no Brasil se dá por telefone celular; a exigência de rolagem bidirecional em telas estreitas inviabiliza o uso e frustra o acesso universal do art. 196 da CF/88."
924e3f8d-b514-4b66-add1-84c6376b76ef;fixtures-local;Conjunto de validação sintético (golden set);2026-08-18T21:50:22.677177+00:00;http://127.0.0.1:8080/pages/inacessivel-agendamento.html;1;mobile-320;probe.zoom-lock;probe;fail;serious;alto;1.4.4;1.4.4;perceptivel;AA;1;baixa_visao|cognitiva_neurodivergencia;lbi.art63.caput|lbi.art3.iv.d|lbi.art4|dec5296.art47|emag.3.1|lbi.art18|cf.art196|onu.art25;A página bloqueia a ampliação pelo usuário.;O bloqueio de ampliação nega adaptação razoável, conduta equiparada a discriminação pelo art. 4º, § 1º da LBI.
924e3f8d-b514-4b66-add1-84c6376b76ef;fixtures-local;Conjunto de validação sintético (golden set);2026-08-18T21:50:22.677177+00:00;http://127.0.0.1:8080/pages/inacessivel-agendamento.html;1;mobile-320;probe.captions.video-without-track;probe;fail;serious;alto;1.2.2;1.2.2;perceptivel;A;1;surdez;lbi.art63.caput|lbi.art3.iv.d|lbi.art4|dec5296.art47|emag.3.1|lbi.art18|cf.art196|onu.art25|dec5626.art26;1 vídeo(s) sem faixa de legenda declarada.;Vídeo de orientação em saúde sem legenda nega à pessoa surda o acesso à informação sanitária, violando o art. 26 do Decreto 5.626/2005 e o direito à atenção integral do art. 18 da LBI.
924e3f8d-b514-4b66-add1-84c6376b76ef;fixtures-local;Conjunto de validação sintético (golden set);2026-08-18T21:50:22.677177+00:00;http://127.0.0.1:8080/pages/inacessivel-agendamento.html;1;mobile-320;probe.captions.audio-transcript;probe;incomplete;;moderado;1.2.1;1.2.1;perceptivel;A;1;baixa_conectividade|cegueira|surdez;lbi.art63.caput|lbi.art3.iv.d|lbi.art4|dec5296.art47|emag.3.1|lbi.art18|cf.art196|onu.art25|dec5626.art26|cf.art5.xiv|lai.art8.par3.viii;1 elemento(s) de áudio requerem verificação de transcrição.;Conteúdo audiovisual sem alternativa acessível descumpre o dever de oferta de comunicação e informação adequadas do art. 18, § 4º da LBI.
924e3f8d-b514-4b66-add1-84c6376b76ef;fixtures-local;Conjunto de validação sintético (golden set);2026-08-18T21:50:22.677177+00:00;http://127.0.0.1:8080/pages/inacessivel-agendamento.html;1;mobile-320;probe.autoplay;probe;fail;serious;moderado;1.4.2|2.2.2;1.4.2;perceptivel;A;1;cegueira|cognitiva_neurodivergencia;lbi.art63.caput|lbi.art3.iv.d|lbi.art4|dec5296.art47|emag.3.1|lbi.art18|cf.art196|onu.art25|lbi.art74;1 mídia(s) com reprodução automática audível, das quais 1 sem controles.;Áudio automático interfere na tecnologia assistiva, obstruindo o acesso garantido pelo art. 74 da LBI.
924e3f8d-b514-4b66-add1-84c6376b76ef;fixtures-local;Conjunto de validação sintético (golden set);2026-08-18T21:50:22.677177+00:00;http://127.0.0.1:8080/pages/inacessivel-agendamento.html;1;mobile-320;probe.meta-refresh;probe;fail;serious;alto;2.2.1;2.2.1;operavel;A;1;baixa_conectividade|baixa_visao|cognitiva_neurodivergencia|motora;lbi.art63.caput|lbi.art3.iv.d|lbi.art4|dec5296.art47|emag.3.1|lbi.art18|cf.art196|onu.art25|lbi.art9.v;A página se atualiza ou redireciona automaticamente.;Prazos de sessão não ajustáveis penalizam quem opera mais lentamente por deficiência ou por conexão precária, produzindo discriminação indireta (art. 4º, § 1º, LBI).
924e3f8d-b514-4b66-add1-84c6376b76ef;fixtures-local;Conjunto de validação sintético (golden set);2026-08-18T21:50:22.677177+00:00;http://127.0.0.1:8080/pages/inacessivel-agendamento.html;1;desktop-1366;color-contrast;axe-core;fail;serious;alto;1.4.3;1.4.3;perceptivel;AA;5;baixa_visao|cognitiva_neurodivergencia|visao_de_cores;lbi.art63.caput|lbi.art3.iv.d|lbi.art4|dec5296.art47|emag.3.1|lbi.art18|cf.art196|onu.art25|cf.art5.xiv|lai.art8.par3.viii;Elements must meet minimum color contrast ratio thresholds;"O contraste insuficiente é a barreira de comunicação mais prevalente e atinge diretamente a população idosa usuária do SUS; sua persistência em portal público caracteriza descumprimento continuado do art. 63, caput, da LBI e do art. 47 do Decreto 5.296/2004."
924e3f8d-b514-4b66-add1-84c6376b76ef;fixtures-local;Conjunto de validação sintético (golden set);2026-08-18T21:50:22.677177+00:00;http://127.0.0.1:8080/pages/inacessivel-agendamento.html;1;desktop-1366;html-has-lang;axe-core;fail;serious;alto;3.1.1;3.1.1;compreensivel;A;1;cegueira|cognitiva_neurodivergencia;lbi.art63.caput|lbi.art3.iv.d|lbi.art4|dec5296.art47|emag.3.1|lbi.art18|cf.art196|onu.art25|lbi.art74|cf.art5.xiv|lai.art8.par3.viii;<html> element must have a lang attribute;Sem declaração de idioma, o sintetizador de voz pronuncia o português com fonética estrangeira e a informação em saúde se torna ininteligível — a informação é publicada, mas não é comunicada (art. 3º, IV, 'd', LBI).
924e3f8d-b514-4b66-add1-84c6376b76ef;fixtures-local;Conjunto de validação sintético (golden set);2026-08-18T21:50:22.677177+00:00;http://127.0.0.1:8080/pages/inacessivel-agendamento.html;1;desktop-1366;image-alt;axe-core;fail;critical;alto;1.1.1;1.1.1;perceptivel;A;2;baixa_conectividade|baixa_visao|cegueira|cognitiva_neurodivergencia;lbi.art63.caput|lbi.art3.iv.d|lbi.art4|dec5296.art47|emag.3.1|lbi.art18|cf.art196|onu.art25|lbi.art74|cf.art5.xiv|lai.art8.par3.viii;Images must have alternative text;A ausência de alternativa textual configura barreira na comunicação e na informação (art. 3º, IV, 'd', LBI): o conteúdo existe juridicamente como informação pública, mas não é recebível pelo usuário cego, esvaziando o dever de transparência ativa do art. 8º, § 3º, VIII da LAI.
924e3f8d-b514-4b66-add1-84c6376b76ef;fixtures-local;Conjunto de validação sintético (golden set);2026-08-18T21:50:22.677177+00:00;http://127.0.0.1:8080/pages/inacessivel-agendamento.html;1;desktop-1366;meta-refresh;axe-core;fail;critical;alto;2.2.1;2.2.1;operavel;A;1;baixa_conectividade|baixa_visao|cognitiva_neurodivergencia|motora;lbi.art63.caput|lbi.art3.iv.d|lbi.art4|dec5296.art47|emag.3.1|lbi.art18|cf.art196|onu.art25|lbi.art9.v;Delayed refresh under 20 hours must not be used;Prazos de sessão não ajustáveis penalizam quem opera mais lentamente por deficiência ou por conexão precária, produzindo discriminação indireta (art. 4º, § 1º, LBI).
924e3f8d-b514-4b66-add1-84c6376b76ef;fixtures-local;Conjunto de validação sintético (golden set);2026-08-18T21:50:22.677177+00:00;http://127.0.0.1:8080/pages/inacessivel-agendamento.html;1;desktop-1366;meta-viewport;axe-core;fail;moderate;alto;1.4.4;1.4.4;perceptivel;AA;1;baixa_visao|cognitiva_neurodivergencia;lbi.art63.caput|lbi.art3.iv.d|lbi.art4|dec5296.art47|emag.3.1|lbi.art18|cf.art196|onu.art25;Zooming and scaling must not be disabled;O bloqueio de ampliação nega adaptação razoável, conduta equiparada a discriminação pelo art. 4º, § 1º da LBI.
924e3f8d-b514-4b66-add1-84c6376b76ef;fixtures-local;Conjunto de validação sintético (golden set);2026-08-18T21:50:22.677177+00:00;http://127.0.0.1:8080/pages/inacessivel-agendamento.html;1;desktop-1366;select-name;axe-core;fail;critical;critico;4.1.2;4.1.2;robusto;A;1;cegueira|fala|motora;lbi.art63.caput|lbi.art3.iv.d|lbi.art4|dec5296.art47|emag.3.1|lbi.art18|cf.art196|onu.art25|lbi.art74|onu.art9;Select element must have an accessible name;Controle sem nome, função ou valor expostos simplesmente não existe para a tecnologia assistiva: o serviço é, para o usuário cego, inexistente. É a forma mais severa de barreira na informação do art. 3º, IV, 'd'.
924e3f8d-b514-4b66-add1-84c6376b76ef;fixtures-local;Conjunto de validação sintético (golden set);2026-08-18T21:50:22.677177+00:00;http://127.0.0.1:8080/pages/inacessivel-agendamento.html;1;desktop-1366;color-contrast;axe-core;incomplete;;alto;1.4.3;1.4.3;perceptivel;AA;2;baixa_visao|cognitiva_neurodivergencia|visao_de_cores;lbi.art63.caput|lbi.art3.iv.d|lbi.art4|dec5296.art47|emag.3.1|lbi.art18|cf.art196|onu.art25|cf.art5.xiv|lai.art8.par3.viii;Elements must meet minimum color contrast ratio thresholds;"O contraste insuficiente é a barreira de comunicação mais prevalente e atinge diretamente a população idosa usuária do SUS; sua persistência em portal público caracteriza descumprimento continuado do art. 63, caput, da LBI e do art. 47 do Decreto 5.296/2004."
924e3f8d-b514-4b66-add1-84c6376b76ef;fixtures-local;Conjunto de validação sintético (golden set);2026-08-18T21:50:22.677177+00:00;http://127.0.0.1:8080/pages/inacessivel-agendamento.html;1;desktop-1366;duplicate-id-aria;axe-core;incomplete;;critico;4.1.2;4.1.2;robusto;A;1;cegueira|fala|motora;lbi.art63.caput|lbi.art3.iv.d|lbi.art4|dec5296.art47|emag.3.1|lbi.art18|cf.art196|onu.art25|lbi.art74|onu.art9;IDs used in ARIA and labels must be unique;Controle sem nome, função ou valor expostos simplesmente não existe para a tecnologia assistiva: o serviço é, para o usuário cego, inexistente. É a forma mais severa de barreira na informação do art. 3º, IV, 'd'.
924e3f8d-b514-4b66-add1-84c6376b76ef;fixtures-local;Conjunto de validação sintético (golden set);2026-08-18T21:50:22.677177+00:00;http://127.0.0.1:8080/pages/inacessivel-agendamento.html;1;desktop-1366;video-caption;axe-core;incomplete;;alto;1.2.2;1.2.2;perceptivel;A;1;surdez;lbi.art63.caput|lbi.art3.iv.d|lbi.art4|dec5296.art47|emag.3.1|lbi.art18|cf.art196|onu.art25|dec5626.art26;<video> elements must have captions;Vídeo de orientação em saúde sem legenda nega à pessoa surda o acesso à informação sanitária, violando o art. 26 do Decreto 5.626/2005 e o direito à atenção integral do art. 18 da LBI.
924e3f8d-b514-4b66-add1-84c6376b76ef;fixtures-local;Conjunto de validação sintético (golden set);2026-08-18T21:50:22.677177+00:00;http://127.0.0.1:8080/pages/inacessivel-agendamento.html;1;desktop-1366;no-autoplay-audio;axe-core;incomplete;;moderado;1.4.2;1.4.2;perceptivel;A;1;cegueira|cognitiva_neurodivergencia;lbi.art63.caput|lbi.art3.iv.d|lbi.art4|dec5296.art47|emag.3.1|lbi.art18|cf.art196|onu.art25|lbi.art74;<video> or <audio> elements must not play automatically;Áudio automático interfere na tecnologia assistiva, obstruindo o acesso garantido pelo art. 74 da LBI.
924e3f8d-b514-4b66-add1-84c6376b76ef;fixtures-local;Conjunto de validação sintético (golden set);2026-08-18T21:50:22.677177+00:00;http://127.0.0.1:8080/pages/inacessivel-agendamento.html;1;desktop-1366;probe.page-language.missing;probe;fail;serious;alto;3.1.1;3.1.1;compreensivel;A;1;cegueira|cognitiva_neurodivergencia;lbi.art63.caput|lbi.art3.iv.d|lbi.art4|dec5296.art47|emag.3.1|lbi.art18|cf.art196|onu.art25|lbi.art74|cf.art5.xiv|lai.art8.par3.viii;O documento não declara o idioma (atributo lang ausente).;Sem declaração de idioma, o sintetizador de voz pronuncia o português com fonética estrangeira e a informação em saúde se torna ininteligível — a informação é publicada, mas não é comunicada (art. 3º, IV, 'd', LBI).
924e3f8d-b514-4b66-add1-84c6376b76ef;fixtures-local;Conjunto de validação sintético (golden set);2026-08-18T21:50:22.677177+00:00;http://127.0.0.1:8080/pages/inacessivel-agendamento.html;1;desktop-1366;probe.landmarks.no-main;probe;fail;serious;alto;1.3.1;1.3.1;perceptivel;A;1;baixa_visao|cegueira|cognitiva_neurodivergencia;lbi.art63.caput|lbi.art3.iv.d|lbi.art4|dec5296.art47|emag.3.1|lbi.art18|cf.art196|onu.art25|lbi.art74;A página não declara marco de conteúdo principal (<main>).;"Sem estrutura semântica, a tecnologia assistiva não consegue reconstruir a relação entre rótulo e dado; o art. 74 da LBI assegura o acesso a tecnologias assistivas, o que pressupõe conteúdo com elas compatível."
924e3f8d-b514-4b66-add1-84c6376b76ef;fixtures-local;Conjunto de validação sintético (golden set);2026-08-18T21:50:22.677177+00:00;http://127.0.0.1:8080/pages/inacessivel-agendamento.html;1;desktop-1366;probe.landmarks.no-skip-link;probe;fail;moderate;moderado;2.4.1;2.4.1;operavel;A;1;cegueira|cognitiva_neurodivergencia|motora;lbi.art63.caput|lbi.art3.iv.d|lbi.art4|dec5296.art47|emag.3.1|lbi.art18|cf.art196|onu.art25|lbi.art3.i;Nenhum link de salto para o conteúdo principal foi encontrado.;A ausência de mecanismo de salto obriga a percorrer repetidamente blocos idênticos, esforço desproporcional vedado pelo conceito de acessibilidade com autonomia do art. 3º, I da LBI.
924e3f8d-b514-4b66-add1-84c6376b76ef;fixtures-local;Conjunto de validação sintético (golden set);2026-08-18T21:50:22.677177+00:00;http://127.0.0.1:8080/pages/inacessivel-agendamento.html;1;desktop-1366;probe.heading-structure.none;probe;fail;serious;alto;1.3.1|2.4.6;1.3.1;perceptivel;A;1;baixa_visao|cegueira|cognitiva_neurodivergencia;lbi.art63.caput|lbi.art3.iv.d|lbi.art4|dec5296.art47|emag.3.1|lbi.art18|cf.art196|onu.art25|lbi.art74|cf.art5.xiv|lai.art8.par3.viii;A página não possui nenhum cabeçalho.;"Sem estrutura semântica, a tecnologia assistiva não consegue reconstruir a relação entre rótulo e dado; o art. 74 da LBI assegura o acesso a tecnologias assistivas, o que pressupõe conteúdo com elas compatível."
924e3f8d-b514-4b66-add1-84c6376b76ef;fixtures-local;Conjunto de validação sintético (golden set);2026-08-18T21:50:22.677177+00:00;http://127.0.0.1:8080/pages/inacessivel-agendamento.html;1;desktop-1366;probe.id-duplicado;probe;fail;serious;alto;4.1.1;4.1.1;robusto;A;1;cegueira|cognitiva_neurodivergencia|motora;lbi.art63.caput|lbi.art3.iv.d|lbi.art4|dec5296.art47|emag.3.1|lbi.art18|cf.art196|onu.art25|lbi.art74;1 identificador(es) duplicado(s) quebram associações de rótulo ou de descrição.;Marcação malformada produz comportamento imprevisível em tecnologia assistiva, comprometendo a interoperabilidade pressuposta pelo art. 74.
924e3f8d-b514-4b66-add1-84c6376b76ef;fixtures-local;Conjunto de validação sintético (golden set);2026-08-18T21:50:22.677177+00:00;http://127.0.0.1:8080/pages/inacessivel-agendamento.html;1;desktop-1366;probe.id-duplicado.inerte;probe;incomplete;;baixo;4.1.1;4.1.1;robusto;A;1;cegueira|cognitiva_neurodivergencia|motora;lbi.art63.caput|lbi.art3.iv.d|lbi.art4|dec5296.art47|emag.3.1|lbi.art18|cf.art196|onu.art25|lbi.art74;1 identificador(es) duplicado(s) sem referência associada.;Marcação malformada produz comportamento imprevisível em tecnologia assistiva, comprometendo a interoperabilidade pressuposta pelo art. 74.
924e3f8d-b514-4b66-add1-84c6376b76ef;fixtures-local;Conjunto de validação sintético (golden set);2026-08-18T21:50:22.677177+00:00;http://127.0.0.1:8080/pages/inacessivel-agendamento.html;1;desktop-1366;probe.non-interactive-control;probe;fail;critical;critico;2.1.1|4.1.2;2.1.1;operavel;A;2;cegueira|motora;lbi.art63.caput|lbi.art3.iv.d|lbi.art4|dec5296.art47|emag.3.1|lbi.art18|cf.art196|onu.art25|lbi.art74|onu.art9|lbi.art3.i;2 elemento(s) respondem ao clique do mouse mas não são alcançáveis por teclado.;A construção de controles inacessíveis por teclado impede integralmente o uso do serviço por pessoas com deficiência motora e por usuários de leitor de tela, sem qualquer rota alternativa. Configura barreira absoluta na comunicação e na informação (art. 3º, IV, 'd', LBI), violação direta do dever de acessibilidade dos sítios de órgãos de governo (art. 63, caput, LBI) e descumprimento do art. 9 da Convenção sobre os Direitos das Pessoas com Deficiência, que tem hierarquia de emenda constitucional.
924e3f8d-b514-4b66-add1-84c6376b76ef;fixtures-local;Conjunto de validação sintético (golden set);2026-08-18T21:50:22.677177+00:00;http://127.0.0.1:8080/pages/inacessivel-agendamento.html;1;desktop-1366;probe.positive-tabindex;probe;fail;moderate;alto;2.4.3;2.4.3;operavel;A;3;cegueira|cognitiva_neurodivergencia|motora;lbi.art63.caput|lbi.art3.iv.d|lbi.art4|dec5296.art47|emag.3.1|lbi.art18|cf.art196|onu.art25;3 elemento(s) usam tabindex positivo, alterando a ordem natural de tabulação.;Ordem de foco incoerente induz erro na submissão de dados de saúde, com risco de agendamento equivocado — dano ao acesso ao serviço.
924e3f8d-b514-4b66-add1-84c6376b76ef;fixtures-local;Conjunto de validação sintético (golden set);2026-08-18T21:50:22.677177+00:00;http://127.0.0.1:8080/pages/inacessivel-agendamento.html;1;desktop-1366;probe.focus-visible;probe;fail;serious;alto;2.4.7;2.4.7;operavel;AA;4;baixa_visao|cognitiva_neurodivergencia|motora;lbi.art63.caput|lbi.art3.iv.d|lbi.art4|dec5296.art47|emag.3.1|lbi.art18|cf.art196|onu.art25|lbi.art3.i;4 controle(s) não exibem indicador de foco: o contorno está suprimido e nenhuma outra mudança visual ocorre.;A supressão do indicador de foco cega o usuário de teclado quanto à sua posição, impedindo o uso com segurança (art. 3º, I, LBI).
924e3f8d-b514-4b66-add1-84c6376b76ef;fixtures-local;Conjunto de validação sintético (golden set);2026-08-18T21:50:22.677177+00:00;http://127.0.0.1:8080/pages/inacessivel-agendamento.html;1;desktop-1366;probe.placeholder-como-rotulo;probe;fail;serious;alto;3.3.2;3.3.2;compreensivel;A;3;baixa_visao|cegueira|cognitiva_neurodivergencia;lbi.art63.caput|lbi.art3.iv.d|lbi.art4|dec5296.art47|emag.3.1|lbi.art18|cf.art196|onu.art25|lbi.art74|lbi.art3.i;3 campo(s) de formulário são identificados apenas pelo texto de placeholder.;Campo sem rótulo programático torna indeterminável o dado solicitado, inviabilizando o preenchimento autônomo (art. 3º, I, LBI).
924e3f8d-b514-4b66-add1-84c6376b76ef;fixtures-local;Conjunto de validação sintético (golden set);2026-08-18T21:50:22.677177+00:00;http://127.0.0.1:8080/pages/inacessivel-agendamento.html;1;desktop-1366;probe.zoom-lock;probe;fail;serious;alto;1.4.4;1.4.4;perceptivel;AA;1;baixa_visao|cognitiva_neurodivergencia;lbi.art63.caput|lbi.art3.iv.d|lbi.art4|dec5296.art47|emag.3.1|lbi.art18|cf.art196|onu.art25;A página bloqueia a ampliação pelo usuário.;O bloqueio de ampliação nega adaptação razoável, conduta equiparada a discriminação pelo art. 4º, § 1º da LBI.
924e3f8d-b514-4b66-add1-84c6376b76ef;fixtures-local;Conjunto de validação sintético (golden set);2026-08-18T21:50:22.677177+00:00;http://127.0.0.1:8080/pages/inacessivel-agendamento.html;1;desktop-1366;probe.captions.video-without-track;probe;fail;serious;alto;1.2.2;1.2.2;perceptivel;A;1;surdez;lbi.art63.caput|lbi.art3.iv.d|lbi.art4|dec5296.art47|emag.3.1|lbi.art18|cf.art196|onu.art25|dec5626.art26;1 vídeo(s) sem faixa de legenda declarada.;Vídeo de orientação em saúde sem legenda nega à pessoa surda o acesso à informação sanitária, violando o art. 26 do Decreto 5.626/2005 e o direito à atenção integral do art. 18 da LBI.
924e3f8d-b514-4b66-add1-84c6376b76ef;fixtures-local;Conjunto de validação sintético (golden set);2026-08-18T21:50:22.677177+00:00;http://127.0.0.1:8080/pages/inacessivel-agendamento.html;1;desktop-1366;probe.captions.audio-transcript;probe;incomplete;;moderado;1.2.1;1.2.1;perceptivel;A;1;baixa_conectividade|cegueira|surdez;lbi.art63.caput|lbi.art3.iv.d|lbi.art4|dec5296.art47|emag.3.1|lbi.art18|cf.art196|onu.art25|dec5626.art26|cf.art5.xiv|lai.art8.par3.viii;1 elemento(s) de áudio requerem verificação de transcrição.;Conteúdo audiovisual sem alternativa acessível descumpre o dever de oferta de comunicação e informação adequadas do art. 18, § 4º da LBI.
924e3f8d-b514-4b66-add1-84c6376b76ef;fixtures-local;Conjunto de validação sintético (golden set);2026-08-18T21:50:22.677177+00:00;http://127.0.0.1:8080/pages/inacessivel-agendamento.html;1;desktop-1366;probe.autoplay;probe;fail;serious;moderado;1.4.2|2.2.2;1.4.2;perceptivel;A;1;cegueira|cognitiva_neurodivergencia;lbi.art63.caput|lbi.art3.iv.d|lbi.art4|dec5296.art47|emag.3.1|lbi.art18|cf.art196|onu.art25|lbi.art74;1 mídia(s) com reprodução automática audível, das quais 1 sem controles.;Áudio automático interfere na tecnologia assistiva, obstruindo o acesso garantido pelo art. 74 da LBI.
924e3f8d-b514-4b66-add1-84c6376b76ef;fixtures-local;Conjunto de validação sintético (golden set);2026-08-18T21:50:22.677177+00:00;http://127.0.0.1:8080/pages/inacessivel-agendamento.html;1;desktop-1366;probe.meta-refresh;probe;fail;serious;alto;2.2.1;2.2.1;operavel;A;1;baixa_conectividade|baixa_visao|cognitiva_neurodivergencia|motora;lbi.art63.caput|lbi.art3.iv.d|lbi.art4|dec5296.art47|emag.3.1|lbi.art18|cf.art196|onu.art25|lbi.art9.v;A página se atualiza ou redireciona automaticamente.;Prazos de sessão não ajustáveis penalizam quem opera mais lentamente por deficiência ou por conexão precária, produzindo discriminação indireta (art. 4º, § 1º, LBI).
924e3f8d-b514-4b66-add1-84c6376b76ef;fixtures-local;Conjunto de validação sintético (golden set);2026-08-18T21:50:22.677177+00:00;http://127.0.0.1:8080/pages/acessivel-agendamento.html;1;mobile-320;color-contrast;axe-core;incomplete;;alto;1.4.3;1.4.3;perceptivel;AA;5;baixa_visao|cognitiva_neurodivergencia|visao_de_cores;lbi.art63.caput|lbi.art3.iv.d|lbi.art4|dec5296.art47|emag.3.1|lbi.art18|cf.art196|onu.art25|cf.art5.xiv|lai.art8.par3.viii;Elements must meet minimum color contrast ratio thresholds;"O contraste insuficiente é a barreira de comunicação mais prevalente e atinge diretamente a população idosa usuária do SUS; sua persistência em portal público caracteriza descumprimento continuado do art. 63, caput, da LBI e do art. 47 do Decreto 5.296/2004."
924e3f8d-b514-4b66-add1-84c6376b76ef;fixtures-local;Conjunto de validação sintético (golden set);2026-08-18T21:50:22.677177+00:00;http://127.0.0.1:8080/pages/acessivel-agendamento.html;1;desktop-1366;probe.readability;heuristic;incomplete;;moderado;;;;;1;cognitiva_neurodivergencia|baixa_conectividade;lbi.art18|lai.art8.par3.viii|lei13460.art5;Legibilidade do conteúdo principal em 27.22 pontos — faixa difícil (exige ensino médio completo).;A publicação de informação de saúde em registro linguístico inacessível à população destinatária esvazia materialmente o dever de oferta de comunicação e informação adequadas (art. 18, § 4º, IV, LBI) e o dever de transparência ativa (art. 8º, § 3º, LAI). A informação torna-se disponível sem se tornar acessível.
924e3f8d-b514-4b66-add1-84c6376b76ef;fixtures-local;Conjunto de validação sintético (golden set);2026-08-18T21:50:22.677177+00:00;http://127.0.0.1:8080/pages/contraste-e-cor.html;0;mobile-320;color-contrast;axe-core;fail;serious;alto;1.4.3;1.4.3;perceptivel;AA;3;baixa_visao|cognitiva_neurodivergencia|visao_de_cores;lbi.art63.caput|lbi.art3.iv.d|lbi.art4|dec5296.art47|emag.3.1|lbi.art18|cf.art196|onu.art25|cf.art5.xiv|lai.art8.par3.viii;Elements must meet minimum color contrast ratio thresholds;"O contraste insuficiente é a barreira de comunicação mais prevalente e atinge diretamente a população idosa usuária do SUS; sua persistência em portal público caracteriza descumprimento continuado do art. 63, caput, da LBI e do art. 47 do Decreto 5.296/2004."
924e3f8d-b514-4b66-add1-84c6376b76ef;fixtures-local;Conjunto de validação sintético (golden set);2026-08-18T21:50:22.677177+00:00;http://127.0.0.1:8080/pages/contraste-e-cor.html;0;mobile-320;color-contrast;axe-core;incomplete;;alto;1.4.3;1.4.3;perceptivel;AA;1;baixa_visao|cognitiva_neurodivergencia|visao_de_cores;lbi.art63.caput|lbi.art3.iv.d|lbi.art4|dec5296.art47|emag.3.1|lbi.art18|cf.art196|onu.art25|cf.art5.xiv|lai.art8.par3.viii;Elements must meet minimum color contrast ratio thresholds;"O contraste insuficiente é a barreira de comunicação mais prevalente e atinge diretamente a população idosa usuária do SUS; sua persistência em portal público caracteriza descumprimento continuado do art. 63, caput, da LBI e do art. 47 do Decreto 5.296/2004."
924e3f8d-b514-4b66-add1-84c6376b76ef;fixtures-local;Conjunto de validação sintético (golden set);2026-08-18T21:50:22.677177+00:00;http://127.0.0.1:8080/pages/contraste-e-cor.html;0;mobile-320;probe.landmarks.no-skip-link;probe;incomplete;;moderado;2.4.1;2.4.1;operavel;A;1;cegueira|cognitiva_neurodivergencia|motora;lbi.art63.caput|lbi.art3.iv.d|lbi.art4|dec5296.art47|emag.3.1|lbi.art18|cf.art196|onu.art25|lbi.art3.i;Nenhum link de salto para o conteúdo principal foi encontrado.;A ausência de mecanismo de salto obriga a percorrer repetidamente blocos idênticos, esforço desproporcional vedado pelo conceito de acessibilidade com autonomia do art. 3º, I da LBI.
924e3f8d-b514-4b66-add1-84c6376b76ef;fixtures-local;Conjunto de validação sintético (golden set);2026-08-18T21:50:22.677177+00:00;http://127.0.0.1:8080/pages/contraste-e-cor.html;0;mobile-320;probe.reflow-320;probe;fail;serious;alto;1.4.10;1.4.10;perceptivel;AA;12;baixa_visao|cognitiva_neurodivergencia|motora;lbi.art63.caput|lbi.art3.iv.d|lbi.art4|dec5296.art47|emag.3.1|lbi.art18|cf.art196|onu.art25|lei13460.art5;A página exige rolagem horizontal em tela de 320 px (54 px de transbordo).;"O acesso majoritário aos serviços públicos de saúde no Brasil se dá por telefone celular; a exigência de rolagem bidirecional em telas estreitas inviabiliza o uso e frustra o acesso universal do art. 196 da CF/88."
924e3f8d-b514-4b66-add1-84c6376b76ef;fixtures-local;Conjunto de validação sintético (golden set);2026-08-18T21:50:22.677177+00:00;http://127.0.0.1:8080/pages/contraste-e-cor.html;0;desktop-1366;color-contrast;axe-core;fail;serious;alto;1.4.3;1.4.3;perceptivel;AA;3;baixa_visao|cognitiva_neurodivergencia|visao_de_cores;lbi.art63.caput|lbi.art3.iv.d|lbi.art4|dec5296.art47|emag.3.1|lbi.art18|cf.art196|onu.art25|cf.art5.xiv|lai.art8.par3.viii;Elements must meet minimum color contrast ratio thresholds;"O contraste insuficiente é a barreira de comunicação mais prevalente e atinge diretamente a população idosa usuária do SUS; sua persistência em portal público caracteriza descumprimento continuado do art. 63, caput, da LBI e do art. 47 do Decreto 5.296/2004."
924e3f8d-b514-4b66-add1-84c6376b76ef;fixtures-local;Conjunto de validação sintético (golden set);2026-08-18T21:50:22.677177+00:00;http://127.0.0.1:8080/pages/contraste-e-cor.html;0;desktop-1366;probe.landmarks.no-skip-link;probe;incomplete;;moderado;2.4.1;2.4.1;operavel;A;1;cegueira|cognitiva_neurodivergencia|motora;lbi.art63.caput|lbi.art3.iv.d|lbi.art4|dec5296.art47|emag.3.1|lbi.art18|cf.art196|onu.art25|lbi.art3.i;Nenhum link de salto para o conteúdo principal foi encontrado.;A ausência de mecanismo de salto obriga a percorrer repetidamente blocos idênticos, esforço desproporcional vedado pelo conceito de acessibilidade com autonomia do art. 3º, I da LBI.
924e3f8d-b514-4b66-add1-84c6376b76ef;fixtures-local;Conjunto de validação sintético (golden set);2026-08-18T21:50:22.677177+00:00;http://127.0.0.1:8080/pages/formulario-sem-rotulos.html;1;mobile-320;select-name;axe-core;fail;critical;critico;4.1.2;4.1.2;robusto;A;1;cegueira|fala|motora;lbi.art63.caput|lbi.art3.iv.d|lbi.art4|dec5296.art47|emag.3.1|lbi.art18|cf.art196|onu.art25|lbi.art74|onu.art9;Select element must have an accessible name;Controle sem nome, função ou valor expostos simplesmente não existe para a tecnologia assistiva: o serviço é, para o usuário cego, inexistente. É a forma mais severa de barreira na informação do art. 3º, IV, 'd'.
924e3f8d-b514-4b66-add1-84c6376b76ef;fixtures-local;Conjunto de validação sintético (golden set);2026-08-18T21:50:22.677177+00:00;http://127.0.0.1:8080/pages/formulario-sem-rotulos.html;1;mobile-320;probe.landmarks.no-skip-link;probe;incomplete;;moderado;2.4.1;2.4.1;operavel;A;1;cegueira|cognitiva_neurodivergencia|motora;lbi.art63.caput|lbi.art3.iv.d|lbi.art4|dec5296.art47|emag.3.1|lbi.art18|cf.art196|onu.art25|lbi.art3.i;Nenhum link de salto para o conteúdo principal foi encontrado.;A ausência de mecanismo de salto obriga a percorrer repetidamente blocos idênticos, esforço desproporcional vedado pelo conceito de acessibilidade com autonomia do art. 3º, I da LBI.
924e3f8d-b514-4b66-add1-84c6376b76ef;fixtures-local;Conjunto de validação sintético (golden set);2026-08-18T21:50:22.677177+00:00;http://127.0.0.1:8080/pages/formulario-sem-rotulos.html;1;mobile-320;probe.placeholder-como-rotulo;probe;fail;serious;alto;3.3.2;3.3.2;compreensivel;A;3;baixa_visao|cegueira|cognitiva_neurodivergencia;lbi.art63.caput|lbi.art3.iv.d|lbi.art4|dec5296.art47|emag.3.1|lbi.art18|cf.art196|onu.art25|lbi.art74|lbi.art3.i;3 campo(s) de formulário são identificados apenas pelo texto de placeholder.;Campo sem rótulo programático torna indeterminável o dado solicitado, inviabilizando o preenchimento autônomo (art. 3º, I, LBI).
924e3f8d-b514-4b66-add1-84c6376b76ef;fixtures-local;Conjunto de validação sintético (golden set);2026-08-18T21:50:22.677177+00:00;http://127.0.0.1:8080/pages/formulario-sem-rotulos.html;1;mobile-320;probe.reflow-320;probe;fail;serious;alto;1.4.10;1.4.10;perceptivel;AA;3;baixa_visao|cognitiva_neurodivergencia|motora;lbi.art63.caput|lbi.art3.iv.d|lbi.art4|dec5296.art47|emag.3.1|lbi.art18|cf.art196|onu.art25|lei13460.art5;A página exige rolagem horizontal em tela de 320 px (9 px de transbordo).;"O acesso majoritário aos serviços públicos de saúde no Brasil se dá por telefone celular; a exigência de rolagem bidirecional em telas estreitas inviabiliza o uso e frustra o acesso universal do art. 196 da CF/88."
924e3f8d-b514-4b66-add1-84c6376b76ef;fixtures-local;Conjunto de validação sintético (golden set);2026-08-18T21:50:22.677177+00:00;http://127.0.0.1:8080/pages/formulario-sem-rotulos.html;1;desktop-1366;select-name;axe-core;fail;critical;critico;4.1.2;4.1.2;robusto;A;1;cegueira|fala|motora;lbi.art63.caput|lbi.art3.iv.d|lbi.art4|dec5296.art47|emag.3.1|lbi.art18|cf.art196|onu.art25|lbi.art74|onu.art9;Select element must have an accessible name;Controle sem nome, função ou valor expostos simplesmente não existe para a tecnologia assistiva: o serviço é, para o usuário cego, inexistente. É a forma mais severa de barreira na informação do art. 3º, IV, 'd'.
924e3f8d-b514-4b66-add1-84c6376b76ef;fixtures-local;Conjunto de validação sintético (golden set);2026-08-18T21:50:22.677177+00:00;http://127.0.0.1:8080/pages/formulario-sem-rotulos.html;1;desktop-1366;probe.landmarks.no-skip-link;probe;incomplete;;moderado;2.4.1;2.4.1;operavel;A;1;cegueira|cognitiva_neurodivergencia|motora;lbi.art63.caput|lbi.art3.iv.d|lbi.art4|dec5296.art47|emag.3.1|lbi.art18|cf.art196|onu.art25|lbi.art3.i;Nenhum link de salto para o conteúdo principal foi encontrado.;A ausência de mecanismo de salto obriga a percorrer repetidamente blocos idênticos, esforço desproporcional vedado pelo conceito de acessibilidade com autonomia do art. 3º, I da LBI.
924e3f8d-b514-4b66-add1-84c6376b76ef;fixtures-local;Conjunto de validação sintético (golden set);2026-08-18T21:50:22.677177+00:00;http://127.0.0.1:8080/pages/formulario-sem-rotulos.html;1;desktop-1366;probe.placeholder-como-rotulo;probe;fail;serious;alto;3.3.2;3.3.2;compreensivel;A;3;baixa_visao|cegueira|cognitiva_neurodivergencia;lbi.art63.caput|lbi.art3.iv.d|lbi.art4|dec5296.art47|emag.3.1|lbi.art18|cf.art196|onu.art25|lbi.art74|lbi.art3.i;3 campo(s) de formulário são identificados apenas pelo texto de placeholder.;Campo sem rótulo programático torna indeterminável o dado solicitado, inviabilizando o preenchimento autônomo (art. 3º, I, LBI).
924e3f8d-b514-4b66-add1-84c6376b76ef;fixtures-local;Conjunto de validação sintético (golden set);2026-08-18T21:50:22.677177+00:00;http://127.0.0.1:8080/pages/pagina-pesada.html;0;mobile-320;color-contrast;axe-core;incomplete;;alto;1.4.3;1.4.3;perceptivel;AA;3;baixa_visao|cognitiva_neurodivergencia|visao_de_cores;lbi.art63.caput|lbi.art3.iv.d|lbi.art4|dec5296.art47|emag.3.1|lbi.art18|cf.art196|onu.art25|cf.art5.xiv|lai.art8.par3.viii;Elements must meet minimum color contrast ratio thresholds;"O contraste insuficiente é a barreira de comunicação mais prevalente e atinge diretamente a população idosa usuária do SUS; sua persistência em portal público caracteriza descumprimento continuado do art. 63, caput, da LBI e do art. 47 do Decreto 5.296/2004."
924e3f8d-b514-4b66-add1-84c6376b76ef;fixtures-local;Conjunto de validação sintético (golden set);2026-08-18T21:50:22.677177+00:00;http://127.0.0.1:8080/pages/pagina-pesada.html;0;mobile-320;probe.landmarks.no-skip-link;probe;incomplete;;moderado;2.4.1;2.4.1;operavel;A;1;cegueira|cognitiva_neurodivergencia|motora;lbi.art63.caput|lbi.art3.iv.d|lbi.art4|dec5296.art47|emag.3.1|lbi.art18|cf.art196|onu.art25|lbi.art3.i;Nenhum link de salto para o conteúdo principal foi encontrado.;A ausência de mecanismo de salto obriga a percorrer repetidamente blocos idênticos, esforço desproporcional vedado pelo conceito de acessibilidade com autonomia do art. 3º, I da LBI.
924e3f8d-b514-4b66-add1-84c6376b76ef;fixtures-local;Conjunto de validação sintético (golden set);2026-08-18T21:50:22.677177+00:00;http://127.0.0.1:8080/pages/pagina-pesada.html;0;mobile-320;probe.reflow-320;probe;fail;serious;alto;1.4.10;1.4.10;perceptivel;AA;12;baixa_visao|cognitiva_neurodivergencia|motora;lbi.art63.caput|lbi.art3.iv.d|lbi.art4|dec5296.art47|emag.3.1|lbi.art18|cf.art196|onu.art25|lei13460.art5;A página exige rolagem horizontal em tela de 320 px (62 px de transbordo).;"O acesso majoritário aos serviços públicos de saúde no Brasil se dá por telefone celular; a exigência de rolagem bidirecional em telas estreitas inviabiliza o uso e frustra o acesso universal do art. 196 da CF/88."
924e3f8d-b514-4b66-add1-84c6376b76ef;fixtures-local;Conjunto de validação sintético (golden set);2026-08-18T21:50:22.677177+00:00;http://127.0.0.1:8080/pages/pagina-pesada.html;0;mobile-320;probe.data-cost;probe;fail;moderate;moderado;;;;;1;baixa_conectividade;cf.art196|lbi.art18|lei13460.art5|cf.art5.xiv;Um único acesso a esta página consome 3.40 MB, ou 0.033% da franquia mensal do plano de referência (1.0 centavo).;O custo de dados exigido para acessar o serviço digital de saúde transfere ao cidadão um ônus econômico como condição de exercício de direito fundamental. Quando esse ônus recai desproporcionalmente sobre a população de menor renda — a mesma que depende exclusivamente do SUS — o acesso deixa de ser universal e igualitário, em desacordo com o art. 196 da CF/88 e com o dever de informação adequada do art. 18, § 4º da Lei 13.146/2015. A parcela do tráfego destinada a terceiros agrava a situação: o usuário custeia recursos que não lhe prestam o serviço público solicitado.
924e3f8d-b514-4b66-add1-84c6376b76ef;fixtures-local;Conjunto de validação sintético (golden set);2026-08-18T21:50:22.677177+00:00;http://127.0.0.1:8080/pages/pagina-pesada.html;0;desktop-1366;probe.landmarks.no-skip-link;probe;incomplete;;moderado;2.4.1;2.4.1;operavel;A;1;cegueira|cognitiva_neurodivergencia|motora;lbi.art63.caput|lbi.art3.iv.d|lbi.art4|dec5296.art47|emag.3.1|lbi.art18|cf.art196|onu.art25|lbi.art3.i;Nenhum link de salto para o conteúdo principal foi encontrado.;A ausência de mecanismo de salto obriga a percorrer repetidamente blocos idênticos, esforço desproporcional vedado pelo conceito de acessibilidade com autonomia do art. 3º, I da LBI.
924e3f8d-b514-4b66-add1-84c6376b76ef;fixtures-local;Conjunto de validação sintético (golden set);2026-08-18T21:50:22.677177+00:00;http://127.0.0.1:8080/pages/pagina-pesada.html;0;desktop-1366;probe.data-cost;probe;fail;moderate;moderado;;;;;1;baixa_conectividade;cf.art196|lbi.art18|lei13460.art5|cf.art5.xiv;Um único acesso a esta página consome 3.40 MB, ou 0.033% da franquia mensal do plano de referência (1.0 centavo).;O custo de dados exigido para acessar o serviço digital de saúde transfere ao cidadão um ônus econômico como condição de exercício de direito fundamental. Quando esse ônus recai desproporcionalmente sobre a população de menor renda — a mesma que depende exclusivamente do SUS — o acesso deixa de ser universal e igualitário, em desacordo com o art. 196 da CF/88 e com o dever de informação adequada do art. 18, § 4º da Lei 13.146/2015. A parcela do tráfego destinada a terceiros agrava a situação: o usuário custeia recursos que não lhe prestam o serviço público solicitado.
43db0d4a-b53b-4de7-bd7e-07ba364ef3a1;fixtures-local;Conjunto de validação sintético (golden set);2026-08-18T15:05:56.895617+00:00;http://127.0.0.1:8080/pages/inacessivel-agendamento.html;1;mobile-320;color-contrast;axe-core;fail;serious;alto;1.4.3;1.4.3;perceptivel;AA;5;baixa_visao|cognitiva_neurodivergencia|visao_de_cores;lbi.art63.caput|lbi.art3.iv.d|lbi.art4|dec5296.art47|emag.3.1|lbi.art18|cf.art196|onu.art25|cf.art5.xiv|lai.art8.par3.viii;Elements must meet minimum color contrast ratio thresholds;"O contraste insuficiente é a barreira de comunicação mais prevalente e atinge diretamente a população idosa usuária do SUS; sua persistência em portal público caracteriza descumprimento continuado do art. 63, caput, da LBI e do art. 47 do Decreto 5.296/2004."
43db0d4a-b53b-4de7-bd7e-07ba364ef3a1;fixtures-local;Conjunto de validação sintético (golden set);2026-08-18T15:05:56.895617+00:00;http://127.0.0.1:8080/pages/inacessivel-agendamento.html;1;mobile-320;html-has-lang;axe-core;fail;serious;alto;3.1.1;3.1.1;compreensivel;A;1;cegueira|cognitiva_neurodivergencia;lbi.art63.caput|lbi.art3.iv.d|lbi.art4|dec5296.art47|emag.3.1|lbi.art18|cf.art196|onu.art25|lbi.art74|cf.art5.xiv|lai.art8.par3.viii;<html> element must have a lang attribute;Sem declaração de idioma, o sintetizador de voz pronuncia o português com fonética estrangeira e a informação em saúde se torna ininteligível — a informação é publicada, mas não é comunicada (art. 3º, IV, 'd', LBI).
43db0d4a-b53b-4de7-bd7e-07ba364ef3a1;fixtures-local;Conjunto de validação sintético (golden set);2026-08-18T15:05:56.895617+00:00;http://127.0.0.1:8080/pages/inacessivel-agendamento.html;1;mobile-320;image-alt;axe-core;fail;critical;alto;1.1.1;1.1.1;perceptivel;A;2;baixa_conectividade|baixa_visao|cegueira|cognitiva_neurodivergencia;lbi.art63.caput|lbi.art3.iv.d|lbi.art4|dec5296.art47|emag.3.1|lbi.art18|cf.art196|onu.art25|lbi.art74|cf.art5.xiv|lai.art8.par3.viii;Images must have alternative text;A ausência de alternativa textual configura barreira na comunicação e na informação (art. 3º, IV, 'd', LBI): o conteúdo existe juridicamente como informação pública, mas não é recebível pelo usuário cego, esvaziando o dever de transparência ativa do art. 8º, § 3º, VIII da LAI.
43db0d4a-b53b-4de7-bd7e-07ba364ef3a1;fixtures-local;Conjunto de validação sintético (golden set);2026-08-18T15:05:56.895617+00:00;http://127.0.0.1:8080/pages/inacessivel-agendamento.html;1;mobile-320;meta-refresh;axe-core;fail;critical;alto;2.2.1;2.2.1;operavel;A;1;baixa_conectividade|baixa_visao|cognitiva_neurodivergencia|motora;lbi.art63.caput|lbi.art3.iv.d|lbi.art4|dec5296.art47|emag.3.1|lbi.art18|cf.art196|onu.art25|lbi.art9.v;Delayed refresh under 20 hours must not be used;Prazos de sessão não ajustáveis penalizam quem opera mais lentamente por deficiência ou por conexão precária, produzindo discriminação indireta (art. 4º, § 1º, LBI).
43db0d4a-b53b-4de7-bd7e-07ba364ef3a1;fixtures-local;Conjunto de validação sintético (golden set);2026-08-18T15:05:56.895617+00:00;http://127.0.0.1:8080/pages/inacessivel-agendamento.html;1;mobile-320;meta-viewport;axe-core;fail;moderate;alto;1.4.4;1.4.4;perceptivel;AA;1;baixa_visao|cognitiva_neurodivergencia;lbi.art63.caput|lbi.art3.iv.d|lbi.art4|dec5296.art47|emag.3.1|lbi.art18|cf.art196|onu.art25;Zooming and scaling must not be disabled;O bloqueio de ampliação nega adaptação razoável, conduta equiparada a discriminação pelo art. 4º, § 1º da LBI.
43db0d4a-b53b-4de7-bd7e-07ba364ef3a1;fixtures-local;Conjunto de validação sintético (golden set);2026-08-18T15:05:56.895617+00:00;http://127.0.0.1:8080/pages/inacessivel-agendamento.html;1;mobile-320;select-name;axe-core;fail;critical;critico;4.1.2;4.1.2;robusto;A;1;cegueira|fala|motora;lbi.art63.caput|lbi.art3.iv.d|lbi.art4|dec5296.art47|emag.3.1|lbi.art18|cf.art196|onu.art25|lbi.art74|onu.art9;Select element must have an accessible name;Controle sem nome, função ou valor expostos simplesmente não existe para a tecnologia assistiva: o serviço é, para o usuário cego, inexistente. É a forma mais severa de barreira na informação do art. 3º, IV, 'd'.
43db0d4a-b53b-4de7-bd7e-07ba364ef3a1;fixtures-local;Conjunto de validação sintético (golden set);2026-08-18T15:05:56.895617+00:00;http://127.0.0.1:8080/pages/inacessivel-agendamento.html;1;mobile-320;color-contrast;axe-core;incomplete;;alto;1.4.3;1.4.3;perceptivel;AA;4;baixa_visao|cognitiva_neurodivergencia|visao_de_cores;lbi.art63.caput|lbi.art3.iv.d|lbi.art4|dec5296.art47|emag.3.1|lbi.art18|cf.art196|onu.art25|cf.art5.xiv|lai.art8.par3.viii;Elements must meet minimum color contrast ratio thresholds;"O contraste insuficiente é a barreira de comunicação mais prevalente e atinge diretamente a população idosa usuária do SUS; sua persistência em portal público caracteriza descumprimento continuado do art. 63, caput, da LBI e do art. 47 do Decreto 5.296/2004."
43db0d4a-b53b-4de7-bd7e-07ba364ef3a1;fixtures-local;Conjunto de validação sintético (golden set);2026-08-18T15:05:56.895617+00:00;http://127.0.0.1:8080/pages/inacessivel-agendamento.html;1;mobile-320;duplicate-id-aria;axe-core;incomplete;;critico;4.1.2;4.1.2;robusto;A;1;cegueira|fala|motora;lbi.art63.caput|lbi.art3.iv.d|lbi.art4|dec5296.art47|emag.3.1|lbi.art18|cf.art196|onu.art25|lbi.art74|onu.art9;IDs used in ARIA and labels must be unique;Controle sem nome, função ou valor expostos simplesmente não existe para a tecnologia assistiva: o serviço é, para o usuário cego, inexistente. É a forma mais severa de barreira na informação do art. 3º, IV, 'd'.
43db0d4a-b53b-4de7-bd7e-07ba364ef3a1;fixtures-local;Conjunto de validação sintético (golden set);2026-08-18T15:05:56.895617+00:00;http://127.0.0.1:8080/pages/inacessivel-agendamento.html;1;mobile-320;video-caption;axe-core;incomplete;;alto;1.2.2;1.2.2;perceptivel;A;1;surdez;lbi.art63.caput|lbi.art3.iv.d|lbi.art4|dec5296.art47|emag.3.1|lbi.art18|cf.art196|onu.art25|dec5626.art26;<video> elements must have captions;Vídeo de orientação em saúde sem legenda nega à pessoa surda o acesso à informação sanitária, violando o art. 26 do Decreto 5.626/2005 e o direito à atenção integral do art. 18 da LBI.
43db0d4a-b53b-4de7-bd7e-07ba364ef3a1;fixtures-local;Conjunto de validação sintético (golden set);2026-08-18T15:05:56.895617+00:00;http://127.0.0.1:8080/pages/inacessivel-agendamento.html;1;mobile-320;no-autoplay-audio;axe-core;incomplete;;moderado;1.4.2;1.4.2;perceptivel;A;1;cegueira|cognitiva_neurodivergencia;lbi.art63.caput|lbi.art3.iv.d|lbi.art4|dec5296.art47|emag.3.1|lbi.art18|cf.art196|onu.art25|lbi.art74;<video> or <audio> elements must not play automatically;Áudio automático interfere na tecnologia assistiva, obstruindo o acesso garantido pelo art. 74 da LBI.
43db0d4a-b53b-4de7-bd7e-07ba364ef3a1;fixtures-local;Conjunto de validação sintético (golden set);2026-08-18T15:05:56.895617+00:00;http://127.0.0.1:8080/pages/inacessivel-agendamento.html;1;mobile-320;probe.page-language.missing;probe;fail;serious;alto;3.1.1;3.1.1;compreensivel;A;1;cegueira|cognitiva_neurodivergencia;lbi.art63.caput|lbi.art3.iv.d|lbi.art4|dec5296.art47|emag.3.1|lbi.art18|cf.art196|onu.art25|lbi.art74|cf.art5.xiv|lai.art8.par3.viii;O documento não declara o idioma (atributo lang ausente).;Sem declaração de idioma, o sintetizador de voz pronuncia o português com fonética estrangeira e a informação em saúde se torna ininteligível — a informação é publicada, mas não é comunicada (art. 3º, IV, 'd', LBI).
43db0d4a-b53b-4de7-bd7e-07ba364ef3a1;fixtures-local;Conjunto de validação sintético (golden set);2026-08-18T15:05:56.895617+00:00;http://127.0.0.1:8080/pages/inacessivel-agendamento.html;1;mobile-320;probe.landmarks.no-main;probe;fail;serious;alto;1.3.1;1.3.1;perceptivel;A;1;baixa_visao|cegueira|cognitiva_neurodivergencia;lbi.art63.caput|lbi.art3.iv.d|lbi.art4|dec5296.art47|emag.3.1|lbi.art18|cf.art196|onu.art25|lbi.art74;A página não declara marco de conteúdo principal (<main>).;"Sem estrutura semântica, a tecnologia assistiva não consegue reconstruir a relação entre rótulo e dado; o art. 74 da LBI assegura o acesso a tecnologias assistivas, o que pressupõe conteúdo com elas compatível."
43db0d4a-b53b-4de7-bd7e-07ba364ef3a1;fixtures-local;Conjunto de validação sintético (golden set);2026-08-18T15:05:56.895617+00:00;http://127.0.0.1:8080/pages/inacessivel-agendamento.html;1;mobile-320;probe.landmarks.no-skip-link;probe;fail;moderate;moderado;2.4.1;2.4.1;operavel;A;1;cegueira|cognitiva_neurodivergencia|motora;lbi.art63.caput|lbi.art3.iv.d|lbi.art4|dec5296.art47|emag.3.1|lbi.art18|cf.art196|onu.art25|lbi.art3.i;Nenhum link de salto para o conteúdo principal foi encontrado.;A ausência de mecanismo de salto obriga a percorrer repetidamente blocos idênticos, esforço desproporcional vedado pelo conceito de acessibilidade com autonomia do art. 3º, I da LBI.
43db0d4a-b53b-4de7-bd7e-07ba364ef3a1;fixtures-local;Conjunto de validação sintético (golden set);2026-08-18T15:05:56.895617+00:00;http://127.0.0.1:8080/pages/inacessivel-agendamento.html;1;mobile-320;probe.heading-structure.none;probe;fail;serious;alto;1.3.1|2.4.6;1.3.1;perceptivel;A;1;baixa_visao|cegueira|cognitiva_neurodivergencia;lbi.art63.caput|lbi.art3.iv.d|lbi.art4|dec5296.art47|emag.3.1|lbi.art18|cf.art196|onu.art25|lbi.art74|cf.art5.xiv|lai.art8.par3.viii;A página não possui nenhum cabeçalho.;"Sem estrutura semântica, a tecnologia assistiva não consegue reconstruir a relação entre rótulo e dado; o art. 74 da LBI assegura o acesso a tecnologias assistivas, o que pressupõe conteúdo com elas compatível."
43db0d4a-b53b-4de7-bd7e-07ba364ef3a1;fixtures-local;Conjunto de validação sintético (golden set);2026-08-18T15:05:56.895617+00:00;http://127.0.0.1:8080/pages/inacessivel-agendamento.html;1;mobile-320;probe.id-duplicado;probe;fail;serious;alto;4.1.1;4.1.1;robusto;A;1;cegueira|cognitiva_neurodivergencia|motora;lbi.art63.caput|lbi.art3.iv.d|lbi.art4|dec5296.art47|emag.3.1|lbi.art18|cf.art196|onu.art25|lbi.art74;1 identificador(es) duplicado(s) quebram associações de rótulo ou de descrição.;Marcação malformada produz comportamento imprevisível em tecnologia assistiva, comprometendo a interoperabilidade pressuposta pelo art. 74.
43db0d4a-b53b-4de7-bd7e-07ba364ef3a1;fixtures-local;Conjunto de validação sintético (golden set);2026-08-18T15:05:56.895617+00:00;http://127.0.0.1:8080/pages/inacessivel-agendamento.html;1;mobile-320;probe.id-duplicado.inerte;probe;incomplete;;baixo;4.1.1;4.1.1;robusto;A;1;cegueira|cognitiva_neurodivergencia|motora;lbi.art63.caput|lbi.art3.iv.d|lbi.art4|dec5296.art47|emag.3.1|lbi.art18|cf.art196|onu.art25|lbi.art74;1 identificador(es) duplicado(s) sem referência associada.;Marcação malformada produz comportamento imprevisível em tecnologia assistiva, comprometendo a interoperabilidade pressuposta pelo art. 74.
43db0d4a-b53b-4de7-bd7e-07ba364ef3a1;fixtures-local;Conjunto de validação sintético (golden set);2026-08-18T15:05:56.895617+00:00;http://127.0.0.1:8080/pages/inacessivel-agendamento.html;1;mobile-320;probe.non-interactive-control;probe;fail;critical;critico;2.1.1|4.1.2;2.1.1;operavel;A;2;cegueira|motora;lbi.art63.caput|lbi.art3.iv.d|lbi.art4|dec5296.art47|emag.3.1|lbi.art18|cf.art196|onu.art25|lbi.art74|onu.art9|lbi.art3.i;2 elemento(s) respondem ao clique do mouse mas não são alcançáveis por teclado.;A construção de controles inacessíveis por teclado impede integralmente o uso do serviço por pessoas com deficiência motora e por usuários de leitor de tela, sem qualquer rota alternativa. Configura barreira absoluta na comunicação e na informação (art. 3º, IV, 'd', LBI), violação direta do dever de acessibilidade dos sítios de órgãos de governo (art. 63, caput, LBI) e descumprimento do art. 9 da Convenção sobre os Direitos das Pessoas com Deficiência, que tem hierarquia de emenda constitucional.
43db0d4a-b53b-4de7-bd7e-07ba364ef3a1;fixtures-local;Conjunto de validação sintético (golden set);2026-08-18T15:05:56.895617+00:00;http://127.0.0.1:8080/pages/inacessivel-agendamento.html;1;mobile-320;probe.positive-tabindex;probe;fail;moderate;alto;2.4.3;2.4.3;operavel;A;3;cegueira|cognitiva_neurodivergencia|motora;lbi.art63.caput|lbi.art3.iv.d|lbi.art4|dec5296.art47|emag.3.1|lbi.art18|cf.art196|onu.art25;3 elemento(s) usam tabindex positivo, alterando a ordem natural de tabulação.;Ordem de foco incoerente induz erro na submissão de dados de saúde, com risco de agendamento equivocado — dano ao acesso ao serviço.
43db0d4a-b53b-4de7-bd7e-07ba364ef3a1;fixtures-local;Conjunto de validação sintético (golden set);2026-08-18T15:05:56.895617+00:00;http://127.0.0.1:8080/pages/inacessivel-agendamento.html;1;mobile-320;probe.focus-visible;probe;fail;serious;alto;2.4.7;2.4.7;operavel;AA;4;baixa_visao|cognitiva_neurodivergencia|motora;lbi.art63.caput|lbi.art3.iv.d|lbi.art4|dec5296.art47|emag.3.1|lbi.art18|cf.art196|onu.art25|lbi.art3.i;4 controle(s) não exibem indicador de foco: o contorno está suprimido e nenhuma outra mudança visual ocorre.;A supressão do indicador de foco cega o usuário de teclado quanto à sua posição, impedindo o uso com segurança (art. 3º, I, LBI).
43db0d4a-b53b-4de7-bd7e-07ba364ef3a1;fixtures-local;Conjunto de validação sintético (golden set);2026-08-18T15:05:56.895617+00:00;http://127.0.0.1:8080/pages/inacessivel-agendamento.html;1;mobile-320;probe.placeholder-como-rotulo;probe;fail;serious;alto;3.3.2;3.3.2;compreensivel;A;3;baixa_visao|cegueira|cognitiva_neurodivergencia;lbi.art63.caput|lbi.art3.iv.d|lbi.art4|dec5296.art47|emag.3.1|lbi.art18|cf.art196|onu.art25|lbi.art74|lbi.art3.i;3 campo(s) de formulário são identificados apenas pelo texto de placeholder.;Campo sem rótulo programático torna indeterminável o dado solicitado, inviabilizando o preenchimento autônomo (art. 3º, I, LBI).
43db0d4a-b53b-4de7-bd7e-07ba364ef3a1;fixtures-local;Conjunto de validação sintético (golden set);2026-08-18T15:05:56.895617+00:00;http://127.0.0.1:8080/pages/inacessivel-agendamento.html;1;mobile-320;probe.reflow-320;probe;fail;serious;alto;1.4.10;1.4.10;perceptivel;AA;12;baixa_visao|cognitiva_neurodivergencia|motora;lbi.art63.caput|lbi.art3.iv.d|lbi.art4|dec5296.art47|emag.3.1|lbi.art18|cf.art196|onu.art25|lei13460.art5;A página exige rolagem horizontal em tela de 320 px (590 px de transbordo).;"O acesso majoritário aos serviços públicos de saúde no Brasil se dá por telefone celular; a exigência de rolagem bidirecional em telas estreitas inviabiliza o uso e frustra o acesso universal do art. 196 da CF/88."
43db0d4a-b53b-4de7-bd7e-07ba364ef3a1;fixtures-local;Conjunto de validação sintético (golden set);2026-08-18T15:05:56.895617+00:00;http://127.0.0.1:8080/pages/inacessivel-agendamento.html;1;mobile-320;probe.zoom-lock;probe;fail;serious;alto;1.4.4;1.4.4;perceptivel;AA;1;baixa_visao|cognitiva_neurodivergencia;lbi.art63.caput|lbi.art3.iv.d|lbi.art4|dec5296.art47|emag.3.1|lbi.art18|cf.art196|onu.art25;A página bloqueia a ampliação pelo usuário.;O bloqueio de ampliação nega adaptação razoável, conduta equiparada a discriminação pelo art. 4º, § 1º da LBI.
43db0d4a-b53b-4de7-bd7e-07ba364ef3a1;fixtures-local;Conjunto de validação sintético (golden set);2026-08-18T15:05:56.895617+00:00;http://127.0.0.1:8080/pages/inacessivel-agendamento.html;1;mobile-320;probe.captions.video-without-track;probe;fail;serious;alto;1.2.2;1.2.2;perceptivel;A;1;surdez;lbi.art63.caput|lbi.art3.iv.d|lbi.art4|dec5296.art47|emag.3.1|lbi.art18|cf.art196|onu.art25|dec5626.art26;1 vídeo(s) sem faixa de legenda declarada.;Vídeo de orientação em saúde sem legenda nega à pessoa surda o acesso à informação sanitária, violando o art. 26 do Decreto 5.626/2005 e o direito à atenção integral do art. 18 da LBI.
43db0d4a-b53b-4de7-bd7e-07ba364ef3a1;fixtures-local;Conjunto de validação sintético (golden set);2026-08-18T15:05:56.895617+00:00;http://127.0.0.1:8080/pages/inacessivel-agendamento.html;1;mobile-320;probe.captions.audio-transcript;probe;incomplete;;moderado;1.2.1;1.2.1;perceptivel;A;1;baixa_conectividade|cegueira|surdez;lbi.art63.caput|lbi.art3.iv.d|lbi.art4|dec5296.art47|emag.3.1|lbi.art18|cf.art196|onu.art25|dec5626.art26|cf.art5.xiv|lai.art8.par3.viii;1 elemento(s) de áudio requerem verificação de transcrição.;Conteúdo audiovisual sem alternativa acessível descumpre o dever de oferta de comunicação e informação adequadas do art. 18, § 4º da LBI.
43db0d4a-b53b-4de7-bd7e-07ba364ef3a1;fixtures-local;Conjunto de validação sintético (golden set);2026-08-18T15:05:56.895617+00:00;http://127.0.0.1:8080/pages/inacessivel-agendamento.html;1;mobile-320;probe.autoplay;probe;fail;serious;moderado;1.4.2|2.2.2;1.4.2;perceptivel;A;1;cegueira|cognitiva_neurodivergencia;lbi.art63.caput|lbi.art3.iv.d|lbi.art4|dec5296.art47|emag.3.1|lbi.art18|cf.art196|onu.art25|lbi.art74;1 mídia(s) com reprodução automática audível, das quais 1 sem controles.;Áudio automático interfere na tecnologia assistiva, obstruindo o acesso garantido pelo art. 74 da LBI.
43db0d4a-b53b-4de7-bd7e-07ba364ef3a1;fixtures-local;Conjunto de validação sintético (golden set);2026-08-18T15:05:56.895617+00:00;http://127.0.0.1:8080/pages/inacessivel-agendamento.html;1;mobile-320;probe.meta-refresh;probe;fail;serious;alto;2.2.1;2.2.1;operavel;A;1;baixa_conectividade|baixa_visao|cognitiva_neurodivergencia|motora;lbi.art63.caput|lbi.art3.iv.d|lbi.art4|dec5296.art47|emag.3.1|lbi.art18|cf.art196|onu.art25|lbi.art9.v;A página se atualiza ou redireciona automaticamente.;Prazos de sessão não ajustáveis penalizam quem opera mais lentamente por deficiência ou por conexão precária, produzindo discriminação indireta (art. 4º, § 1º, LBI).
43db0d4a-b53b-4de7-bd7e-07ba364ef3a1;fixtures-local;Conjunto de validação sintético (golden set);2026-08-18T15:05:56.895617+00:00;http://127.0.0.1:8080/pages/inacessivel-agendamento.html;1;desktop-1366;color-contrast;axe-core;fail;serious;alto;1.4.3;1.4.3;perceptivel;AA;5;baixa_visao|cognitiva_neurodivergencia|visao_de_cores;lbi.art63.caput|lbi.art3.iv.d|lbi.art4|dec5296.art47|emag.3.1|lbi.art18|cf.art196|onu.art25|cf.art5.xiv|lai.art8.par3.viii;Elements must meet minimum color contrast ratio thresholds;"O contraste insuficiente é a barreira de comunicação mais prevalente e atinge diretamente a população idosa usuária do SUS; sua persistência em portal público caracteriza descumprimento continuado do art. 63, caput, da LBI e do art. 47 do Decreto 5.296/2004."
43db0d4a-b53b-4de7-bd7e-07ba364ef3a1;fixtures-local;Conjunto de validação sintético (golden set);2026-08-18T15:05:56.895617+00:00;http://127.0.0.1:8080/pages/inacessivel-agendamento.html;1;desktop-1366;html-has-lang;axe-core;fail;serious;alto;3.1.1;3.1.1;compreensivel;A;1;cegueira|cognitiva_neurodivergencia;lbi.art63.caput|lbi.art3.iv.d|lbi.art4|dec5296.art47|emag.3.1|lbi.art18|cf.art196|onu.art25|lbi.art74|cf.art5.xiv|lai.art8.par3.viii;<html> element must have a lang attribute;Sem declaração de idioma, o sintetizador de voz pronuncia o português com fonética estrangeira e a informação em saúde se torna ininteligível — a informação é publicada, mas não é comunicada (art. 3º, IV, 'd', LBI).
43db0d4a-b53b-4de7-bd7e-07ba364ef3a1;fixtures-local;Conjunto de validação sintético (golden set);2026-08-18T15:05:56.895617+00:00;http://127.0.0.1:8080/pages/inacessivel-agendamento.html;1;desktop-1366;image-alt;axe-core;fail;critical;alto;1.1.1;1.1.1;perceptivel;A;2;baixa_conectividade|baixa_visao|cegueira|cognitiva_neurodivergencia;lbi.art63.caput|lbi.art3.iv.d|lbi.art4|dec5296.art47|emag.3.1|lbi.art18|cf.art196|onu.art25|lbi.art74|cf.art5.xiv|lai.art8.par3.viii;Images must have alternative text;A ausência de alternativa textual configura barreira na comunicação e na informação (art. 3º, IV, 'd', LBI): o conteúdo existe juridicamente como informação pública, mas não é recebível pelo usuário cego, esvaziando o dever de transparência ativa do art. 8º, § 3º, VIII da LAI.
43db0d4a-b53b-4de7-bd7e-07ba364ef3a1;fixtures-local;Conjunto de validação sintético (golden set);2026-08-18T15:05:56.895617+00:00;http://127.0.0.1:8080/pages/inacessivel-agendamento.html;1;desktop-1366;meta-refresh;axe-core;fail;critical;alto;2.2.1;2.2.1;operavel;A;1;baixa_conectividade|baixa_visao|cognitiva_neurodivergencia|motora;lbi.art63.caput|lbi.art3.iv.d|lbi.art4|dec5296.art47|emag.3.1|lbi.art18|cf.art196|onu.art25|lbi.art9.v;Delayed refresh under 20 hours must not be used;Prazos de sessão não ajustáveis penalizam quem opera mais lentamente por deficiência ou por conexão precária, produzindo discriminação indireta (art. 4º, § 1º, LBI).
43db0d4a-b53b-4de7-bd7e-07ba364ef3a1;fixtures-local;Conjunto de validação sintético (golden set);2026-08-18T15:05:56.895617+00:00;http://127.0.0.1:8080/pages/inacessivel-agendamento.html;1;desktop-1366;meta-viewport;axe-core;fail;moderate;alto;1.4.4;1.4.4;perceptivel;AA;1;baixa_visao|cognitiva_neurodivergencia;lbi.art63.caput|lbi.art3.iv.d|lbi.art4|dec5296.art47|emag.3.1|lbi.art18|cf.art196|onu.art25;Zooming and scaling must not be disabled;O bloqueio de ampliação nega adaptação razoável, conduta equiparada a discriminação pelo art. 4º, § 1º da LBI.
43db0d4a-b53b-4de7-bd7e-07ba364ef3a1;fixtures-local;Conjunto de validação sintético (golden set);2026-08-18T15:05:56.895617+00:00;http://127.0.0.1:8080/pages/inacessivel-agendamento.html;1;desktop-1366;select-name;axe-core;fail;critical;critico;4.1.2;4.1.2;robusto;A;1;cegueira|fala|motora;lbi.art63.caput|lbi.art3.iv.d|lbi.art4|dec5296.art47|emag.3.1|lbi.art18|cf.art196|onu.art25|lbi.art74|onu.art9;Select element must have an accessible name;Controle sem nome, função ou valor expostos simplesmente não existe para a tecnologia assistiva: o serviço é, para o usuário cego, inexistente. É a forma mais severa de barreira na informação do art. 3º, IV, 'd'.
43db0d4a-b53b-4de7-bd7e-07ba364ef3a1;fixtures-local;Conjunto de validação sintético (golden set);2026-08-18T15:05:56.895617+00:00;http://127.0.0.1:8080/pages/inacessivel-agendamento.html;1;desktop-1366;color-contrast;axe-core;incomplete;;alto;1.4.3;1.4.3;perceptivel;AA;2;baixa_visao|cognitiva_neurodivergencia|visao_de_cores;lbi.art63.caput|lbi.art3.iv.d|lbi.art4|dec5296.art47|emag.3.1|lbi.art18|cf.art196|onu.art25|cf.art5.xiv|lai.art8.par3.viii;Elements must meet minimum color contrast ratio thresholds;"O contraste insuficiente é a barreira de comunicação mais prevalente e atinge diretamente a população idosa usuária do SUS; sua persistência em portal público caracteriza descumprimento continuado do art. 63, caput, da LBI e do art. 47 do Decreto 5.296/2004."
43db0d4a-b53b-4de7-bd7e-07ba364ef3a1;fixtures-local;Conjunto de validação sintético (golden set);2026-08-18T15:05:56.895617+00:00;http://127.0.0.1:8080/pages/inacessivel-agendamento.html;1;desktop-1366;duplicate-id-aria;axe-core;incomplete;;critico;4.1.2;4.1.2;robusto;A;1;cegueira|fala|motora;lbi.art63.caput|lbi.art3.iv.d|lbi.art4|dec5296.art47|emag.3.1|lbi.art18|cf.art196|onu.art25|lbi.art74|onu.art9;IDs used in ARIA and labels must be unique;Controle sem nome, função ou valor expostos simplesmente não existe para a tecnologia assistiva: o serviço é, para o usuário cego, inexistente. É a forma mais severa de barreira na informação do art. 3º, IV, 'd'.
43db0d4a-b53b-4de7-bd7e-07ba364ef3a1;fixtures-local;Conjunto de validação sintético (golden set);2026-08-18T15:05:56.895617+00:00;http://127.0.0.1:8080/pages/inacessivel-agendamento.html;1;desktop-1366;video-caption;axe-core;incomplete;;alto;1.2.2;1.2.2;perceptivel;A;1;surdez;lbi.art63.caput|lbi.art3.iv.d|lbi.art4|dec5296.art47|emag.3.1|lbi.art18|cf.art196|onu.art25|dec5626.art26;<video> elements must have captions;Vídeo de orientação em saúde sem legenda nega à pessoa surda o acesso à informação sanitária, violando o art. 26 do Decreto 5.626/2005 e o direito à atenção integral do art. 18 da LBI.
43db0d4a-b53b-4de7-bd7e-07ba364ef3a1;fixtures-local;Conjunto de validação sintético (golden set);2026-08-18T15:05:56.895617+00:00;http://127.0.0.1:8080/pages/inacessivel-agendamento.html;1;desktop-1366;no-autoplay-audio;axe-core;incomplete;;moderado;1.4.2;1.4.2;perceptivel;A;1;cegueira|cognitiva_neurodivergencia;lbi.art63.caput|lbi.art3.iv.d|lbi.art4|dec5296.art47|emag.3.1|lbi.art18|cf.art196|onu.art25|lbi.art74;<video> or <audio> elements must not play automatically;Áudio automático interfere na tecnologia assistiva, obstruindo o acesso garantido pelo art. 74 da LBI.
43db0d4a-b53b-4de7-bd7e-07ba364ef3a1;fixtures-local;Conjunto de validação sintético (golden set);2026-08-18T15:05:56.895617+00:00;http://127.0.0.1:8080/pages/inacessivel-agendamento.html;1;desktop-1366;probe.page-language.missing;probe;fail;serious;alto;3.1.1;3.1.1;compreensivel;A;1;cegueira|cognitiva_neurodivergencia;lbi.art63.caput|lbi.art3.iv.d|lbi.art4|dec5296.art47|emag.3.1|lbi.art18|cf.art196|onu.art25|lbi.art74|cf.art5.xiv|lai.art8.par3.viii;O documento não declara o idioma (atributo lang ausente).;Sem declaração de idioma, o sintetizador de voz pronuncia o português com fonética estrangeira e a informação em saúde se torna ininteligível — a informação é publicada, mas não é comunicada (art. 3º, IV, 'd', LBI).
43db0d4a-b53b-4de7-bd7e-07ba364ef3a1;fixtures-local;Conjunto de validação sintético (golden set);2026-08-18T15:05:56.895617+00:00;http://127.0.0.1:8080/pages/inacessivel-agendamento.html;1;desktop-1366;probe.landmarks.no-main;probe;fail;serious;alto;1.3.1;1.3.1;perceptivel;A;1;baixa_visao|cegueira|cognitiva_neurodivergencia;lbi.art63.caput|lbi.art3.iv.d|lbi.art4|dec5296.art47|emag.3.1|lbi.art18|cf.art196|onu.art25|lbi.art74;A página não declara marco de conteúdo principal (<main>).;"Sem estrutura semântica, a tecnologia assistiva não consegue reconstruir a relação entre rótulo e dado; o art. 74 da LBI assegura o acesso a tecnologias assistivas, o que pressupõe conteúdo com elas compatível."
43db0d4a-b53b-4de7-bd7e-07ba364ef3a1;fixtures-local;Conjunto de validação sintético (golden set);2026-08-18T15:05:56.895617+00:00;http://127.0.0.1:8080/pages/inacessivel-agendamento.html;1;desktop-1366;probe.landmarks.no-skip-link;probe;fail;moderate;moderado;2.4.1;2.4.1;operavel;A;1;cegueira|cognitiva_neurodivergencia|motora;lbi.art63.caput|lbi.art3.iv.d|lbi.art4|dec5296.art47|emag.3.1|lbi.art18|cf.art196|onu.art25|lbi.art3.i;Nenhum link de salto para o conteúdo principal foi encontrado.;A ausência de mecanismo de salto obriga a percorrer repetidamente blocos idênticos, esforço desproporcional vedado pelo conceito de acessibilidade com autonomia do art. 3º, I da LBI.
43db0d4a-b53b-4de7-bd7e-07ba364ef3a1;fixtures-local;Conjunto de validação sintético (golden set);2026-08-18T15:05:56.895617+00:00;http://127.0.0.1:8080/pages/inacessivel-agendamento.html;1;desktop-1366;probe.heading-structure.none;probe;fail;serious;alto;1.3.1|2.4.6;1.3.1;perceptivel;A;1;baixa_visao|cegueira|cognitiva_neurodivergencia;lbi.art63.caput|lbi.art3.iv.d|lbi.art4|dec5296.art47|emag.3.1|lbi.art18|cf.art196|onu.art25|lbi.art74|cf.art5.xiv|lai.art8.par3.viii;A página não possui nenhum cabeçalho.;"Sem estrutura semântica, a tecnologia assistiva não consegue reconstruir a relação entre rótulo e dado; o art. 74 da LBI assegura o acesso a tecnologias assistivas, o que pressupõe conteúdo com elas compatível."
43db0d4a-b53b-4de7-bd7e-07ba364ef3a1;fixtures-local;Conjunto de validação sintético (golden set);2026-08-18T15:05:56.895617+00:00;http://127.0.0.1:8080/pages/inacessivel-agendamento.html;1;desktop-1366;probe.id-duplicado;probe;fail;serious;alto;4.1.1;4.1.1;robusto;A;1;cegueira|cognitiva_neurodivergencia|motora;lbi.art63.caput|lbi.art3.iv.d|lbi.art4|dec5296.art47|emag.3.1|lbi.art18|cf.art196|onu.art25|lbi.art74;1 identificador(es) duplicado(s) quebram associações de rótulo ou de descrição.;Marcação malformada produz comportamento imprevisível em tecnologia assistiva, comprometendo a interoperabilidade pressuposta pelo art. 74.
43db0d4a-b53b-4de7-bd7e-07ba364ef3a1;fixtures-local;Conjunto de validação sintético (golden set);2026-08-18T15:05:56.895617+00:00;http://127.0.0.1:8080/pages/inacessivel-agendamento.html;1;desktop-1366;probe.id-duplicado.inerte;probe;incomplete;;baixo;4.1.1;4.1.1;robusto;A;1;cegueira|cognitiva_neurodivergencia|motora;lbi.art63.caput|lbi.art3.iv.d|lbi.art4|dec5296.art47|emag.3.1|lbi.art18|cf.art196|onu.art25|lbi.art74;1 identificador(es) duplicado(s) sem referência associada.;Marcação malformada produz comportamento imprevisível em tecnologia assistiva, comprometendo a interoperabilidade pressuposta pelo art. 74.
43db0d4a-b53b-4de7-bd7e-07ba364ef3a1;fixtures-local;Conjunto de validação sintético (golden set);2026-08-18T15:05:56.895617+00:00;http://127.0.0.1:8080/pages/inacessivel-agendamento.html;1;desktop-1366;probe.non-interactive-control;probe;fail;critical;critico;2.1.1|4.1.2;2.1.1;operavel;A;2;cegueira|motora;lbi.art63.caput|lbi.art3.iv.d|lbi.art4|dec5296.art47|emag.3.1|lbi.art18|cf.art196|onu.art25|lbi.art74|onu.art9|lbi.art3.i;2 elemento(s) respondem ao clique do mouse mas não são alcançáveis por teclado.;A construção de controles inacessíveis por teclado impede integralmente o uso do serviço por pessoas com deficiência motora e por usuários de leitor de tela, sem qualquer rota alternativa. Configura barreira absoluta na comunicação e na informação (art. 3º, IV, 'd', LBI), violação direta do dever de acessibilidade dos sítios de órgãos de governo (art. 63, caput, LBI) e descumprimento do art. 9 da Convenção sobre os Direitos das Pessoas com Deficiência, que tem hierarquia de emenda constitucional.
43db0d4a-b53b-4de7-bd7e-07ba364ef3a1;fixtures-local;Conjunto de validação sintético (golden set);2026-08-18T15:05:56.895617+00:00;http://127.0.0.1:8080/pages/inacessivel-agendamento.html;1;desktop-1366;probe.positive-tabindex;probe;fail;moderate;alto;2.4.3;2.4.3;operavel;A;3;cegueira|cognitiva_neurodivergencia|motora;lbi.art63.caput|lbi.art3.iv.d|lbi.art4|dec5296.art47|emag.3.1|lbi.art18|cf.art196|onu.art25;3 elemento(s) usam tabindex positivo, alterando a ordem natural de tabulação.;Ordem de foco incoerente induz erro na submissão de dados de saúde, com risco de agendamento equivocado — dano ao acesso ao serviço.
43db0d4a-b53b-4de7-bd7e-07ba364ef3a1;fixtures-local;Conjunto de validação sintético (golden set);2026-08-18T15:05:56.895617+00:00;http://127.0.0.1:8080/pages/inacessivel-agendamento.html;1;desktop-1366;probe.focus-visible;probe;fail;serious;alto;2.4.7;2.4.7;operavel;AA;4;baixa_visao|cognitiva_neurodivergencia|motora;lbi.art63.caput|lbi.art3.iv.d|lbi.art4|dec5296.art47|emag.3.1|lbi.art18|cf.art196|onu.art25|lbi.art3.i;4 controle(s) não exibem indicador de foco: o contorno está suprimido e nenhuma outra mudança visual ocorre.;A supressão do indicador de foco cega o usuário de teclado quanto à sua posição, impedindo o uso com segurança (art. 3º, I, LBI).
43db0d4a-b53b-4de7-bd7e-07ba364ef3a1;fixtures-local;Conjunto de validação sintético (golden set);2026-08-18T15:05:56.895617+00:00;http://127.0.0.1:8080/pages/inacessivel-agendamento.html;1;desktop-1366;probe.placeholder-como-rotulo;probe;fail;serious;alto;3.3.2;3.3.2;compreensivel;A;3;baixa_visao|cegueira|cognitiva_neurodivergencia;lbi.art63.caput|lbi.art3.iv.d|lbi.art4|dec5296.art47|emag.3.1|lbi.art18|cf.art196|onu.art25|lbi.art74|lbi.art3.i;3 campo(s) de formulário são identificados apenas pelo texto de placeholder.;Campo sem rótulo programático torna indeterminável o dado solicitado, inviabilizando o preenchimento autônomo (art. 3º, I, LBI).
43db0d4a-b53b-4de7-bd7e-07ba364ef3a1;fixtures-local;Conjunto de validação sintético (golden set);2026-08-18T15:05:56.895617+00:00;http://127.0.0.1:8080/pages/inacessivel-agendamento.html;1;desktop-1366;probe.zoom-lock;probe;fail;serious;alto;1.4.4;1.4.4;perceptivel;AA;1;baixa_visao|cognitiva_neurodivergencia;lbi.art63.caput|lbi.art3.iv.d|lbi.art4|dec5296.art47|emag.3.1|lbi.art18|cf.art196|onu.art25;A página bloqueia a ampliação pelo usuário.;O bloqueio de ampliação nega adaptação razoável, conduta equiparada a discriminação pelo art. 4º, § 1º da LBI.
43db0d4a-b53b-4de7-bd7e-07ba364ef3a1;fixtures-local;Conjunto de validação sintético (golden set);2026-08-18T15:05:56.895617+00:00;http://127.0.0.1:8080/pages/inacessivel-agendamento.html;1;desktop-1366;probe.captions.video-without-track;probe;fail;serious;alto;1.2.2;1.2.2;perceptivel;A;1;surdez;lbi.art63.caput|lbi.art3.iv.d|lbi.art4|dec5296.art47|emag.3.1|lbi.art18|cf.art196|onu.art25|dec5626.art26;1 vídeo(s) sem faixa de legenda declarada.;Vídeo de orientação em saúde sem legenda nega à pessoa surda o acesso à informação sanitária, violando o art. 26 do Decreto 5.626/2005 e o direito à atenção integral do art. 18 da LBI.
43db0d4a-b53b-4de7-bd7e-07ba364ef3a1;fixtures-local;Conjunto de validação sintético (golden set);2026-08-18T15:05:56.895617+00:00;http://127.0.0.1:8080/pages/inacessivel-agendamento.html;1;desktop-1366;probe.captions.audio-transcript;probe;incomplete;;moderado;1.2.1;1.2.1;perceptivel;A;1;baixa_conectividade|cegueira|surdez;lbi.art63.caput|lbi.art3.iv.d|lbi.art4|dec5296.art47|emag.3.1|lbi.art18|cf.art196|onu.art25|dec5626.art26|cf.art5.xiv|lai.art8.par3.viii;1 elemento(s) de áudio requerem verificação de transcrição.;Conteúdo audiovisual sem alternativa acessível descumpre o dever de oferta de comunicação e informação adequadas do art. 18, § 4º da LBI.
43db0d4a-b53b-4de7-bd7e-07ba364ef3a1;fixtures-local;Conjunto de validação sintético (golden set);2026-08-18T15:05:56.895617+00:00;http://127.0.0.1:8080/pages/inacessivel-agendamento.html;1;desktop-1366;probe.autoplay;probe;fail;serious;moderado;1.4.2|2.2.2;1.4.2;perceptivel;A;1;cegueira|cognitiva_neurodivergencia;lbi.art63.caput|lbi.art3.iv.d|lbi.art4|dec5296.art47|emag.3.1|lbi.art18|cf.art196|onu.art25|lbi.art74;1 mídia(s) com reprodução automática audível, das quais 1 sem controles.;Áudio automático interfere na tecnologia assistiva, obstruindo o acesso garantido pelo art. 74 da LBI.
43db0d4a-b53b-4de7-bd7e-07ba364ef3a1;fixtures-local;Conjunto de validação sintético (golden set);2026-08-18T15:05:56.895617+00:00;http://127.0.0.1:8080/pages/inacessivel-agendamento.html;1;desktop-1366;probe.meta-refresh;probe;fail;serious;alto;2.2.1;2.2.1;operavel;A;1;baixa_conectividade|baixa_visao|cognitiva_neurodivergencia|motora;lbi.art63.caput|lbi.art3.iv.d|lbi.art4|dec5296.art47|emag.3.1|lbi.art18|cf.art196|onu.art25|lbi.art9.v;A página se atualiza ou redireciona automaticamente.;Prazos de sessão não ajustáveis penalizam quem opera mais lentamente por deficiência ou por conexão precária, produzindo discriminação indireta (art. 4º, § 1º, LBI).
43db0d4a-b53b-4de7-bd7e-07ba364ef3a1;fixtures-local;Conjunto de validação sintético (golden set);2026-08-18T15:05:56.895617+00:00;http://127.0.0.1:8080/pages/acessivel-agendamento.html;1;mobile-320;color-contrast;axe-core;incomplete;;alto;1.4.3;1.4.3;perceptivel;AA;5;baixa_visao|cognitiva_neurodivergencia|visao_de_cores;lbi.art63.caput|lbi.art3.iv.d|lbi.art4|dec5296.art47|emag.3.1|lbi.art18|cf.art196|onu.art25|cf.art5.xiv|lai.art8.par3.viii;Elements must meet minimum color contrast ratio thresholds;"O contraste insuficiente é a barreira de comunicação mais prevalente e atinge diretamente a população idosa usuária do SUS; sua persistência em portal público caracteriza descumprimento continuado do art. 63, caput, da LBI e do art. 47 do Decreto 5.296/2004."
43db0d4a-b53b-4de7-bd7e-07ba364ef3a1;fixtures-local;Conjunto de validação sintético (golden set);2026-08-18T15:05:56.895617+00:00;http://127.0.0.1:8080/pages/acessivel-agendamento.html;1;desktop-1366;probe.readability;heuristic;incomplete;;moderado;;;;;1;cognitiva_neurodivergencia|baixa_conectividade;lbi.art18|lai.art8.par3.viii|lei13460.art5;Legibilidade do conteúdo principal em 27.22 pontos — faixa difícil (exige ensino médio completo).;A publicação de informação de saúde em registro linguístico inacessível à população destinatária esvazia materialmente o dever de oferta de comunicação e informação adequadas (art. 18, § 4º, IV, LBI) e o dever de transparência ativa (art. 8º, § 3º, LAI). A informação torna-se disponível sem se tornar acessível.
43db0d4a-b53b-4de7-bd7e-07ba364ef3a1;fixtures-local;Conjunto de validação sintético (golden set);2026-08-18T15:05:56.895617+00:00;http://127.0.0.1:8080/pages/contraste-e-cor.html;0;mobile-320;color-contrast;axe-core;fail;serious;alto;1.4.3;1.4.3;perceptivel;AA;3;baixa_visao|cognitiva_neurodivergencia|visao_de_cores;lbi.art63.caput|lbi.art3.iv.d|lbi.art4|dec5296.art47|emag.3.1|lbi.art18|cf.art196|onu.art25|cf.art5.xiv|lai.art8.par3.viii;Elements must meet minimum color contrast ratio thresholds;"O contraste insuficiente é a barreira de comunicação mais prevalente e atinge diretamente a população idosa usuária do SUS; sua persistência em portal público caracteriza descumprimento continuado do art. 63, caput, da LBI e do art. 47 do Decreto 5.296/2004."
43db0d4a-b53b-4de7-bd7e-07ba364ef3a1;fixtures-local;Conjunto de validação sintético (golden set);2026-08-18T15:05:56.895617+00:00;http://127.0.0.1:8080/pages/contraste-e-cor.html;0;mobile-320;color-contrast;axe-core;incomplete;;alto;1.4.3;1.4.3;perceptivel;AA;1;baixa_visao|cognitiva_neurodivergencia|visao_de_cores;lbi.art63.caput|lbi.art3.iv.d|lbi.art4|dec5296.art47|emag.3.1|lbi.art18|cf.art196|onu.art25|cf.art5.xiv|lai.art8.par3.viii;Elements must meet minimum color contrast ratio thresholds;"O contraste insuficiente é a barreira de comunicação mais prevalente e atinge diretamente a população idosa usuária do SUS; sua persistência em portal público caracteriza descumprimento continuado do art. 63, caput, da LBI e do art. 47 do Decreto 5.296/2004."
43db0d4a-b53b-4de7-bd7e-07ba364ef3a1;fixtures-local;Conjunto de validação sintético (golden set);2026-08-18T15:05:56.895617+00:00;http://127.0.0.1:8080/pages/contraste-e-cor.html;0;mobile-320;probe.landmarks.no-skip-link;probe;incomplete;;moderado;2.4.1;2.4.1;operavel;A;1;cegueira|cognitiva_neurodivergencia|motora;lbi.art63.caput|lbi.art3.iv.d|lbi.art4|dec5296.art47|emag.3.1|lbi.art18|cf.art196|onu.art25|lbi.art3.i;Nenhum link de salto para o conteúdo principal foi encontrado.;A ausência de mecanismo de salto obriga a percorrer repetidamente blocos idênticos, esforço desproporcional vedado pelo conceito de acessibilidade com autonomia do art. 3º, I da LBI.
43db0d4a-b53b-4de7-bd7e-07ba364ef3a1;fixtures-local;Conjunto de validação sintético (golden set);2026-08-18T15:05:56.895617+00:00;http://127.0.0.1:8080/pages/contraste-e-cor.html;0;mobile-320;probe.reflow-320;probe;fail;serious;alto;1.4.10;1.4.10;perceptivel;AA;12;baixa_visao|cognitiva_neurodivergencia|motora;lbi.art63.caput|lbi.art3.iv.d|lbi.art4|dec5296.art47|emag.3.1|lbi.art18|cf.art196|onu.art25|lei13460.art5;A página exige rolagem horizontal em tela de 320 px (54 px de transbordo).;"O acesso majoritário aos serviços públicos de saúde no Brasil se dá por telefone celular; a exigência de rolagem bidirecional em telas estreitas inviabiliza o uso e frustra o acesso universal do art. 196 da CF/88."
43db0d4a-b53b-4de7-bd7e-07ba364ef3a1;fixtures-local;Conjunto de validação sintético (golden set);2026-08-18T15:05:56.895617+00:00;http://127.0.0.1:8080/pages/contraste-e-cor.html;0;desktop-1366;color-contrast;axe-core;fail;serious;alto;1.4.3;1.4.3;perceptivel;AA;3;baixa_visao|cognitiva_neurodivergencia|visao_de_cores;lbi.art63.caput|lbi.art3.iv.d|lbi.art4|dec5296.art47|emag.3.1|lbi.art18|cf.art196|onu.art25|cf.art5.xiv|lai.art8.par3.viii;Elements must meet minimum color contrast ratio thresholds;"O contraste insuficiente é a barreira de comunicação mais prevalente e atinge diretamente a população idosa usuária do SUS; sua persistência em portal público caracteriza descumprimento continuado do art. 63, caput, da LBI e do art. 47 do Decreto 5.296/2004."
43db0d4a-b53b-4de7-bd7e-07ba364ef3a1;fixtures-local;Conjunto de validação sintético (golden set);2026-08-18T15:05:56.895617+00:00;http://127.0.0.1:8080/pages/contraste-e-cor.html;0;desktop-1366;probe.landmarks.no-skip-link;probe;incomplete;;moderado;2.4.1;2.4.1;operavel;A;1;cegueira|cognitiva_neurodivergencia|motora;lbi.art63.caput|lbi.art3.iv.d|lbi.art4|dec5296.art47|emag.3.1|lbi.art18|cf.art196|onu.art25|lbi.art3.i;Nenhum link de salto para o conteúdo principal foi encontrado.;A ausência de mecanismo de salto obriga a percorrer repetidamente blocos idênticos, esforço desproporcional vedado pelo conceito de acessibilidade com autonomia do art. 3º, I da LBI.
43db0d4a-b53b-4de7-bd7e-07ba364ef3a1;fixtures-local;Conjunto de validação sintético (golden set);2026-08-18T15:05:56.895617+00:00;http://127.0.0.1:8080/pages/formulario-sem-rotulos.html;1;mobile-320;select-name;axe-core;fail;critical;critico;4.1.2;4.1.2;robusto;A;1;cegueira|fala|motora;lbi.art63.caput|lbi.art3.iv.d|lbi.art4|dec5296.art47|emag.3.1|lbi.art18|cf.art196|onu.art25|lbi.art74|onu.art9;Select element must have an accessible name;Controle sem nome, função ou valor expostos simplesmente não existe para a tecnologia assistiva: o serviço é, para o usuário cego, inexistente. É a forma mais severa de barreira na informação do art. 3º, IV, 'd'.
43db0d4a-b53b-4de7-bd7e-07ba364ef3a1;fixtures-local;Conjunto de validação sintético (golden set);2026-08-18T15:05:56.895617+00:00;http://127.0.0.1:8080/pages/formulario-sem-rotulos.html;1;mobile-320;probe.landmarks.no-skip-link;probe;incomplete;;moderado;2.4.1;2.4.1;operavel;A;1;cegueira|cognitiva_neurodivergencia|motora;lbi.art63.caput|lbi.art3.iv.d|lbi.art4|dec5296.art47|emag.3.1|lbi.art18|cf.art196|onu.art25|lbi.art3.i;Nenhum link de salto para o conteúdo principal foi encontrado.;A ausência de mecanismo de salto obriga a percorrer repetidamente blocos idênticos, esforço desproporcional vedado pelo conceito de acessibilidade com autonomia do art. 3º, I da LBI.
43db0d4a-b53b-4de7-bd7e-07ba364ef3a1;fixtures-local;Conjunto de validação sintético (golden set);2026-08-18T15:05:56.895617+00:00;http://127.0.0.1:8080/pages/formulario-sem-rotulos.html;1;mobile-320;probe.placeholder-como-rotulo;probe;fail;serious;alto;3.3.2;3.3.2;compreensivel;A;3;baixa_visao|cegueira|cognitiva_neurodivergencia;lbi.art63.caput|lbi.art3.iv.d|lbi.art4|dec5296.art47|emag.3.1|lbi.art18|cf.art196|onu.art25|lbi.art74|lbi.art3.i;3 campo(s) de formulário são identificados apenas pelo texto de placeholder.;Campo sem rótulo programático torna indeterminável o dado solicitado, inviabilizando o preenchimento autônomo (art. 3º, I, LBI).
43db0d4a-b53b-4de7-bd7e-07ba364ef3a1;fixtures-local;Conjunto de validação sintético (golden set);2026-08-18T15:05:56.895617+00:00;http://127.0.0.1:8080/pages/formulario-sem-rotulos.html;1;mobile-320;probe.reflow-320;probe;fail;serious;alto;1.4.10;1.4.10;perceptivel;AA;3;baixa_visao|cognitiva_neurodivergencia|motora;lbi.art63.caput|lbi.art3.iv.d|lbi.art4|dec5296.art47|emag.3.1|lbi.art18|cf.art196|onu.art25|lei13460.art5;A página exige rolagem horizontal em tela de 320 px (9 px de transbordo).;"O acesso majoritário aos serviços públicos de saúde no Brasil se dá por telefone celular; a exigência de rolagem bidirecional em telas estreitas inviabiliza o uso e frustra o acesso universal do art. 196 da CF/88."
43db0d4a-b53b-4de7-bd7e-07ba364ef3a1;fixtures-local;Conjunto de validação sintético (golden set);2026-08-18T15:05:56.895617+00:00;http://127.0.0.1:8080/pages/formulario-sem-rotulos.html;1;desktop-1366;select-name;axe-core;fail;critical;critico;4.1.2;4.1.2;robusto;A;1;cegueira|fala|motora;lbi.art63.caput|lbi.art3.iv.d|lbi.art4|dec5296.art47|emag.3.1|lbi.art18|cf.art196|onu.art25|lbi.art74|onu.art9;Select element must have an accessible name;Controle sem nome, função ou valor expostos simplesmente não existe para a tecnologia assistiva: o serviço é, para o usuário cego, inexistente. É a forma mais severa de barreira na informação do art. 3º, IV, 'd'.
43db0d4a-b53b-4de7-bd7e-07ba364ef3a1;fixtures-local;Conjunto de validação sintético (golden set);2026-08-18T15:05:56.895617+00:00;http://127.0.0.1:8080/pages/formulario-sem-rotulos.html;1;desktop-1366;probe.landmarks.no-skip-link;probe;incomplete;;moderado;2.4.1;2.4.1;operavel;A;1;cegueira|cognitiva_neurodivergencia|motora;lbi.art63.caput|lbi.art3.iv.d|lbi.art4|dec5296.art47|emag.3.1|lbi.art18|cf.art196|onu.art25|lbi.art3.i;Nenhum link de salto para o conteúdo principal foi encontrado.;A ausência de mecanismo de salto obriga a percorrer repetidamente blocos idênticos, esforço desproporcional vedado pelo conceito de acessibilidade com autonomia do art. 3º, I da LBI.
43db0d4a-b53b-4de7-bd7e-07ba364ef3a1;fixtures-local;Conjunto de validação sintético (golden set);2026-08-18T15:05:56.895617+00:00;http://127.0.0.1:8080/pages/formulario-sem-rotulos.html;1;desktop-1366;probe.placeholder-como-rotulo;probe;fail;serious;alto;3.3.2;3.3.2;compreensivel;A;3;baixa_visao|cegueira|cognitiva_neurodivergencia;lbi.art63.caput|lbi.art3.iv.d|lbi.art4|dec5296.art47|emag.3.1|lbi.art18|cf.art196|onu.art25|lbi.art74|lbi.art3.i;3 campo(s) de formulário são identificados apenas pelo texto de placeholder.;Campo sem rótulo programático torna indeterminável o dado solicitado, inviabilizando o preenchimento autônomo (art. 3º, I, LBI).
43db0d4a-b53b-4de7-bd7e-07ba364ef3a1;fixtures-local;Conjunto de validação sintético (golden set);2026-08-18T15:05:56.895617+00:00;http://127.0.0.1:8080/pages/pagina-pesada.html;0;mobile-320;color-contrast;axe-core;incomplete;;alto;1.4.3;1.4.3;perceptivel;AA;3;baixa_visao|cognitiva_neurodivergencia|visao_de_cores;lbi.art63.caput|lbi.art3.iv.d|lbi.art4|dec5296.art47|emag.3.1|lbi.art18|cf.art196|onu.art25|cf.art5.xiv|lai.art8.par3.viii;Elements must meet minimum color contrast ratio thresholds;"O contraste insuficiente é a barreira de comunicação mais prevalente e atinge diretamente a população idosa usuária do SUS; sua persistência em portal público caracteriza descumprimento continuado do art. 63, caput, da LBI e do art. 47 do Decreto 5.296/2004."
43db0d4a-b53b-4de7-bd7e-07ba364ef3a1;fixtures-local;Conjunto de validação sintético (golden set);2026-08-18T15:05:56.895617+00:00;http://127.0.0.1:8080/pages/pagina-pesada.html;0;mobile-320;probe.landmarks.no-skip-link;probe;incomplete;;moderado;2.4.1;2.4.1;operavel;A;1;cegueira|cognitiva_neurodivergencia|motora;lbi.art63.caput|lbi.art3.iv.d|lbi.art4|dec5296.art47|emag.3.1|lbi.art18|cf.art196|onu.art25|lbi.art3.i;Nenhum link de salto para o conteúdo principal foi encontrado.;A ausência de mecanismo de salto obriga a percorrer repetidamente blocos idênticos, esforço desproporcional vedado pelo conceito de acessibilidade com autonomia do art. 3º, I da LBI.
43db0d4a-b53b-4de7-bd7e-07ba364ef3a1;fixtures-local;Conjunto de validação sintético (golden set);2026-08-18T15:05:56.895617+00:00;http://127.0.0.1:8080/pages/pagina-pesada.html;0;mobile-320;probe.reflow-320;probe;fail;serious;alto;1.4.10;1.4.10;perceptivel;AA;12;baixa_visao|cognitiva_neurodivergencia|motora;lbi.art63.caput|lbi.art3.iv.d|lbi.art4|dec5296.art47|emag.3.1|lbi.art18|cf.art196|onu.art25|lei13460.art5;A página exige rolagem horizontal em tela de 320 px (62 px de transbordo).;"O acesso majoritário aos serviços públicos de saúde no Brasil se dá por telefone celular; a exigência de rolagem bidirecional em telas estreitas inviabiliza o uso e frustra o acesso universal do art. 196 da CF/88."
43db0d4a-b53b-4de7-bd7e-07ba364ef3a1;fixtures-local;Conjunto de validação sintético (golden set);2026-08-18T15:05:56.895617+00:00;http://127.0.0.1:8080/pages/pagina-pesada.html;0;mobile-320;probe.data-cost;probe;fail;moderate;moderado;;;;;1;baixa_conectividade;cf.art196|lbi.art18|lei13460.art5|cf.art5.xiv;Um único acesso a esta página consome 3.40 MB, ou 0.033% da franquia mensal do plano de referência (1.0 centavo).;O custo de dados exigido para acessar o serviço digital de saúde transfere ao cidadão um ônus econômico como condição de exercício de direito fundamental. Quando esse ônus recai desproporcionalmente sobre a população de menor renda — a mesma que depende exclusivamente do SUS — o acesso deixa de ser universal e igualitário, em desacordo com o art. 196 da CF/88 e com o dever de informação adequada do art. 18, § 4º da Lei 13.146/2015. A parcela do tráfego destinada a terceiros agrava a situação: o usuário custeia recursos que não lhe prestam o serviço público solicitado.
43db0d4a-b53b-4de7-bd7e-07ba364ef3a1;fixtures-local;Conjunto de validação sintético (golden set);2026-08-18T15:05:56.895617+00:00;http://127.0.0.1:8080/pages/pagina-pesada.html;0;desktop-1366;probe.landmarks.no-skip-link;probe;incomplete;;moderado;2.4.1;2.4.1;operavel;A;1;cegueira|cognitiva_neurodivergencia|motora;lbi.art63.caput|lbi.art3.iv.d|lbi.art4|dec5296.art47|emag.3.1|lbi.art18|cf.art196|onu.art25|lbi.art3.i;Nenhum link de salto para o conteúdo principal foi encontrado.;A ausência de mecanismo de salto obriga a percorrer repetidamente blocos idênticos, esforço desproporcional vedado pelo conceito de acessibilidade com autonomia do art. 3º, I da LBI.
43db0d4a-b53b-4de7-bd7e-07ba364ef3a1;fixtures-local;Conjunto de validação sintético (golden set);2026-08-18T15:05:56.895617+00:00;http://127.0.0.1:8080/pages/pagina-pesada.html;0;desktop-1366;probe.data-cost;probe;fail;moderate;moderado;;;;;1;baixa_conectividade;cf.art196|lbi.art18|lei13460.art5|cf.art5.xiv;Um único acesso a esta página consome 3.40 MB, ou 0.033% da franquia mensal do plano de referência (1.0 centavo).;O custo de dados exigido para acessar o serviço digital de saúde transfere ao cidadão um ônus econômico como condição de exercício de direito fundamental. Quando esse ônus recai desproporcionalmente sobre a população de menor renda — a mesma que depende exclusivamente do SUS — o acesso deixa de ser universal e igualitário, em desacordo com o art. 196 da CF/88 e com o dever de informação adequada do art. 18, § 4º da Lei 13.146/2015. A parcela do tráfego destinada a terceiros agrava a situação: o usuário custeia recursos que não lhe prestam o serviço público solicitado.
a0fc8d4f-dad5-4bbd-938c-6d4c437f6bdc;fixtures-local;Conjunto de validação sintético (golden set);2026-08-18T03:42:23.810332+00:00;http://127.0.0.1:8080/pages/inacessivel-agendamento.html;1;mobile-320;color-contrast;axe-core;fail;serious;alto;1.4.3;1.4.3;perceptivel;AA;5;baixa_visao|cognitiva_neurodivergencia|visao_de_cores;lbi.art63.caput|lbi.art3.iv.d|lbi.art4|dec5296.art47|emag.3.1|lbi.art18|cf.art196|onu.art25|cf.art5.xiv|lai.art8.par3.viii;Elements must meet minimum color contrast ratio thresholds;"O contraste insuficiente é a barreira de comunicação mais prevalente e atinge diretamente a população idosa usuária do SUS; sua persistência em portal público caracteriza descumprimento continuado do art. 63, caput, da LBI e do art. 47 do Decreto 5.296/2004."
a0fc8d4f-dad5-4bbd-938c-6d4c437f6bdc;fixtures-local;Conjunto de validação sintético (golden set);2026-08-18T03:42:23.810332+00:00;http://127.0.0.1:8080/pages/inacessivel-agendamento.html;1;mobile-320;html-has-lang;axe-core;fail;serious;alto;3.1.1;3.1.1;compreensivel;A;1;cegueira|cognitiva_neurodivergencia;lbi.art63.caput|lbi.art3.iv.d|lbi.art4|dec5296.art47|emag.3.1|lbi.art18|cf.art196|onu.art25|lbi.art74|cf.art5.xiv|lai.art8.par3.viii;<html> element must have a lang attribute;Sem declaração de idioma, o sintetizador de voz pronuncia o português com fonética estrangeira e a informação em saúde se torna ininteligível — a informação é publicada, mas não é comunicada (art. 3º, IV, 'd', LBI).
a0fc8d4f-dad5-4bbd-938c-6d4c437f6bdc;fixtures-local;Conjunto de validação sintético (golden set);2026-08-18T03:42:23.810332+00:00;http://127.0.0.1:8080/pages/inacessivel-agendamento.html;1;mobile-320;image-alt;axe-core;fail;critical;alto;1.1.1;1.1.1;perceptivel;A;2;baixa_conectividade|baixa_visao|cegueira|cognitiva_neurodivergencia;lbi.art63.caput|lbi.art3.iv.d|lbi.art4|dec5296.art47|emag.3.1|lbi.art18|cf.art196|onu.art25|lbi.art74|cf.art5.xiv|lai.art8.par3.viii;Images must have alternative text;A ausência de alternativa textual configura barreira na comunicação e na informação (art. 3º, IV, 'd', LBI): o conteúdo existe juridicamente como informação pública, mas não é recebível pelo usuário cego, esvaziando o dever de transparência ativa do art. 8º, § 3º, VIII da LAI.
a0fc8d4f-dad5-4bbd-938c-6d4c437f6bdc;fixtures-local;Conjunto de validação sintético (golden set);2026-08-18T03:42:23.810332+00:00;http://127.0.0.1:8080/pages/inacessivel-agendamento.html;1;mobile-320;meta-refresh;axe-core;fail;critical;alto;2.2.1;2.2.1;operavel;A;1;baixa_conectividade|baixa_visao|cognitiva_neurodivergencia|motora;lbi.art63.caput|lbi.art3.iv.d|lbi.art4|dec5296.art47|emag.3.1|lbi.art18|cf.art196|onu.art25|lbi.art9.v;Delayed refresh under 20 hours must not be used;Prazos de sessão não ajustáveis penalizam quem opera mais lentamente por deficiência ou por conexão precária, produzindo discriminação indireta (art. 4º, § 1º, LBI).
a0fc8d4f-dad5-4bbd-938c-6d4c437f6bdc;fixtures-local;Conjunto de validação sintético (golden set);2026-08-18T03:42:23.810332+00:00;http://127.0.0.1:8080/pages/inacessivel-agendamento.html;1;mobile-320;meta-viewport;axe-core;fail;moderate;alto;1.4.4;1.4.4;perceptivel;AA;1;baixa_visao|cognitiva_neurodivergencia;lbi.art63.caput|lbi.art3.iv.d|lbi.art4|dec5296.art47|emag.3.1|lbi.art18|cf.art196|onu.art25;Zooming and scaling must not be disabled;O bloqueio de ampliação nega adaptação razoável, conduta equiparada a discriminação pelo art. 4º, § 1º da LBI.
a0fc8d4f-dad5-4bbd-938c-6d4c437f6bdc;fixtures-local;Conjunto de validação sintético (golden set);2026-08-18T03:42:23.810332+00:00;http://127.0.0.1:8080/pages/inacessivel-agendamento.html;1;mobile-320;select-name;axe-core;fail;critical;critico;4.1.2;4.1.2;robusto;A;1;cegueira|fala|motora;lbi.art63.caput|lbi.art3.iv.d|lbi.art4|dec5296.art47|emag.3.1|lbi.art18|cf.art196|onu.art25|lbi.art74|onu.art9;Select element must have an accessible name;Controle sem nome, função ou valor expostos simplesmente não existe para a tecnologia assistiva: o serviço é, para o usuário cego, inexistente. É a forma mais severa de barreira na informação do art. 3º, IV, 'd'.
a0fc8d4f-dad5-4bbd-938c-6d4c437f6bdc;fixtures-local;Conjunto de validação sintético (golden set);2026-08-18T03:42:23.810332+00:00;http://127.0.0.1:8080/pages/inacessivel-agendamento.html;1;mobile-320;color-contrast;axe-core;incomplete;;alto;1.4.3;1.4.3;perceptivel;AA;4;baixa_visao|cognitiva_neurodivergencia|visao_de_cores;lbi.art63.caput|lbi.art3.iv.d|lbi.art4|dec5296.art47|emag.3.1|lbi.art18|cf.art196|onu.art25|cf.art5.xiv|lai.art8.par3.viii;Elements must meet minimum color contrast ratio thresholds;"O contraste insuficiente é a barreira de comunicação mais prevalente e atinge diretamente a população idosa usuária do SUS; sua persistência em portal público caracteriza descumprimento continuado do art. 63, caput, da LBI e do art. 47 do Decreto 5.296/2004."
a0fc8d4f-dad5-4bbd-938c-6d4c437f6bdc;fixtures-local;Conjunto de validação sintético (golden set);2026-08-18T03:42:23.810332+00:00;http://127.0.0.1:8080/pages/inacessivel-agendamento.html;1;mobile-320;duplicate-id-aria;axe-core;incomplete;;critico;4.1.2;4.1.2;robusto;A;1;cegueira|fala|motora;lbi.art63.caput|lbi.art3.iv.d|lbi.art4|dec5296.art47|emag.3.1|lbi.art18|cf.art196|onu.art25|lbi.art74|onu.art9;IDs used in ARIA and labels must be unique;Controle sem nome, função ou valor expostos simplesmente não existe para a tecnologia assistiva: o serviço é, para o usuário cego, inexistente. É a forma mais severa de barreira na informação do art. 3º, IV, 'd'.
a0fc8d4f-dad5-4bbd-938c-6d4c437f6bdc;fixtures-local;Conjunto de validação sintético (golden set);2026-08-18T03:42:23.810332+00:00;http://127.0.0.1:8080/pages/inacessivel-agendamento.html;1;mobile-320;video-caption;axe-core;incomplete;;alto;1.2.2;1.2.2;perceptivel;A;1;surdez;lbi.art63.caput|lbi.art3.iv.d|lbi.art4|dec5296.art47|emag.3.1|lbi.art18|cf.art196|onu.art25|dec5626.art26;<video> elements must have captions;Vídeo de orientação em saúde sem legenda nega à pessoa surda o acesso à informação sanitária, violando o art. 26 do Decreto 5.626/2005 e o direito à atenção integral do art. 18 da LBI.
a0fc8d4f-dad5-4bbd-938c-6d4c437f6bdc;fixtures-local;Conjunto de validação sintético (golden set);2026-08-18T03:42:23.810332+00:00;http://127.0.0.1:8080/pages/inacessivel-agendamento.html;1;mobile-320;no-autoplay-audio;axe-core;incomplete;;moderado;1.4.2;1.4.2;perceptivel;A;1;cegueira|cognitiva_neurodivergencia;lbi.art63.caput|lbi.art3.iv.d|lbi.art4|dec5296.art47|emag.3.1|lbi.art18|cf.art196|onu.art25|lbi.art74;<video> or <audio> elements must not play automatically;Áudio automático interfere na tecnologia assistiva, obstruindo o acesso garantido pelo art. 74 da LBI.
a0fc8d4f-dad5-4bbd-938c-6d4c437f6bdc;fixtures-local;Conjunto de validação sintético (golden set);2026-08-18T03:42:23.810332+00:00;http://127.0.0.1:8080/pages/inacessivel-agendamento.html;1;mobile-320;probe.page-language.missing;probe;fail;serious;alto;3.1.1;3.1.1;compreensivel;A;1;cegueira|cognitiva_neurodivergencia;lbi.art63.caput|lbi.art3.iv.d|lbi.art4|dec5296.art47|emag.3.1|lbi.art18|cf.art196|onu.art25|lbi.art74|cf.art5.xiv|lai.art8.par3.viii;O documento não declara o idioma (atributo lang ausente).;Sem declaração de idioma, o sintetizador de voz pronuncia o português com fonética estrangeira e a informação em saúde se torna ininteligível — a informação é publicada, mas não é comunicada (art. 3º, IV, 'd', LBI).
a0fc8d4f-dad5-4bbd-938c-6d4c437f6bdc;fixtures-local;Conjunto de validação sintético (golden set);2026-08-18T03:42:23.810332+00:00;http://127.0.0.1:8080/pages/inacessivel-agendamento.html;1;mobile-320;probe.landmarks.no-main;probe;fail;serious;alto;1.3.1;1.3.1;perceptivel;A;1;baixa_visao|cegueira|cognitiva_neurodivergencia;lbi.art63.caput|lbi.art3.iv.d|lbi.art4|dec5296.art47|emag.3.1|lbi.art18|cf.art196|onu.art25|lbi.art74;A página não declara marco de conteúdo principal (<main>).;"Sem estrutura semântica, a tecnologia assistiva não consegue reconstruir a relação entre rótulo e dado; o art. 74 da LBI assegura o acesso a tecnologias assistivas, o que pressupõe conteúdo com elas compatível."
a0fc8d4f-dad5-4bbd-938c-6d4c437f6bdc;fixtures-local;Conjunto de validação sintético (golden set);2026-08-18T03:42:23.810332+00:00;http://127.0.0.1:8080/pages/inacessivel-agendamento.html;1;mobile-320;probe.landmarks.no-skip-link;probe;fail;moderate;moderado;2.4.1;2.4.1;operavel;A;1;cegueira|cognitiva_neurodivergencia|motora;lbi.art63.caput|lbi.art3.iv.d|lbi.art4|dec5296.art47|emag.3.1|lbi.art18|cf.art196|onu.art25|lbi.art3.i;Nenhum link de salto para o conteúdo principal foi encontrado.;A ausência de mecanismo de salto obriga a percorrer repetidamente blocos idênticos, esforço desproporcional vedado pelo conceito de acessibilidade com autonomia do art. 3º, I da LBI.
a0fc8d4f-dad5-4bbd-938c-6d4c437f6bdc;fixtures-local;Conjunto de validação sintético (golden set);2026-08-18T03:42:23.810332+00:00;http://127.0.0.1:8080/pages/inacessivel-agendamento.html;1;mobile-320;probe.heading-structure.none;probe;fail;serious;alto;1.3.1|2.4.6;1.3.1;perceptivel;A;1;baixa_visao|cegueira|cognitiva_neurodivergencia;lbi.art63.caput|lbi.art3.iv.d|lbi.art4|dec5296.art47|emag.3.1|lbi.art18|cf.art196|onu.art25|lbi.art74|cf.art5.xiv|lai.art8.par3.viii;A página não possui nenhum cabeçalho.;"Sem estrutura semântica, a tecnologia assistiva não consegue reconstruir a relação entre rótulo e dado; o art. 74 da LBI assegura o acesso a tecnologias assistivas, o que pressupõe conteúdo com elas compatível."
a0fc8d4f-dad5-4bbd-938c-6d4c437f6bdc;fixtures-local;Conjunto de validação sintético (golden set);2026-08-18T03:42:23.810332+00:00;http://127.0.0.1:8080/pages/inacessivel-agendamento.html;1;mobile-320;probe.id-duplicado;probe;fail;serious;alto;4.1.1;4.1.1;robusto;A;1;cegueira|cognitiva_neurodivergencia|motora;lbi.art63.caput|lbi.art3.iv.d|lbi.art4|dec5296.art47|emag.3.1|lbi.art18|cf.art196|onu.art25|lbi.art74;1 identificador(es) duplicado(s) quebram associações de rótulo ou de descrição.;Marcação malformada produz comportamento imprevisível em tecnologia assistiva, comprometendo a interoperabilidade pressuposta pelo art. 74.
a0fc8d4f-dad5-4bbd-938c-6d4c437f6bdc;fixtures-local;Conjunto de validação sintético (golden set);2026-08-18T03:42:23.810332+00:00;http://127.0.0.1:8080/pages/inacessivel-agendamento.html;1;mobile-320;probe.id-duplicado.inerte;probe;incomplete;;baixo;4.1.1;4.1.1;robusto;A;1;cegueira|cognitiva_neurodivergencia|motora;lbi.art63.caput|lbi.art3.iv.d|lbi.art4|dec5296.art47|emag.3.1|lbi.art18|cf.art196|onu.art25|lbi.art74;1 identificador(es) duplicado(s) sem referência associada.;Marcação malformada produz comportamento imprevisível em tecnologia assistiva, comprometendo a interoperabilidade pressuposta pelo art. 74.
a0fc8d4f-dad5-4bbd-938c-6d4c437f6bdc;fixtures-local;Conjunto de validação sintético (golden set);2026-08-18T03:42:23.810332+00:00;http://127.0.0.1:8080/pages/inacessivel-agendamento.html;1;mobile-320;probe.non-interactive-control;probe;fail;critical;critico;2.1.1|4.1.2;2.1.1;operavel;A;2;cegueira|motora;lbi.art63.caput|lbi.art3.iv.d|lbi.art4|dec5296.art47|emag.3.1|lbi.art18|cf.art196|onu.art25|lbi.art74|onu.art9|lbi.art3.i;2 elemento(s) respondem ao clique do mouse mas não são alcançáveis por teclado.;A construção de controles inacessíveis por teclado impede integralmente o uso do serviço por pessoas com deficiência motora e por usuários de leitor de tela, sem qualquer rota alternativa. Configura barreira absoluta na comunicação e na informação (art. 3º, IV, 'd', LBI), violação direta do dever de acessibilidade dos sítios de órgãos de governo (art. 63, caput, LBI) e descumprimento do art. 9 da Convenção sobre os Direitos das Pessoas com Deficiência, que tem hierarquia de emenda constitucional.
a0fc8d4f-dad5-4bbd-938c-6d4c437f6bdc;fixtures-local;Conjunto de validação sintético (golden set);2026-08-18T03:42:23.810332+00:00;http://127.0.0.1:8080/pages/inacessivel-agendamento.html;1;mobile-320;probe.positive-tabindex;probe;fail;moderate;alto;2.4.3;2.4.3;operavel;A;3;cegueira|cognitiva_neurodivergencia|motora;lbi.art63.caput|lbi.art3.iv.d|lbi.art4|dec5296.art47|emag.3.1|lbi.art18|cf.art196|onu.art25;3 elemento(s) usam tabindex positivo, alterando a ordem natural de tabulação.;Ordem de foco incoerente induz erro na submissão de dados de saúde, com risco de agendamento equivocado — dano ao acesso ao serviço.
a0fc8d4f-dad5-4bbd-938c-6d4c437f6bdc;fixtures-local;Conjunto de validação sintético (golden set);2026-08-18T03:42:23.810332+00:00;http://127.0.0.1:8080/pages/inacessivel-agendamento.html;1;mobile-320;probe.focus-visible;probe;fail;serious;alto;2.4.7;2.4.7;operavel;AA;4;baixa_visao|cognitiva_neurodivergencia|motora;lbi.art63.caput|lbi.art3.iv.d|lbi.art4|dec5296.art47|emag.3.1|lbi.art18|cf.art196|onu.art25|lbi.art3.i;4 controle(s) não exibem indicador de foco: o contorno está suprimido e nenhuma outra mudança visual ocorre.;A supressão do indicador de foco cega o usuário de teclado quanto à sua posição, impedindo o uso com segurança (art. 3º, I, LBI).
a0fc8d4f-dad5-4bbd-938c-6d4c437f6bdc;fixtures-local;Conjunto de validação sintético (golden set);2026-08-18T03:42:23.810332+00:00;http://127.0.0.1:8080/pages/inacessivel-agendamento.html;1;mobile-320;probe.placeholder-como-rotulo;probe;fail;serious;alto;3.3.2;3.3.2;compreensivel;A;3;baixa_visao|cegueira|cognitiva_neurodivergencia;lbi.art63.caput|lbi.art3.iv.d|lbi.art4|dec5296.art47|emag.3.1|lbi.art18|cf.art196|onu.art25|lbi.art74|lbi.art3.i;3 campo(s) de formulário são identificados apenas pelo texto de placeholder.;Campo sem rótulo programático torna indeterminável o dado solicitado, inviabilizando o preenchimento autônomo (art. 3º, I, LBI).
a0fc8d4f-dad5-4bbd-938c-6d4c437f6bdc;fixtures-local;Conjunto de validação sintético (golden set);2026-08-18T03:42:23.810332+00:00;http://127.0.0.1:8080/pages/inacessivel-agendamento.html;1;mobile-320;probe.reflow-320;probe;fail;serious;alto;1.4.10;1.4.10;perceptivel;AA;12;baixa_visao|cognitiva_neurodivergencia|motora;lbi.art63.caput|lbi.art3.iv.d|lbi.art4|dec5296.art47|emag.3.1|lbi.art18|cf.art196|onu.art25|lei13460.art5;A página exige rolagem horizontal em tela de 320 px (590 px de transbordo).;"O acesso majoritário aos serviços públicos de saúde no Brasil se dá por telefone celular; a exigência de rolagem bidirecional em telas estreitas inviabiliza o uso e frustra o acesso universal do art. 196 da CF/88."
a0fc8d4f-dad5-4bbd-938c-6d4c437f6bdc;fixtures-local;Conjunto de validação sintético (golden set);2026-08-18T03:42:23.810332+00:00;http://127.0.0.1:8080/pages/inacessivel-agendamento.html;1;mobile-320;probe.zoom-lock;probe;fail;serious;alto;1.4.4;1.4.4;perceptivel;AA;1;baixa_visao|cognitiva_neurodivergencia;lbi.art63.caput|lbi.art3.iv.d|lbi.art4|dec5296.art47|emag.3.1|lbi.art18|cf.art196|onu.art25;A página bloqueia a ampliação pelo usuário.;O bloqueio de ampliação nega adaptação razoável, conduta equiparada a discriminação pelo art. 4º, § 1º da LBI.
a0fc8d4f-dad5-4bbd-938c-6d4c437f6bdc;fixtures-local;Conjunto de validação sintético (golden set);2026-08-18T03:42:23.810332+00:00;http://127.0.0.1:8080/pages/inacessivel-agendamento.html;1;mobile-320;probe.captions.video-without-track;probe;fail;serious;alto;1.2.2;1.2.2;perceptivel;A;1;surdez;lbi.art63.caput|lbi.art3.iv.d|lbi.art4|dec5296.art47|emag.3.1|lbi.art18|cf.art196|onu.art25|dec5626.art26;1 vídeo(s) sem faixa de legenda declarada.;Vídeo de orientação em saúde sem legenda nega à pessoa surda o acesso à informação sanitária, violando o art. 26 do Decreto 5.626/2005 e o direito à atenção integral do art. 18 da LBI.
a0fc8d4f-dad5-4bbd-938c-6d4c437f6bdc;fixtures-local;Conjunto de validação sintético (golden set);2026-08-18T03:42:23.810332+00:00;http://127.0.0.1:8080/pages/inacessivel-agendamento.html;1;mobile-320;probe.captions.audio-transcript;probe;incomplete;;moderado;1.2.1;1.2.1;perceptivel;A;1;baixa_conectividade|cegueira|surdez;lbi.art63.caput|lbi.art3.iv.d|lbi.art4|dec5296.art47|emag.3.1|lbi.art18|cf.art196|onu.art25|dec5626.art26|cf.art5.xiv|lai.art8.par3.viii;1 elemento(s) de áudio requerem verificação de transcrição.;Conteúdo audiovisual sem alternativa acessível descumpre o dever de oferta de comunicação e informação adequadas do art. 18, § 4º da LBI.
a0fc8d4f-dad5-4bbd-938c-6d4c437f6bdc;fixtures-local;Conjunto de validação sintético (golden set);2026-08-18T03:42:23.810332+00:00;http://127.0.0.1:8080/pages/inacessivel-agendamento.html;1;mobile-320;probe.autoplay;probe;fail;serious;moderado;1.4.2|2.2.2;1.4.2;perceptivel;A;1;cegueira|cognitiva_neurodivergencia;lbi.art63.caput|lbi.art3.iv.d|lbi.art4|dec5296.art47|emag.3.1|lbi.art18|cf.art196|onu.art25|lbi.art74;1 mídia(s) com reprodução automática audível, das quais 1 sem controles.;Áudio automático interfere na tecnologia assistiva, obstruindo o acesso garantido pelo art. 74 da LBI.
a0fc8d4f-dad5-4bbd-938c-6d4c437f6bdc;fixtures-local;Conjunto de validação sintético (golden set);2026-08-18T03:42:23.810332+00:00;http://127.0.0.1:8080/pages/inacessivel-agendamento.html;1;mobile-320;probe.meta-refresh;probe;fail;serious;alto;2.2.1;2.2.1;operavel;A;1;baixa_conectividade|baixa_visao|cognitiva_neurodivergencia|motora;lbi.art63.caput|lbi.art3.iv.d|lbi.art4|dec5296.art47|emag.3.1|lbi.art18|cf.art196|onu.art25|lbi.art9.v;A página se atualiza ou redireciona automaticamente.;Prazos de sessão não ajustáveis penalizam quem opera mais lentamente por deficiência ou por conexão precária, produzindo discriminação indireta (art. 4º, § 1º, LBI).
a0fc8d4f-dad5-4bbd-938c-6d4c437f6bdc;fixtures-local;Conjunto de validação sintético (golden set);2026-08-18T03:42:23.810332+00:00;http://127.0.0.1:8080/pages/inacessivel-agendamento.html;1;desktop-1366;color-contrast;axe-core;fail;serious;alto;1.4.3;1.4.3;perceptivel;AA;5;baixa_visao|cognitiva_neurodivergencia|visao_de_cores;lbi.art63.caput|lbi.art3.iv.d|lbi.art4|dec5296.art47|emag.3.1|lbi.art18|cf.art196|onu.art25|cf.art5.xiv|lai.art8.par3.viii;Elements must meet minimum color contrast ratio thresholds;"O contraste insuficiente é a barreira de comunicação mais prevalente e atinge diretamente a população idosa usuária do SUS; sua persistência em portal público caracteriza descumprimento continuado do art. 63, caput, da LBI e do art. 47 do Decreto 5.296/2004."
a0fc8d4f-dad5-4bbd-938c-6d4c437f6bdc;fixtures-local;Conjunto de validação sintético (golden set);2026-08-18T03:42:23.810332+00:00;http://127.0.0.1:8080/pages/inacessivel-agendamento.html;1;desktop-1366;html-has-lang;axe-core;fail;serious;alto;3.1.1;3.1.1;compreensivel;A;1;cegueira|cognitiva_neurodivergencia;lbi.art63.caput|lbi.art3.iv.d|lbi.art4|dec5296.art47|emag.3.1|lbi.art18|cf.art196|onu.art25|lbi.art74|cf.art5.xiv|lai.art8.par3.viii;<html> element must have a lang attribute;Sem declaração de idioma, o sintetizador de voz pronuncia o português com fonética estrangeira e a informação em saúde se torna ininteligível — a informação é publicada, mas não é comunicada (art. 3º, IV, 'd', LBI).
a0fc8d4f-dad5-4bbd-938c-6d4c437f6bdc;fixtures-local;Conjunto de validação sintético (golden set);2026-08-18T03:42:23.810332+00:00;http://127.0.0.1:8080/pages/inacessivel-agendamento.html;1;desktop-1366;image-alt;axe-core;fail;critical;alto;1.1.1;1.1.1;perceptivel;A;2;baixa_conectividade|baixa_visao|cegueira|cognitiva_neurodivergencia;lbi.art63.caput|lbi.art3.iv.d|lbi.art4|dec5296.art47|emag.3.1|lbi.art18|cf.art196|onu.art25|lbi.art74|cf.art5.xiv|lai.art8.par3.viii;Images must have alternative text;A ausência de alternativa textual configura barreira na comunicação e na informação (art. 3º, IV, 'd', LBI): o conteúdo existe juridicamente como informação pública, mas não é recebível pelo usuário cego, esvaziando o dever de transparência ativa do art. 8º, § 3º, VIII da LAI.
a0fc8d4f-dad5-4bbd-938c-6d4c437f6bdc;fixtures-local;Conjunto de validação sintético (golden set);2026-08-18T03:42:23.810332+00:00;http://127.0.0.1:8080/pages/inacessivel-agendamento.html;1;desktop-1366;meta-refresh;axe-core;fail;critical;alto;2.2.1;2.2.1;operavel;A;1;baixa_conectividade|baixa_visao|cognitiva_neurodivergencia|motora;lbi.art63.caput|lbi.art3.iv.d|lbi.art4|dec5296.art47|emag.3.1|lbi.art18|cf.art196|onu.art25|lbi.art9.v;Delayed refresh under 20 hours must not be used;Prazos de sessão não ajustáveis penalizam quem opera mais lentamente por deficiência ou por conexão precária, produzindo discriminação indireta (art. 4º, § 1º, LBI).
a0fc8d4f-dad5-4bbd-938c-6d4c437f6bdc;fixtures-local;Conjunto de validação sintético (golden set);2026-08-18T03:42:23.810332+00:00;http://127.0.0.1:8080/pages/inacessivel-agendamento.html;1;desktop-1366;meta-viewport;axe-core;fail;moderate;alto;1.4.4;1.4.4;perceptivel;AA;1;baixa_visao|cognitiva_neurodivergencia;lbi.art63.caput|lbi.art3.iv.d|lbi.art4|dec5296.art47|emag.3.1|lbi.art18|cf.art196|onu.art25;Zooming and scaling must not be disabled;O bloqueio de ampliação nega adaptação razoável, conduta equiparada a discriminação pelo art. 4º, § 1º da LBI.
a0fc8d4f-dad5-4bbd-938c-6d4c437f6bdc;fixtures-local;Conjunto de validação sintético (golden set);2026-08-18T03:42:23.810332+00:00;http://127.0.0.1:8080/pages/inacessivel-agendamento.html;1;desktop-1366;select-name;axe-core;fail;critical;critico;4.1.2;4.1.2;robusto;A;1;cegueira|fala|motora;lbi.art63.caput|lbi.art3.iv.d|lbi.art4|dec5296.art47|emag.3.1|lbi.art18|cf.art196|onu.art25|lbi.art74|onu.art9;Select element must have an accessible name;Controle sem nome, função ou valor expostos simplesmente não existe para a tecnologia assistiva: o serviço é, para o usuário cego, inexistente. É a forma mais severa de barreira na informação do art. 3º, IV, 'd'.
a0fc8d4f-dad5-4bbd-938c-6d4c437f6bdc;fixtures-local;Conjunto de validação sintético (golden set);2026-08-18T03:42:23.810332+00:00;http://127.0.0.1:8080/pages/inacessivel-agendamento.html;1;desktop-1366;color-contrast;axe-core;incomplete;;alto;1.4.3;1.4.3;perceptivel;AA;2;baixa_visao|cognitiva_neurodivergencia|visao_de_cores;lbi.art63.caput|lbi.art3.iv.d|lbi.art4|dec5296.art47|emag.3.1|lbi.art18|cf.art196|onu.art25|cf.art5.xiv|lai.art8.par3.viii;Elements must meet minimum color contrast ratio thresholds;"O contraste insuficiente é a barreira de comunicação mais prevalente e atinge diretamente a população idosa usuária do SUS; sua persistência em portal público caracteriza descumprimento continuado do art. 63, caput, da LBI e do art. 47 do Decreto 5.296/2004."
a0fc8d4f-dad5-4bbd-938c-6d4c437f6bdc;fixtures-local;Conjunto de validação sintético (golden set);2026-08-18T03:42:23.810332+00:00;http://127.0.0.1:8080/pages/inacessivel-agendamento.html;1;desktop-1366;duplicate-id-aria;axe-core;incomplete;;critico;4.1.2;4.1.2;robusto;A;1;cegueira|fala|motora;lbi.art63.caput|lbi.art3.iv.d|lbi.art4|dec5296.art47|emag.3.1|lbi.art18|cf.art196|onu.art25|lbi.art74|onu.art9;IDs used in ARIA and labels must be unique;Controle sem nome, função ou valor expostos simplesmente não existe para a tecnologia assistiva: o serviço é, para o usuário cego, inexistente. É a forma mais severa de barreira na informação do art. 3º, IV, 'd'.
a0fc8d4f-dad5-4bbd-938c-6d4c437f6bdc;fixtures-local;Conjunto de validação sintético (golden set);2026-08-18T03:42:23.810332+00:00;http://127.0.0.1:8080/pages/inacessivel-agendamento.html;1;desktop-1366;video-caption;axe-core;incomplete;;alto;1.2.2;1.2.2;perceptivel;A;1;surdez;lbi.art63.caput|lbi.art3.iv.d|lbi.art4|dec5296.art47|emag.3.1|lbi.art18|cf.art196|onu.art25|dec5626.art26;<video> elements must have captions;Vídeo de orientação em saúde sem legenda nega à pessoa surda o acesso à informação sanitária, violando o art. 26 do Decreto 5.626/2005 e o direito à atenção integral do art. 18 da LBI.
a0fc8d4f-dad5-4bbd-938c-6d4c437f6bdc;fixtures-local;Conjunto de validação sintético (golden set);2026-08-18T03:42:23.810332+00:00;http://127.0.0.1:8080/pages/inacessivel-agendamento.html;1;desktop-1366;no-autoplay-audio;axe-core;incomplete;;moderado;1.4.2;1.4.2;perceptivel;A;1;cegueira|cognitiva_neurodivergencia;lbi.art63.caput|lbi.art3.iv.d|lbi.art4|dec5296.art47|emag.3.1|lbi.art18|cf.art196|onu.art25|lbi.art74;<video> or <audio> elements must not play automatically;Áudio automático interfere na tecnologia assistiva, obstruindo o acesso garantido pelo art. 74 da LBI.
a0fc8d4f-dad5-4bbd-938c-6d4c437f6bdc;fixtures-local;Conjunto de validação sintético (golden set);2026-08-18T03:42:23.810332+00:00;http://127.0.0.1:8080/pages/inacessivel-agendamento.html;1;desktop-1366;probe.page-language.missing;probe;fail;serious;alto;3.1.1;3.1.1;compreensivel;A;1;cegueira|cognitiva_neurodivergencia;lbi.art63.caput|lbi.art3.iv.d|lbi.art4|dec5296.art47|emag.3.1|lbi.art18|cf.art196|onu.art25|lbi.art74|cf.art5.xiv|lai.art8.par3.viii;O documento não declara o idioma (atributo lang ausente).;Sem declaração de idioma, o sintetizador de voz pronuncia o português com fonética estrangeira e a informação em saúde se torna ininteligível — a informação é publicada, mas não é comunicada (art. 3º, IV, 'd', LBI).
a0fc8d4f-dad5-4bbd-938c-6d4c437f6bdc;fixtures-local;Conjunto de validação sintético (golden set);2026-08-18T03:42:23.810332+00:00;http://127.0.0.1:8080/pages/inacessivel-agendamento.html;1;desktop-1366;probe.landmarks.no-main;probe;fail;serious;alto;1.3.1;1.3.1;perceptivel;A;1;baixa_visao|cegueira|cognitiva_neurodivergencia;lbi.art63.caput|lbi.art3.iv.d|lbi.art4|dec5296.art47|emag.3.1|lbi.art18|cf.art196|onu.art25|lbi.art74;A página não declara marco de conteúdo principal (<main>).;"Sem estrutura semântica, a tecnologia assistiva não consegue reconstruir a relação entre rótulo e dado; o art. 74 da LBI assegura o acesso a tecnologias assistivas, o que pressupõe conteúdo com elas compatível."
a0fc8d4f-dad5-4bbd-938c-6d4c437f6bdc;fixtures-local;Conjunto de validação sintético (golden set);2026-08-18T03:42:23.810332+00:00;http://127.0.0.1:8080/pages/inacessivel-agendamento.html;1;desktop-1366;probe.landmarks.no-skip-link;probe;fail;moderate;moderado;2.4.1;2.4.1;operavel;A;1;cegueira|cognitiva_neurodivergencia|motora;lbi.art63.caput|lbi.art3.iv.d|lbi.art4|dec5296.art47|emag.3.1|lbi.art18|cf.art196|onu.art25|lbi.art3.i;Nenhum link de salto para o conteúdo principal foi encontrado.;A ausência de mecanismo de salto obriga a percorrer repetidamente blocos idênticos, esforço desproporcional vedado pelo conceito de acessibilidade com autonomia do art. 3º, I da LBI.
a0fc8d4f-dad5-4bbd-938c-6d4c437f6bdc;fixtures-local;Conjunto de validação sintético (golden set);2026-08-18T03:42:23.810332+00:00;http://127.0.0.1:8080/pages/inacessivel-agendamento.html;1;desktop-1366;probe.heading-structure.none;probe;fail;serious;alto;1.3.1|2.4.6;1.3.1;perceptivel;A;1;baixa_visao|cegueira|cognitiva_neurodivergencia;lbi.art63.caput|lbi.art3.iv.d|lbi.art4|dec5296.art47|emag.3.1|lbi.art18|cf.art196|onu.art25|lbi.art74|cf.art5.xiv|lai.art8.par3.viii;A página não possui nenhum cabeçalho.;"Sem estrutura semântica, a tecnologia assistiva não consegue reconstruir a relação entre rótulo e dado; o art. 74 da LBI assegura o acesso a tecnologias assistivas, o que pressupõe conteúdo com elas compatível."
a0fc8d4f-dad5-4bbd-938c-6d4c437f6bdc;fixtures-local;Conjunto de validação sintético (golden set);2026-08-18T03:42:23.810332+00:00;http://127.0.0.1:8080/pages/inacessivel-agendamento.html;1;desktop-1366;probe.id-duplicado;probe;fail;serious;alto;4.1.1;4.1.1;robusto;A;1;cegueira|cognitiva_neurodivergencia|motora;lbi.art63.caput|lbi.art3.iv.d|lbi.art4|dec5296.art47|emag.3.1|lbi.art18|cf.art196|onu.art25|lbi.art74;1 identificador(es) duplicado(s) quebram associações de rótulo ou de descrição.;Marcação malformada produz comportamento imprevisível em tecnologia assistiva, comprometendo a interoperabilidade pressuposta pelo art. 74.
a0fc8d4f-dad5-4bbd-938c-6d4c437f6bdc;fixtures-local;Conjunto de validação sintético (golden set);2026-08-18T03:42:23.810332+00:00;http://127.0.0.1:8080/pages/inacessivel-agendamento.html;1;desktop-1366;probe.id-duplicado.inerte;probe;incomplete;;baixo;4.1.1;4.1.1;robusto;A;1;cegueira|cognitiva_neurodivergencia|motora;lbi.art63.caput|lbi.art3.iv.d|lbi.art4|dec5296.art47|emag.3.1|lbi.art18|cf.art196|onu.art25|lbi.art74;1 identificador(es) duplicado(s) sem referência associada.;Marcação malformada produz comportamento imprevisível em tecnologia assistiva, comprometendo a interoperabilidade pressuposta pelo art. 74.
a0fc8d4f-dad5-4bbd-938c-6d4c437f6bdc;fixtures-local;Conjunto de validação sintético (golden set);2026-08-18T03:42:23.810332+00:00;http://127.0.0.1:8080/pages/inacessivel-agendamento.html;1;desktop-1366;probe.non-interactive-control;probe;fail;critical;critico;2.1.1|4.1.2;2.1.1;operavel;A;2;cegueira|motora;lbi.art63.caput|lbi.art3.iv.d|lbi.art4|dec5296.art47|emag.3.1|lbi.art18|cf.art196|onu.art25|lbi.art74|onu.art9|lbi.art3.i;2 elemento(s) respondem ao clique do mouse mas não são alcançáveis por teclado.;A construção de controles inacessíveis por teclado impede integralmente o uso do serviço por pessoas com deficiência motora e por usuários de leitor de tela, sem qualquer rota alternativa. Configura barreira absoluta na comunicação e na informação (art. 3º, IV, 'd', LBI), violação direta do dever de acessibilidade dos sítios de órgãos de governo (art. 63, caput, LBI) e descumprimento do art. 9 da Convenção sobre os Direitos das Pessoas com Deficiência, que tem hierarquia de emenda constitucional.
a0fc8d4f-dad5-4bbd-938c-6d4c437f6bdc;fixtures-local;Conjunto de validação sintético (golden set);2026-08-18T03:42:23.810332+00:00;http://127.0.0.1:8080/pages/inacessivel-agendamento.html;1;desktop-1366;probe.positive-tabindex;probe;fail;moderate;alto;2.4.3;2.4.3;operavel;A;3;cegueira|cognitiva_neurodivergencia|motora;lbi.art63.caput|lbi.art3.iv.d|lbi.art4|dec5296.art47|emag.3.1|lbi.art18|cf.art196|onu.art25;3 elemento(s) usam tabindex positivo, alterando a ordem natural de tabulação.;Ordem de foco incoerente induz erro na submissão de dados de saúde, com risco de agendamento equivocado — dano ao acesso ao serviço.
a0fc8d4f-dad5-4bbd-938c-6d4c437f6bdc;fixtures-local;Conjunto de validação sintético (golden set);2026-08-18T03:42:23.810332+00:00;http://127.0.0.1:8080/pages/inacessivel-agendamento.html;1;desktop-1366;probe.focus-visible;probe;fail;serious;alto;2.4.7;2.4.7;operavel;AA;4;baixa_visao|cognitiva_neurodivergencia|motora;lbi.art63.caput|lbi.art3.iv.d|lbi.art4|dec5296.art47|emag.3.1|lbi.art18|cf.art196|onu.art25|lbi.art3.i;4 controle(s) não exibem indicador de foco: o contorno está suprimido e nenhuma outra mudança visual ocorre.;A supressão do indicador de foco cega o usuário de teclado quanto à sua posição, impedindo o uso com segurança (art. 3º, I, LBI).
a0fc8d4f-dad5-4bbd-938c-6d4c437f6bdc;fixtures-local;Conjunto de validação sintético (golden set);2026-08-18T03:42:23.810332+00:00;http://127.0.0.1:8080/pages/inacessivel-agendamento.html;1;desktop-1366;probe.placeholder-como-rotulo;probe;fail;serious;alto;3.3.2;3.3.2;compreensivel;A;3;baixa_visao|cegueira|cognitiva_neurodivergencia;lbi.art63.caput|lbi.art3.iv.d|lbi.art4|dec5296.art47|emag.3.1|lbi.art18|cf.art196|onu.art25|lbi.art74|lbi.art3.i;3 campo(s) de formulário são identificados apenas pelo texto de placeholder.;Campo sem rótulo programático torna indeterminável o dado solicitado, inviabilizando o preenchimento autônomo (art. 3º, I, LBI).
a0fc8d4f-dad5-4bbd-938c-6d4c437f6bdc;fixtures-local;Conjunto de validação sintético (golden set);2026-08-18T03:42:23.810332+00:00;http://127.0.0.1:8080/pages/inacessivel-agendamento.html;1;desktop-1366;probe.zoom-lock;probe;fail;serious;alto;1.4.4;1.4.4;perceptivel;AA;1;baixa_visao|cognitiva_neurodivergencia;lbi.art63.caput|lbi.art3.iv.d|lbi.art4|dec5296.art47|emag.3.1|lbi.art18|cf.art196|onu.art25;A página bloqueia a ampliação pelo usuário.;O bloqueio de ampliação nega adaptação razoável, conduta equiparada a discriminação pelo art. 4º, § 1º da LBI.
a0fc8d4f-dad5-4bbd-938c-6d4c437f6bdc;fixtures-local;Conjunto de validação sintético (golden set);2026-08-18T03:42:23.810332+00:00;http://127.0.0.1:8080/pages/inacessivel-agendamento.html;1;desktop-1366;probe.captions.video-without-track;probe;fail;serious;alto;1.2.2;1.2.2;perceptivel;A;1;surdez;lbi.art63.caput|lbi.art3.iv.d|lbi.art4|dec5296.art47|emag.3.1|lbi.art18|cf.art196|onu.art25|dec5626.art26;1 vídeo(s) sem faixa de legenda declarada.;Vídeo de orientação em saúde sem legenda nega à pessoa surda o acesso à informação sanitária, violando o art. 26 do Decreto 5.626/2005 e o direito à atenção integral do art. 18 da LBI.
a0fc8d4f-dad5-4bbd-938c-6d4c437f6bdc;fixtures-local;Conjunto de validação sintético (golden set);2026-08-18T03:42:23.810332+00:00;http://127.0.0.1:8080/pages/inacessivel-agendamento.html;1;desktop-1366;probe.captions.audio-transcript;probe;incomplete;;moderado;1.2.1;1.2.1;perceptivel;A;1;baixa_conectividade|cegueira|surdez;lbi.art63.caput|lbi.art3.iv.d|lbi.art4|dec5296.art47|emag.3.1|lbi.art18|cf.art196|onu.art25|dec5626.art26|cf.art5.xiv|lai.art8.par3.viii;1 elemento(s) de áudio requerem verificação de transcrição.;Conteúdo audiovisual sem alternativa acessível descumpre o dever de oferta de comunicação e informação adequadas do art. 18, § 4º da LBI.
a0fc8d4f-dad5-4bbd-938c-6d4c437f6bdc;fixtures-local;Conjunto de validação sintético (golden set);2026-08-18T03:42:23.810332+00:00;http://127.0.0.1:8080/pages/inacessivel-agendamento.html;1;desktop-1366;probe.autoplay;probe;fail;serious;moderado;1.4.2|2.2.2;1.4.2;perceptivel;A;1;cegueira|cognitiva_neurodivergencia;lbi.art63.caput|lbi.art3.iv.d|lbi.art4|dec5296.art47|emag.3.1|lbi.art18|cf.art196|onu.art25|lbi.art74;1 mídia(s) com reprodução automática audível, das quais 1 sem controles.;Áudio automático interfere na tecnologia assistiva, obstruindo o acesso garantido pelo art. 74 da LBI.
a0fc8d4f-dad5-4bbd-938c-6d4c437f6bdc;fixtures-local;Conjunto de validação sintético (golden set);2026-08-18T03:42:23.810332+00:00;http://127.0.0.1:8080/pages/inacessivel-agendamento.html;1;desktop-1366;probe.meta-refresh;probe;fail;serious;alto;2.2.1;2.2.1;operavel;A;1;baixa_conectividade|baixa_visao|cognitiva_neurodivergencia|motora;lbi.art63.caput|lbi.art3.iv.d|lbi.art4|dec5296.art47|emag.3.1|lbi.art18|cf.art196|onu.art25|lbi.art9.v;A página se atualiza ou redireciona automaticamente.;Prazos de sessão não ajustáveis penalizam quem opera mais lentamente por deficiência ou por conexão precária, produzindo discriminação indireta (art. 4º, § 1º, LBI).
a0fc8d4f-dad5-4bbd-938c-6d4c437f6bdc;fixtures-local;Conjunto de validação sintético (golden set);2026-08-18T03:42:23.810332+00:00;http://127.0.0.1:8080/pages/acessivel-agendamento.html;1;mobile-320;color-contrast;axe-core;incomplete;;alto;1.4.3;1.4.3;perceptivel;AA;5;baixa_visao|cognitiva_neurodivergencia|visao_de_cores;lbi.art63.caput|lbi.art3.iv.d|lbi.art4|dec5296.art47|emag.3.1|lbi.art18|cf.art196|onu.art25|cf.art5.xiv|lai.art8.par3.viii;Elements must meet minimum color contrast ratio thresholds;"O contraste insuficiente é a barreira de comunicação mais prevalente e atinge diretamente a população idosa usuária do SUS; sua persistência em portal público caracteriza descumprimento continuado do art. 63, caput, da LBI e do art. 47 do Decreto 5.296/2004."
a0fc8d4f-dad5-4bbd-938c-6d4c437f6bdc;fixtures-local;Conjunto de validação sintético (golden set);2026-08-18T03:42:23.810332+00:00;http://127.0.0.1:8080/pages/acessivel-agendamento.html;1;desktop-1366;probe.readability;heuristic;incomplete;;moderado;;;;;1;cognitiva_neurodivergencia|baixa_conectividade;lbi.art18|lai.art8.par3.viii|lei13460.art5;Legibilidade do conteúdo principal em 27.22 pontos — faixa difícil (exige ensino médio completo).;A publicação de informação de saúde em registro linguístico inacessível à população destinatária esvazia materialmente o dever de oferta de comunicação e informação adequadas (art. 18, § 4º, IV, LBI) e o dever de transparência ativa (art. 8º, § 3º, LAI). A informação torna-se disponível sem se tornar acessível.
a0fc8d4f-dad5-4bbd-938c-6d4c437f6bdc;fixtures-local;Conjunto de validação sintético (golden set);2026-08-18T03:42:23.810332+00:00;http://127.0.0.1:8080/pages/contraste-e-cor.html;0;mobile-320;color-contrast;axe-core;fail;serious;alto;1.4.3;1.4.3;perceptivel;AA;3;baixa_visao|cognitiva_neurodivergencia|visao_de_cores;lbi.art63.caput|lbi.art3.iv.d|lbi.art4|dec5296.art47|emag.3.1|lbi.art18|cf.art196|onu.art25|cf.art5.xiv|lai.art8.par3.viii;Elements must meet minimum color contrast ratio thresholds;"O contraste insuficiente é a barreira de comunicação mais prevalente e atinge diretamente a população idosa usuária do SUS; sua persistência em portal público caracteriza descumprimento continuado do art. 63, caput, da LBI e do art. 47 do Decreto 5.296/2004."
a0fc8d4f-dad5-4bbd-938c-6d4c437f6bdc;fixtures-local;Conjunto de validação sintético (golden set);2026-08-18T03:42:23.810332+00:00;http://127.0.0.1:8080/pages/contraste-e-cor.html;0;mobile-320;color-contrast;axe-core;incomplete;;alto;1.4.3;1.4.3;perceptivel;AA;1;baixa_visao|cognitiva_neurodivergencia|visao_de_cores;lbi.art63.caput|lbi.art3.iv.d|lbi.art4|dec5296.art47|emag.3.1|lbi.art18|cf.art196|onu.art25|cf.art5.xiv|lai.art8.par3.viii;Elements must meet minimum color contrast ratio thresholds;"O contraste insuficiente é a barreira de comunicação mais prevalente e atinge diretamente a população idosa usuária do SUS; sua persistência em portal público caracteriza descumprimento continuado do art. 63, caput, da LBI e do art. 47 do Decreto 5.296/2004."
a0fc8d4f-dad5-4bbd-938c-6d4c437f6bdc;fixtures-local;Conjunto de validação sintético (golden set);2026-08-18T03:42:23.810332+00:00;http://127.0.0.1:8080/pages/contraste-e-cor.html;0;mobile-320;probe.landmarks.no-skip-link;probe;incomplete;;moderado;2.4.1;2.4.1;operavel;A;1;cegueira|cognitiva_neurodivergencia|motora;lbi.art63.caput|lbi.art3.iv.d|lbi.art4|dec5296.art47|emag.3.1|lbi.art18|cf.art196|onu.art25|lbi.art3.i;Nenhum link de salto para o conteúdo principal foi encontrado.;A ausência de mecanismo de salto obriga a percorrer repetidamente blocos idênticos, esforço desproporcional vedado pelo conceito de acessibilidade com autonomia do art. 3º, I da LBI.
a0fc8d4f-dad5-4bbd-938c-6d4c437f6bdc;fixtures-local;Conjunto de validação sintético (golden set);2026-08-18T03:42:23.810332+00:00;http://127.0.0.1:8080/pages/contraste-e-cor.html;0;mobile-320;probe.reflow-320;probe;fail;serious;alto;1.4.10;1.4.10;perceptivel;AA;12;baixa_visao|cognitiva_neurodivergencia|motora;lbi.art63.caput|lbi.art3.iv.d|lbi.art4|dec5296.art47|emag.3.1|lbi.art18|cf.art196|onu.art25|lei13460.art5;A página exige rolagem horizontal em tela de 320 px (54 px de transbordo).;"O acesso majoritário aos serviços públicos de saúde no Brasil se dá por telefone celular; a exigência de rolagem bidirecional em telas estreitas inviabiliza o uso e frustra o acesso universal do art. 196 da CF/88."
a0fc8d4f-dad5-4bbd-938c-6d4c437f6bdc;fixtures-local;Conjunto de validação sintético (golden set);2026-08-18T03:42:23.810332+00:00;http://127.0.0.1:8080/pages/contraste-e-cor.html;0;desktop-1366;color-contrast;axe-core;fail;serious;alto;1.4.3;1.4.3;perceptivel;AA;3;baixa_visao|cognitiva_neurodivergencia|visao_de_cores;lbi.art63.caput|lbi.art3.iv.d|lbi.art4|dec5296.art47|emag.3.1|lbi.art18|cf.art196|onu.art25|cf.art5.xiv|lai.art8.par3.viii;Elements must meet minimum color contrast ratio thresholds;"O contraste insuficiente é a barreira de comunicação mais prevalente e atinge diretamente a população idosa usuária do SUS; sua persistência em portal público caracteriza descumprimento continuado do art. 63, caput, da LBI e do art. 47 do Decreto 5.296/2004."
a0fc8d4f-dad5-4bbd-938c-6d4c437f6bdc;fixtures-local;Conjunto de validação sintético (golden set);2026-08-18T03:42:23.810332+00:00;http://127.0.0.1:8080/pages/contraste-e-cor.html;0;desktop-1366;probe.landmarks.no-skip-link;probe;incomplete;;moderado;2.4.1;2.4.1;operavel;A;1;cegueira|cognitiva_neurodivergencia|motora;lbi.art63.caput|lbi.art3.iv.d|lbi.art4|dec5296.art47|emag.3.1|lbi.art18|cf.art196|onu.art25|lbi.art3.i;Nenhum link de salto para o conteúdo principal foi encontrado.;A ausência de mecanismo de salto obriga a percorrer repetidamente blocos idênticos, esforço desproporcional vedado pelo conceito de acessibilidade com autonomia do art. 3º, I da LBI.
a0fc8d4f-dad5-4bbd-938c-6d4c437f6bdc;fixtures-local;Conjunto de validação sintético (golden set);2026-08-18T03:42:23.810332+00:00;http://127.0.0.1:8080/pages/formulario-sem-rotulos.html;1;mobile-320;select-name;axe-core;fail;critical;critico;4.1.2;4.1.2;robusto;A;1;cegueira|fala|motora;lbi.art63.caput|lbi.art3.iv.d|lbi.art4|dec5296.art47|emag.3.1|lbi.art18|cf.art196|onu.art25|lbi.art74|onu.art9;Select element must have an accessible name;Controle sem nome, função ou valor expostos simplesmente não existe para a tecnologia assistiva: o serviço é, para o usuário cego, inexistente. É a forma mais severa de barreira na informação do art. 3º, IV, 'd'.
a0fc8d4f-dad5-4bbd-938c-6d4c437f6bdc;fixtures-local;Conjunto de validação sintético (golden set);2026-08-18T03:42:23.810332+00:00;http://127.0.0.1:8080/pages/formulario-sem-rotulos.html;1;mobile-320;probe.landmarks.no-skip-link;probe;incomplete;;moderado;2.4.1;2.4.1;operavel;A;1;cegueira|cognitiva_neurodivergencia|motora;lbi.art63.caput|lbi.art3.iv.d|lbi.art4|dec5296.art47|emag.3.1|lbi.art18|cf.art196|onu.art25|lbi.art3.i;Nenhum link de salto para o conteúdo principal foi encontrado.;A ausência de mecanismo de salto obriga a percorrer repetidamente blocos idênticos, esforço desproporcional vedado pelo conceito de acessibilidade com autonomia do art. 3º, I da LBI.
a0fc8d4f-dad5-4bbd-938c-6d4c437f6bdc;fixtures-local;Conjunto de validação sintético (golden set);2026-08-18T03:42:23.810332+00:00;http://127.0.0.1:8080/pages/formulario-sem-rotulos.html;1;mobile-320;probe.placeholder-como-rotulo;probe;fail;serious;alto;3.3.2;3.3.2;compreensivel;A;3;baixa_visao|cegueira|cognitiva_neurodivergencia;lbi.art63.caput|lbi.art3.iv.d|lbi.art4|dec5296.art47|emag.3.1|lbi.art18|cf.art196|onu.art25|lbi.art74|lbi.art3.i;3 campo(s) de formulário são identificados apenas pelo texto de placeholder.;Campo sem rótulo programático torna indeterminável o dado solicitado, inviabilizando o preenchimento autônomo (art. 3º, I, LBI).
a0fc8d4f-dad5-4bbd-938c-6d4c437f6bdc;fixtures-local;Conjunto de validação sintético (golden set);2026-08-18T03:42:23.810332+00:00;http://127.0.0.1:8080/pages/formulario-sem-rotulos.html;1;mobile-320;probe.reflow-320;probe;fail;serious;alto;1.4.10;1.4.10;perceptivel;AA;3;baixa_visao|cognitiva_neurodivergencia|motora;lbi.art63.caput|lbi.art3.iv.d|lbi.art4|dec5296.art47|emag.3.1|lbi.art18|cf.art196|onu.art25|lei13460.art5;A página exige rolagem horizontal em tela de 320 px (9 px de transbordo).;"O acesso majoritário aos serviços públicos de saúde no Brasil se dá por telefone celular; a exigência de rolagem bidirecional em telas estreitas inviabiliza o uso e frustra o acesso universal do art. 196 da CF/88."
a0fc8d4f-dad5-4bbd-938c-6d4c437f6bdc;fixtures-local;Conjunto de validação sintético (golden set);2026-08-18T03:42:23.810332+00:00;http://127.0.0.1:8080/pages/formulario-sem-rotulos.html;1;desktop-1366;select-name;axe-core;fail;critical;critico;4.1.2;4.1.2;robusto;A;1;cegueira|fala|motora;lbi.art63.caput|lbi.art3.iv.d|lbi.art4|dec5296.art47|emag.3.1|lbi.art18|cf.art196|onu.art25|lbi.art74|onu.art9;Select element must have an accessible name;Controle sem nome, função ou valor expostos simplesmente não existe para a tecnologia assistiva: o serviço é, para o usuário cego, inexistente. É a forma mais severa de barreira na informação do art. 3º, IV, 'd'.
a0fc8d4f-dad5-4bbd-938c-6d4c437f6bdc;fixtures-local;Conjunto de validação sintético (golden set);2026-08-18T03:42:23.810332+00:00;http://127.0.0.1:8080/pages/formulario-sem-rotulos.html;1;desktop-1366;probe.landmarks.no-skip-link;probe;incomplete;;moderado;2.4.1;2.4.1;operavel;A;1;cegueira|cognitiva_neurodivergencia|motora;lbi.art63.caput|lbi.art3.iv.d|lbi.art4|dec5296.art47|emag.3.1|lbi.art18|cf.art196|onu.art25|lbi.art3.i;Nenhum link de salto para o conteúdo principal foi encontrado.;A ausência de mecanismo de salto obriga a percorrer repetidamente blocos idênticos, esforço desproporcional vedado pelo conceito de acessibilidade com autonomia do art. 3º, I da LBI.
a0fc8d4f-dad5-4bbd-938c-6d4c437f6bdc;fixtures-local;Conjunto de validação sintético (golden set);2026-08-18T03:42:23.810332+00:00;http://127.0.0.1:8080/pages/formulario-sem-rotulos.html;1;desktop-1366;probe.placeholder-como-rotulo;probe;fail;serious;alto;3.3.2;3.3.2;compreensivel;A;3;baixa_visao|cegueira|cognitiva_neurodivergencia;lbi.art63.caput|lbi.art3.iv.d|lbi.art4|dec5296.art47|emag.3.1|lbi.art18|cf.art196|onu.art25|lbi.art74|lbi.art3.i;3 campo(s) de formulário são identificados apenas pelo texto de placeholder.;Campo sem rótulo programático torna indeterminável o dado solicitado, inviabilizando o preenchimento autônomo (art. 3º, I, LBI).
a0fc8d4f-dad5-4bbd-938c-6d4c437f6bdc;fixtures-local;Conjunto de validação sintético (golden set);2026-08-18T03:42:23.810332+00:00;http://127.0.0.1:8080/pages/pagina-pesada.html;0;mobile-320;color-contrast;axe-core;incomplete;;alto;1.4.3;1.4.3;perceptivel;AA;3;baixa_visao|cognitiva_neurodivergencia|visao_de_cores;lbi.art63.caput|lbi.art3.iv.d|lbi.art4|dec5296.art47|emag.3.1|lbi.art18|cf.art196|onu.art25|cf.art5.xiv|lai.art8.par3.viii;Elements must meet minimum color contrast ratio thresholds;"O contraste insuficiente é a barreira de comunicação mais prevalente e atinge diretamente a população idosa usuária do SUS; sua persistência em portal público caracteriza descumprimento continuado do art. 63, caput, da LBI e do art. 47 do Decreto 5.296/2004."
a0fc8d4f-dad5-4bbd-938c-6d4c437f6bdc;fixtures-local;Conjunto de validação sintético (golden set);2026-08-18T03:42:23.810332+00:00;http://127.0.0.1:8080/pages/pagina-pesada.html;0;mobile-320;probe.landmarks.no-skip-link;probe;incomplete;;moderado;2.4.1;2.4.1;operavel;A;1;cegueira|cognitiva_neurodivergencia|motora;lbi.art63.caput|lbi.art3.iv.d|lbi.art4|dec5296.art47|emag.3.1|lbi.art18|cf.art196|onu.art25|lbi.art3.i;Nenhum link de salto para o conteúdo principal foi encontrado.;A ausência de mecanismo de salto obriga a percorrer repetidamente blocos idênticos, esforço desproporcional vedado pelo conceito de acessibilidade com autonomia do art. 3º, I da LBI.
a0fc8d4f-dad5-4bbd-938c-6d4c437f6bdc;fixtures-local;Conjunto de validação sintético (golden set);2026-08-18T03:42:23.810332+00:00;http://127.0.0.1:8080/pages/pagina-pesada.html;0;mobile-320;probe.reflow-320;probe;fail;serious;alto;1.4.10;1.4.10;perceptivel;AA;12;baixa_visao|cognitiva_neurodivergencia|motora;lbi.art63.caput|lbi.art3.iv.d|lbi.art4|dec5296.art47|emag.3.1|lbi.art18|cf.art196|onu.art25|lei13460.art5;A página exige rolagem horizontal em tela de 320 px (62 px de transbordo).;"O acesso majoritário aos serviços públicos de saúde no Brasil se dá por telefone celular; a exigência de rolagem bidirecional em telas estreitas inviabiliza o uso e frustra o acesso universal do art. 196 da CF/88."
a0fc8d4f-dad5-4bbd-938c-6d4c437f6bdc;fixtures-local;Conjunto de validação sintético (golden set);2026-08-18T03:42:23.810332+00:00;http://127.0.0.1:8080/pages/pagina-pesada.html;0;mobile-320;probe.data-cost;probe;fail;moderate;moderado;;;;;1;baixa_conectividade;cf.art196|lbi.art18|lei13460.art5|cf.art5.xiv;Um único acesso a esta página consome 3.40 MB, ou 0.033% da franquia mensal do plano de referência (1.0 centavo).;O custo de dados exigido para acessar o serviço digital de saúde transfere ao cidadão um ônus econômico como condição de exercício de direito fundamental. Quando esse ônus recai desproporcionalmente sobre a população de menor renda — a mesma que depende exclusivamente do SUS — o acesso deixa de ser universal e igualitário, em desacordo com o art. 196 da CF/88 e com o dever de informação adequada do art. 18, § 4º da Lei 13.146/2015. A parcela do tráfego destinada a terceiros agrava a situação: o usuário custeia recursos que não lhe prestam o serviço público solicitado.
a0fc8d4f-dad5-4bbd-938c-6d4c437f6bdc;fixtures-local;Conjunto de validação sintético (golden set);2026-08-18T03:42:23.810332+00:00;http://127.0.0.1:8080/pages/pagina-pesada.html;0;desktop-1366;probe.landmarks.no-skip-link;probe;incomplete;;moderado;2.4.1;2.4.1;operavel;A;1;cegueira|cognitiva_neurodivergencia|motora;lbi.art63.caput|lbi.art3.iv.d|lbi.art4|dec5296.art47|emag.3.1|lbi.art18|cf.art196|onu.art25|lbi.art3.i;Nenhum link de salto para o conteúdo principal foi encontrado.;A ausência de mecanismo de salto obriga a percorrer repetidamente blocos idênticos, esforço desproporcional vedado pelo conceito de acessibilidade com autonomia do art. 3º, I da LBI.
a0fc8d4f-dad5-4bbd-938c-6d4c437f6bdc;fixtures-local;Conjunto de validação sintético (golden set);2026-08-18T03:42:23.810332+00:00;http://127.0.0.1:8080/pages/pagina-pesada.html;0;desktop-1366;probe.data-cost;probe;fail;moderate;moderado;;;;;1;baixa_conectividade;cf.art196|lbi.art18|lei13460.art5|cf.art5.xiv;Um único acesso a esta página consome 3.40 MB, ou 0.033% da franquia mensal do plano de referência (1.0 centavo).;O custo de dados exigido para acessar o serviço digital de saúde transfere ao cidadão um ônus econômico como condição de exercício de direito fundamental. Quando esse ônus recai desproporcionalmente sobre a população de menor renda — a mesma que depende exclusivamente do SUS — o acesso deixa de ser universal e igualitário, em desacordo com o art. 196 da CF/88 e com o dever de informação adequada do art. 18, § 4º da Lei 13.146/2015. A parcela do tráfego destinada a terceiros agrava a situação: o usuário custeia recursos que não lhe prestam o serviço público solicitado.
10a112f5-b065-4442-bcef-69c8f9b6629f;carioca-rio-saude;Carioca Digital — catálogo de serviços de saúde;2026-08-19T04:05:39.193289+00:00;https://carioca.rio/tema/saude;1;mobile-320;aria-required-children;axe-core;fail;critical;alto;1.3.1;1.3.1;perceptivel;A;1;baixa_visao|cegueira|cognitiva_neurodivergencia;lbi.art63.caput|lbi.art3.iv.d|lbi.art4|dec5296.art47|emag.3.1|lbi.art18|cf.art196|onu.art25|lbi.art74;Certain ARIA roles must contain particular children;"Sem estrutura semântica, a tecnologia assistiva não consegue reconstruir a relação entre rótulo e dado; o art. 74 da LBI assegura o acesso a tecnologias assistivas, o que pressupõe conteúdo com elas compatível."
10a112f5-b065-4442-bcef-69c8f9b6629f;carioca-rio-saude;Carioca Digital — catálogo de serviços de saúde;2026-08-19T04:05:39.193289+00:00;https://carioca.rio/tema/saude;1;mobile-320;aria-required-parent;axe-core;fail;critical;alto;1.3.1;1.3.1;perceptivel;A;2;baixa_visao|cegueira|cognitiva_neurodivergencia;lbi.art63.caput|lbi.art3.iv.d|lbi.art4|dec5296.art47|emag.3.1|lbi.art18|cf.art196|onu.art25|lbi.art74;Certain ARIA roles must be contained by particular parents;"Sem estrutura semântica, a tecnologia assistiva não consegue reconstruir a relação entre rótulo e dado; o art. 74 da LBI assegura o acesso a tecnologias assistivas, o que pressupõe conteúdo com elas compatível."
10a112f5-b065-4442-bcef-69c8f9b6629f;carioca-rio-saude;Carioca Digital — catálogo de serviços de saúde;2026-08-19T04:05:39.193289+00:00;https://carioca.rio/tema/saude;1;mobile-320;color-contrast;axe-core;fail;serious;alto;1.4.3;1.4.3;perceptivel;AA;118;baixa_visao|cognitiva_neurodivergencia|visao_de_cores;lbi.art63.caput|lbi.art3.iv.d|lbi.art4|dec5296.art47|emag.3.1|lbi.art18|cf.art196|onu.art25|cf.art5.xiv|lai.art8.par3.viii;Elements must meet minimum color contrast ratio thresholds;"O contraste insuficiente é a barreira de comunicação mais prevalente e atinge diretamente a população idosa usuária do SUS; sua persistência em portal público caracteriza descumprimento continuado do art. 63, caput, da LBI e do art. 47 do Decreto 5.296/2004."
10a112f5-b065-4442-bcef-69c8f9b6629f;carioca-rio-saude;Carioca Digital — catálogo de serviços de saúde;2026-08-19T04:05:39.193289+00:00;https://carioca.rio/tema/saude;1;mobile-320;image-alt;axe-core;fail;critical;alto;1.1.1;1.1.1;perceptivel;A;15;baixa_conectividade|baixa_visao|cegueira|cognitiva_neurodivergencia;lbi.art63.caput|lbi.art3.iv.d|lbi.art4|dec5296.art47|emag.3.1|lbi.art18|cf.art196|onu.art25|lbi.art74|cf.art5.xiv|lai.art8.par3.viii;Images must have alternative text;A ausência de alternativa textual configura barreira na comunicação e na informação (art. 3º, IV, 'd', LBI): o conteúdo existe juridicamente como informação pública, mas não é recebível pelo usuário cego, esvaziando o dever de transparência ativa do art. 8º, § 3º, VIII da LAI.
10a112f5-b065-4442-bcef-69c8f9b6629f;carioca-rio-saude;Carioca Digital — catálogo de serviços de saúde;2026-08-19T04:05:39.193289+00:00;https://carioca.rio/tema/saude;1;mobile-320;input-button-name;axe-core;fail;critical;critico;4.1.2;4.1.2;robusto;A;1;cegueira|fala|motora;lbi.art63.caput|lbi.art3.iv.d|lbi.art4|dec5296.art47|emag.3.1|lbi.art18|cf.art196|onu.art25|lbi.art74|onu.art9;Input buttons must have discernible text;Controle sem nome, função ou valor expostos simplesmente não existe para a tecnologia assistiva: o serviço é, para o usuário cego, inexistente. É a forma mais severa de barreira na informação do art. 3º, IV, 'd'.
10a112f5-b065-4442-bcef-69c8f9b6629f;carioca-rio-saude;Carioca Digital — catálogo de serviços de saúde;2026-08-19T04:05:39.193289+00:00;https://carioca.rio/tema/saude;1;mobile-320;link-name;axe-core;fail;serious;critico;2.4.4|4.1.2;2.4.4;operavel;A;4;cegueira|cognitiva_neurodivergencia|fala|motora;lbi.art63.caput|lbi.art3.iv.d|lbi.art4|dec5296.art47|emag.3.1|lbi.art18|cf.art196|onu.art25|lbi.art74|onu.art9;Links must have discernible text;Controle sem nome, função ou valor expostos simplesmente não existe para a tecnologia assistiva: o serviço é, para o usuário cego, inexistente. É a forma mais severa de barreira na informação do art. 3º, IV, 'd'.
10a112f5-b065-4442-bcef-69c8f9b6629f;carioca-rio-saude;Carioca Digital — catálogo de serviços de saúde;2026-08-19T04:05:39.193289+00:00;https://carioca.rio/tema/saude;1;mobile-320;listitem;axe-core;fail;serious;alto;1.3.1;1.3.1;perceptivel;A;2;baixa_visao|cegueira|cognitiva_neurodivergencia;lbi.art63.caput|lbi.art3.iv.d|lbi.art4|dec5296.art47|emag.3.1|lbi.art18|cf.art196|onu.art25|lbi.art74;<li> elements must be contained in a <ul> or <ol>;"Sem estrutura semântica, a tecnologia assistiva não consegue reconstruir a relação entre rótulo e dado; o art. 74 da LBI assegura o acesso a tecnologias assistivas, o que pressupõe conteúdo com elas compatível."
10a112f5-b065-4442-bcef-69c8f9b6629f;carioca-rio-saude;Carioca Digital — catálogo de serviços de saúde;2026-08-19T04:05:39.193289+00:00;https://carioca.rio/tema/saude;1;mobile-320;meta-viewport;axe-core;fail;moderate;alto;1.4.4;1.4.4;perceptivel;AA;1;baixa_visao|cognitiva_neurodivergencia;lbi.art63.caput|lbi.art3.iv.d|lbi.art4|dec5296.art47|emag.3.1|lbi.art18|cf.art196|onu.art25;Zooming and scaling must not be disabled;O bloqueio de ampliação nega adaptação razoável, conduta equiparada a discriminação pelo art. 4º, § 1º da LBI.
10a112f5-b065-4442-bcef-69c8f9b6629f;carioca-rio-saude;Carioca Digital — catálogo de serviços de saúde;2026-08-19T04:05:39.193289+00:00;https://carioca.rio/tema/saude;1;mobile-320;color-contrast;axe-core;incomplete;;alto;1.4.3;1.4.3;perceptivel;AA;5;baixa_visao|cognitiva_neurodivergencia|visao_de_cores;lbi.art63.caput|lbi.art3.iv.d|lbi.art4|dec5296.art47|emag.3.1|lbi.art18|cf.art196|onu.art25|cf.art5.xiv|lai.art8.par3.viii;Elements must meet minimum color contrast ratio thresholds;"O contraste insuficiente é a barreira de comunicação mais prevalente e atinge diretamente a população idosa usuária do SUS; sua persistência em portal público caracteriza descumprimento continuado do art. 63, caput, da LBI e do art. 47 do Decreto 5.296/2004."
10a112f5-b065-4442-bcef-69c8f9b6629f;carioca-rio-saude;Carioca Digital — catálogo de serviços de saúde;2026-08-19T04:05:39.193289+00:00;https://carioca.rio/tema/saude;1;mobile-320;probe.heading-structure.level-skip;probe;incomplete;;alto;1.3.1;1.3.1;perceptivel;A;1;baixa_visao|cegueira|cognitiva_neurodivergencia;lbi.art63.caput|lbi.art3.iv.d|lbi.art4|dec5296.art47|emag.3.1|lbi.art18|cf.art196|onu.art25|lbi.art74;1 salto(s) de nível na hierarquia de cabeçalhos.;"Sem estrutura semântica, a tecnologia assistiva não consegue reconstruir a relação entre rótulo e dado; o art. 74 da LBI assegura o acesso a tecnologias assistivas, o que pressupõe conteúdo com elas compatível."
10a112f5-b065-4442-bcef-69c8f9b6629f;carioca-rio-saude;Carioca Digital — catálogo de serviços de saúde;2026-08-19T04:05:39.193289+00:00;https://carioca.rio/tema/saude;1;mobile-320;probe.id-duplicado.inerte;probe;incomplete;;baixo;4.1.1;4.1.1;robusto;A;3;cegueira|cognitiva_neurodivergencia|motora;lbi.art63.caput|lbi.art3.iv.d|lbi.art4|dec5296.art47|emag.3.1|lbi.art18|cf.art196|onu.art25|lbi.art74;3 identificador(es) duplicado(s) sem referência associada.;Marcação malformada produz comportamento imprevisível em tecnologia assistiva, comprometendo a interoperabilidade pressuposta pelo art. 74.
10a112f5-b065-4442-bcef-69c8f9b6629f;carioca-rio-saude;Carioca Digital — catálogo de serviços de saúde;2026-08-19T04:05:39.193289+00:00;https://carioca.rio/tema/saude;1;mobile-320;probe.placeholder-como-rotulo;probe;fail;serious;alto;3.3.2;3.3.2;compreensivel;A;3;baixa_visao|cegueira|cognitiva_neurodivergencia;lbi.art63.caput|lbi.art3.iv.d|lbi.art4|dec5296.art47|emag.3.1|lbi.art18|cf.art196|onu.art25|lbi.art74|lbi.art3.i;3 campo(s) de formulário são identificados apenas pelo texto de placeholder.;Campo sem rótulo programático torna indeterminável o dado solicitado, inviabilizando o preenchimento autônomo (art. 3º, I, LBI).
10a112f5-b065-4442-bcef-69c8f9b6629f;carioca-rio-saude;Carioca Digital — catálogo de serviços de saúde;2026-08-19T04:05:39.193289+00:00;https://carioca.rio/tema/saude;1;mobile-320;probe.reflow-320;probe;fail;serious;alto;1.4.10;1.4.10;perceptivel;AA;5;baixa_visao|cognitiva_neurodivergencia|motora;lbi.art63.caput|lbi.art3.iv.d|lbi.art4|dec5296.art47|emag.3.1|lbi.art18|cf.art196|onu.art25|lei13460.art5;A página exige rolagem horizontal em tela de 320 px (8 px de transbordo).;"O acesso majoritário aos serviços públicos de saúde no Brasil se dá por telefone celular; a exigência de rolagem bidirecional em telas estreitas inviabiliza o uso e frustra o acesso universal do art. 196 da CF/88."
10a112f5-b065-4442-bcef-69c8f9b6629f;carioca-rio-saude;Carioca Digital — catálogo de serviços de saúde;2026-08-19T04:05:39.193289+00:00;https://carioca.rio/tema/saude;1;mobile-320;probe.zoom-lock;probe;fail;serious;alto;1.4.4;1.4.4;perceptivel;AA;1;baixa_visao|cognitiva_neurodivergencia;lbi.art63.caput|lbi.art3.iv.d|lbi.art4|dec5296.art47|emag.3.1|lbi.art18|cf.art196|onu.art25;A página bloqueia a ampliação pelo usuário.;O bloqueio de ampliação nega adaptação razoável, conduta equiparada a discriminação pelo art. 4º, § 1º da LBI.
10a112f5-b065-4442-bcef-69c8f9b6629f;carioca-rio-saude;Carioca Digital — catálogo de serviços de saúde;2026-08-19T04:05:39.193289+00:00;https://carioca.rio/tema/saude;1;desktop-1366;aria-required-children;axe-core;fail;critical;alto;1.3.1;1.3.1;perceptivel;A;1;baixa_visao|cegueira|cognitiva_neurodivergencia;lbi.art63.caput|lbi.art3.iv.d|lbi.art4|dec5296.art47|emag.3.1|lbi.art18|cf.art196|onu.art25|lbi.art74;Certain ARIA roles must contain particular children;"Sem estrutura semântica, a tecnologia assistiva não consegue reconstruir a relação entre rótulo e dado; o art. 74 da LBI assegura o acesso a tecnologias assistivas, o que pressupõe conteúdo com elas compatível."
10a112f5-b065-4442-bcef-69c8f9b6629f;carioca-rio-saude;Carioca Digital — catálogo de serviços de saúde;2026-08-19T04:05:39.193289+00:00;https://carioca.rio/tema/saude;1;desktop-1366;aria-required-parent;axe-core;fail;critical;alto;1.3.1;1.3.1;perceptivel;A;2;baixa_visao|cegueira|cognitiva_neurodivergencia;lbi.art63.caput|lbi.art3.iv.d|lbi.art4|dec5296.art47|emag.3.1|lbi.art18|cf.art196|onu.art25|lbi.art74;Certain ARIA roles must be contained by particular parents;"Sem estrutura semântica, a tecnologia assistiva não consegue reconstruir a relação entre rótulo e dado; o art. 74 da LBI assegura o acesso a tecnologias assistivas, o que pressupõe conteúdo com elas compatível."
10a112f5-b065-4442-bcef-69c8f9b6629f;carioca-rio-saude;Carioca Digital — catálogo de serviços de saúde;2026-08-19T04:05:39.193289+00:00;https://carioca.rio/tema/saude;1;desktop-1366;color-contrast;axe-core;fail;serious;alto;1.4.3;1.4.3;perceptivel;AA;292;baixa_visao|cognitiva_neurodivergencia|visao_de_cores;lbi.art63.caput|lbi.art3.iv.d|lbi.art4|dec5296.art47|emag.3.1|lbi.art18|cf.art196|onu.art25|cf.art5.xiv|lai.art8.par3.viii;Elements must meet minimum color contrast ratio thresholds;"O contraste insuficiente é a barreira de comunicação mais prevalente e atinge diretamente a população idosa usuária do SUS; sua persistência em portal público caracteriza descumprimento continuado do art. 63, caput, da LBI e do art. 47 do Decreto 5.296/2004."
10a112f5-b065-4442-bcef-69c8f9b6629f;carioca-rio-saude;Carioca Digital — catálogo de serviços de saúde;2026-08-19T04:05:39.193289+00:00;https://carioca.rio/tema/saude;1;desktop-1366;image-alt;axe-core;fail;critical;alto;1.1.1;1.1.1;perceptivel;A;15;baixa_conectividade|baixa_visao|cegueira|cognitiva_neurodivergencia;lbi.art63.caput|lbi.art3.iv.d|lbi.art4|dec5296.art47|emag.3.1|lbi.art18|cf.art196|onu.art25|lbi.art74|cf.art5.xiv|lai.art8.par3.viii;Images must have alternative text;A ausência de alternativa textual configura barreira na comunicação e na informação (art. 3º, IV, 'd', LBI): o conteúdo existe juridicamente como informação pública, mas não é recebível pelo usuário cego, esvaziando o dever de transparência ativa do art. 8º, § 3º, VIII da LAI.
10a112f5-b065-4442-bcef-69c8f9b6629f;carioca-rio-saude;Carioca Digital — catálogo de serviços de saúde;2026-08-19T04:05:39.193289+00:00;https://carioca.rio/tema/saude;1;desktop-1366;input-button-name;axe-core;fail;critical;critico;4.1.2;4.1.2;robusto;A;1;cegueira|fala|motora;lbi.art63.caput|lbi.art3.iv.d|lbi.art4|dec5296.art47|emag.3.1|lbi.art18|cf.art196|onu.art25|lbi.art74|onu.art9;Input buttons must have discernible text;Controle sem nome, função ou valor expostos simplesmente não existe para a tecnologia assistiva: o serviço é, para o usuário cego, inexistente. É a forma mais severa de barreira na informação do art. 3º, IV, 'd'.
10a112f5-b065-4442-bcef-69c8f9b6629f;carioca-rio-saude;Carioca Digital — catálogo de serviços de saúde;2026-08-19T04:05:39.193289+00:00;https://carioca.rio/tema/saude;1;desktop-1366;link-name;axe-core;fail;serious;critico;2.4.4|4.1.2;2.4.4;operavel;A;4;cegueira|cognitiva_neurodivergencia|fala|motora;lbi.art63.caput|lbi.art3.iv.d|lbi.art4|dec5296.art47|emag.3.1|lbi.art18|cf.art196|onu.art25|lbi.art74|onu.art9;Links must have discernible text;Controle sem nome, função ou valor expostos simplesmente não existe para a tecnologia assistiva: o serviço é, para o usuário cego, inexistente. É a forma mais severa de barreira na informação do art. 3º, IV, 'd'.
10a112f5-b065-4442-bcef-69c8f9b6629f;carioca-rio-saude;Carioca Digital — catálogo de serviços de saúde;2026-08-19T04:05:39.193289+00:00;https://carioca.rio/tema/saude;1;desktop-1366;list;axe-core;fail;serious;alto;1.3.1;1.3.1;perceptivel;A;2;baixa_visao|cegueira|cognitiva_neurodivergencia;lbi.art63.caput|lbi.art3.iv.d|lbi.art4|dec5296.art47|emag.3.1|lbi.art18|cf.art196|onu.art25|lbi.art74;<ul> and <ol> must only directly contain <li>, <script> or <template> elements;"Sem estrutura semântica, a tecnologia assistiva não consegue reconstruir a relação entre rótulo e dado; o art. 74 da LBI assegura o acesso a tecnologias assistivas, o que pressupõe conteúdo com elas compatível."
10a112f5-b065-4442-bcef-69c8f9b6629f;carioca-rio-saude;Carioca Digital — catálogo de serviços de saúde;2026-08-19T04:05:39.193289+00:00;https://carioca.rio/tema/saude;1;desktop-1366;listitem;axe-core;fail;serious;alto;1.3.1;1.3.1;perceptivel;A;121;baixa_visao|cegueira|cognitiva_neurodivergencia;lbi.art63.caput|lbi.art3.iv.d|lbi.art4|dec5296.art47|emag.3.1|lbi.art18|cf.art196|onu.art25|lbi.art74;<li> elements must be contained in a <ul> or <ol>;"Sem estrutura semântica, a tecnologia assistiva não consegue reconstruir a relação entre rótulo e dado; o art. 74 da LBI assegura o acesso a tecnologias assistivas, o que pressupõe conteúdo com elas compatível."
10a112f5-b065-4442-bcef-69c8f9b6629f;carioca-rio-saude;Carioca Digital — catálogo de serviços de saúde;2026-08-19T04:05:39.193289+00:00;https://carioca.rio/tema/saude;1;desktop-1366;meta-viewport;axe-core;fail;moderate;alto;1.4.4;1.4.4;perceptivel;AA;1;baixa_visao|cognitiva_neurodivergencia;lbi.art63.caput|lbi.art3.iv.d|lbi.art4|dec5296.art47|emag.3.1|lbi.art18|cf.art196|onu.art25;Zooming and scaling must not be disabled;O bloqueio de ampliação nega adaptação razoável, conduta equiparada a discriminação pelo art. 4º, § 1º da LBI.
10a112f5-b065-4442-bcef-69c8f9b6629f;carioca-rio-saude;Carioca Digital — catálogo de serviços de saúde;2026-08-19T04:05:39.193289+00:00;https://carioca.rio/tema/saude;1;desktop-1366;color-contrast;axe-core;incomplete;;alto;1.4.3;1.4.3;perceptivel;AA;6;baixa_visao|cognitiva_neurodivergencia|visao_de_cores;lbi.art63.caput|lbi.art3.iv.d|lbi.art4|dec5296.art47|emag.3.1|lbi.art18|cf.art196|onu.art25|cf.art5.xiv|lai.art8.par3.viii;Elements must meet minimum color contrast ratio thresholds;"O contraste insuficiente é a barreira de comunicação mais prevalente e atinge diretamente a população idosa usuária do SUS; sua persistência em portal público caracteriza descumprimento continuado do art. 63, caput, da LBI e do art. 47 do Decreto 5.296/2004."
10a112f5-b065-4442-bcef-69c8f9b6629f;carioca-rio-saude;Carioca Digital — catálogo de serviços de saúde;2026-08-19T04:05:39.193289+00:00;https://carioca.rio/tema/saude;1;desktop-1366;probe.heading-structure.level-skip;probe;incomplete;;alto;1.3.1;1.3.1;perceptivel;A;1;baixa_visao|cegueira|cognitiva_neurodivergencia;lbi.art63.caput|lbi.art3.iv.d|lbi.art4|dec5296.art47|emag.3.1|lbi.art18|cf.art196|onu.art25|lbi.art74;1 salto(s) de nível na hierarquia de cabeçalhos.;"Sem estrutura semântica, a tecnologia assistiva não consegue reconstruir a relação entre rótulo e dado; o art. 74 da LBI assegura o acesso a tecnologias assistivas, o que pressupõe conteúdo com elas compatível."
10a112f5-b065-4442-bcef-69c8f9b6629f;carioca-rio-saude;Carioca Digital — catálogo de serviços de saúde;2026-08-19T04:05:39.193289+00:00;https://carioca.rio/tema/saude;1;desktop-1366;probe.id-duplicado.inerte;probe;incomplete;;baixo;4.1.1;4.1.1;robusto;A;3;cegueira|cognitiva_neurodivergencia|motora;lbi.art63.caput|lbi.art3.iv.d|lbi.art4|dec5296.art47|emag.3.1|lbi.art18|cf.art196|onu.art25|lbi.art74;3 identificador(es) duplicado(s) sem referência associada.;Marcação malformada produz comportamento imprevisível em tecnologia assistiva, comprometendo a interoperabilidade pressuposta pelo art. 74.
10a112f5-b065-4442-bcef-69c8f9b6629f;carioca-rio-saude;Carioca Digital — catálogo de serviços de saúde;2026-08-19T04:05:39.193289+00:00;https://carioca.rio/tema/saude;1;desktop-1366;probe.placeholder-como-rotulo;probe;fail;serious;alto;3.3.2;3.3.2;compreensivel;A;3;baixa_visao|cegueira|cognitiva_neurodivergencia;lbi.art63.caput|lbi.art3.iv.d|lbi.art4|dec5296.art47|emag.3.1|lbi.art18|cf.art196|onu.art25|lbi.art74|lbi.art3.i;3 campo(s) de formulário são identificados apenas pelo texto de placeholder.;Campo sem rótulo programático torna indeterminável o dado solicitado, inviabilizando o preenchimento autônomo (art. 3º, I, LBI).
10a112f5-b065-4442-bcef-69c8f9b6629f;carioca-rio-saude;Carioca Digital — catálogo de serviços de saúde;2026-08-19T04:05:39.193289+00:00;https://carioca.rio/tema/saude;1;desktop-1366;probe.zoom-lock;probe;fail;serious;alto;1.4.4;1.4.4;perceptivel;AA;1;baixa_visao|cognitiva_neurodivergencia;lbi.art63.caput|lbi.art3.iv.d|lbi.art4|dec5296.art47|emag.3.1|lbi.art18|cf.art196|onu.art25;A página bloqueia a ampliação pelo usuário.;O bloqueio de ampliação nega adaptação razoável, conduta equiparada a discriminação pelo art. 4º, § 1º da LBI.
10a112f5-b065-4442-bcef-69c8f9b6629f;carioca-rio-saude;Carioca Digital — catálogo de serviços de saúde;2026-08-19T04:05:39.193289+00:00;https://carioca.rio/tema/saude;1;desktop-1366;probe.readability;heuristic;incomplete;;moderado;;;;;1;cognitiva_neurodivergencia|baixa_conectividade;lbi.art18|lai.art8.par3.viii|lei13460.art5;Legibilidade do conteúdo principal em 0.0 pontos — faixa muito difícil (exige ensino superior).;A publicação de informação de saúde em registro linguístico inacessível à população destinatária esvazia materialmente o dever de oferta de comunicação e informação adequadas (art. 18, § 4º, IV, LBI) e o dever de transparência ativa (art. 8º, § 3º, LAI). A informação torna-se disponível sem se tornar acessível.
10a112f5-b065-4442-bcef-69c8f9b6629f;carioca-rio-saude;Carioca Digital — catálogo de serviços de saúde;2026-08-19T04:05:39.193289+00:00;https://carioca.rio/servicos/atendimento-em-unidades-de-pronto-atendimento-upa-24-horas/;1;mobile-320;color-contrast;axe-core;fail;serious;alto;1.4.3;1.4.3;perceptivel;AA;15;baixa_visao|cognitiva_neurodivergencia|visao_de_cores;lbi.art63.caput|lbi.art3.iv.d|lbi.art4|dec5296.art47|emag.3.1|lbi.art18|cf.art196|onu.art25|cf.art5.xiv|lai.art8.par3.viii;Elements must meet minimum color contrast ratio thresholds;"O contraste insuficiente é a barreira de comunicação mais prevalente e atinge diretamente a população idosa usuária do SUS; sua persistência em portal público caracteriza descumprimento continuado do art. 63, caput, da LBI e do art. 47 do Decreto 5.296/2004."
10a112f5-b065-4442-bcef-69c8f9b6629f;carioca-rio-saude;Carioca Digital — catálogo de serviços de saúde;2026-08-19T04:05:39.193289+00:00;https://carioca.rio/servicos/atendimento-em-unidades-de-pronto-atendimento-upa-24-horas/;1;mobile-320;image-alt;axe-core;fail;critical;alto;1.1.1;1.1.1;perceptivel;A;11;baixa_conectividade|baixa_visao|cegueira|cognitiva_neurodivergencia;lbi.art63.caput|lbi.art3.iv.d|lbi.art4|dec5296.art47|emag.3.1|lbi.art18|cf.art196|onu.art25|lbi.art74|cf.art5.xiv|lai.art8.par3.viii;Images must have alternative text;A ausência de alternativa textual configura barreira na comunicação e na informação (art. 3º, IV, 'd', LBI): o conteúdo existe juridicamente como informação pública, mas não é recebível pelo usuário cego, esvaziando o dever de transparência ativa do art. 8º, § 3º, VIII da LAI.
10a112f5-b065-4442-bcef-69c8f9b6629f;carioca-rio-saude;Carioca Digital — catálogo de serviços de saúde;2026-08-19T04:05:39.193289+00:00;https://carioca.rio/servicos/atendimento-em-unidades-de-pronto-atendimento-upa-24-horas/;1;mobile-320;input-button-name;axe-core;fail;critical;critico;4.1.2;4.1.2;robusto;A;1;cegueira|fala|motora;lbi.art63.caput|lbi.art3.iv.d|lbi.art4|dec5296.art47|emag.3.1|lbi.art18|cf.art196|onu.art25|lbi.art74|onu.art9;Input buttons must have discernible text;Controle sem nome, função ou valor expostos simplesmente não existe para a tecnologia assistiva: o serviço é, para o usuário cego, inexistente. É a forma mais severa de barreira na informação do art. 3º, IV, 'd'.
10a112f5-b065-4442-bcef-69c8f9b6629f;carioca-rio-saude;Carioca Digital — catálogo de serviços de saúde;2026-08-19T04:05:39.193289+00:00;https://carioca.rio/servicos/atendimento-em-unidades-de-pronto-atendimento-upa-24-horas/;1;mobile-320;link-name;axe-core;fail;serious;critico;2.4.4|4.1.2;2.4.4;operavel;A;6;cegueira|cognitiva_neurodivergencia|fala|motora;lbi.art63.caput|lbi.art3.iv.d|lbi.art4|dec5296.art47|emag.3.1|lbi.art18|cf.art196|onu.art25|lbi.art74|onu.art9;Links must have discernible text;Controle sem nome, função ou valor expostos simplesmente não existe para a tecnologia assistiva: o serviço é, para o usuário cego, inexistente. É a forma mais severa de barreira na informação do art. 3º, IV, 'd'.
10a112f5-b065-4442-bcef-69c8f9b6629f;carioca-rio-saude;Carioca Digital — catálogo de serviços de saúde;2026-08-19T04:05:39.193289+00:00;https://carioca.rio/servicos/atendimento-em-unidades-de-pronto-atendimento-upa-24-horas/;1;mobile-320;meta-viewport;axe-core;fail;moderate;alto;1.4.4;1.4.4;perceptivel;AA;1;baixa_visao|cognitiva_neurodivergencia;lbi.art63.caput|lbi.art3.iv.d|lbi.art4|dec5296.art47|emag.3.1|lbi.art18|cf.art196|onu.art25;Zooming and scaling must not be disabled;O bloqueio de ampliação nega adaptação razoável, conduta equiparada a discriminação pelo art. 4º, § 1º da LBI.
10a112f5-b065-4442-bcef-69c8f9b6629f;carioca-rio-saude;Carioca Digital — catálogo de serviços de saúde;2026-08-19T04:05:39.193289+00:00;https://carioca.rio/servicos/atendimento-em-unidades-de-pronto-atendimento-upa-24-horas/;1;mobile-320;aria-prohibited-attr;axe-core;incomplete;;critico;4.1.2;4.1.2;robusto;A;3;cegueira|fala|motora;lbi.art63.caput|lbi.art3.iv.d|lbi.art4|dec5296.art47|emag.3.1|lbi.art18|cf.art196|onu.art25|lbi.art74|onu.art9;Elements must only use permitted ARIA attributes;Controle sem nome, função ou valor expostos simplesmente não existe para a tecnologia assistiva: o serviço é, para o usuário cego, inexistente. É a forma mais severa de barreira na informação do art. 3º, IV, 'd'.
10a112f5-b065-4442-bcef-69c8f9b6629f;carioca-rio-saude;Carioca Digital — catálogo de serviços de saúde;2026-08-19T04:05:39.193289+00:00;https://carioca.rio/servicos/atendimento-em-unidades-de-pronto-atendimento-upa-24-horas/;1;mobile-320;color-contrast;axe-core;incomplete;;alto;1.4.3;1.4.3;perceptivel;AA;1;baixa_visao|cognitiva_neurodivergencia|visao_de_cores;lbi.art63.caput|lbi.art3.iv.d|lbi.art4|dec5296.art47|emag.3.1|lbi.art18|cf.art196|onu.art25|cf.art5.xiv|lai.art8.par3.viii;Elements must meet minimum color contrast ratio thresholds;"O contraste insuficiente é a barreira de comunicação mais prevalente e atinge diretamente a população idosa usuária do SUS; sua persistência em portal público caracteriza descumprimento continuado do art. 63, caput, da LBI e do art. 47 do Decreto 5.296/2004."
10a112f5-b065-4442-bcef-69c8f9b6629f;carioca-rio-saude;Carioca Digital — catálogo de serviços de saúde;2026-08-19T04:05:39.193289+00:00;https://carioca.rio/servicos/atendimento-em-unidades-de-pronto-atendimento-upa-24-horas/;1;mobile-320;probe.landmarks.no-main;probe;fail;serious;alto;1.3.1;1.3.1;perceptivel;A;1;baixa_visao|cegueira|cognitiva_neurodivergencia;lbi.art63.caput|lbi.art3.iv.d|lbi.art4|dec5296.art47|emag.3.1|lbi.art18|cf.art196|onu.art25|lbi.art74;A página não declara marco de conteúdo principal (<main>).;"Sem estrutura semântica, a tecnologia assistiva não consegue reconstruir a relação entre rótulo e dado; o art. 74 da LBI assegura o acesso a tecnologias assistivas, o que pressupõe conteúdo com elas compatível."
10a112f5-b065-4442-bcef-69c8f9b6629f;carioca-rio-saude;Carioca Digital — catálogo de serviços de saúde;2026-08-19T04:05:39.193289+00:00;https://carioca.rio/servicos/atendimento-em-unidades-de-pronto-atendimento-upa-24-horas/;1;mobile-320;probe.landmarks.no-skip-link;probe;fail;moderate;moderado;2.4.1;2.4.1;operavel;A;1;cegueira|cognitiva_neurodivergencia|motora;lbi.art63.caput|lbi.art3.iv.d|lbi.art4|dec5296.art47|emag.3.1|lbi.art18|cf.art196|onu.art25|lbi.art3.i;Nenhum link de salto para o conteúdo principal foi encontrado.;A ausência de mecanismo de salto obriga a percorrer repetidamente blocos idênticos, esforço desproporcional vedado pelo conceito de acessibilidade com autonomia do art. 3º, I da LBI.
10a112f5-b065-4442-bcef-69c8f9b6629f;carioca-rio-saude;Carioca Digital — catálogo de serviços de saúde;2026-08-19T04:05:39.193289+00:00;https://carioca.rio/servicos/atendimento-em-unidades-de-pronto-atendimento-upa-24-horas/;1;mobile-320;probe.heading-structure.level-skip;probe;incomplete;;alto;1.3.1;1.3.1;perceptivel;A;1;baixa_visao|cegueira|cognitiva_neurodivergencia;lbi.art63.caput|lbi.art3.iv.d|lbi.art4|dec5296.art47|emag.3.1|lbi.art18|cf.art196|onu.art25|lbi.art74;1 salto(s) de nível na hierarquia de cabeçalhos.;"Sem estrutura semântica, a tecnologia assistiva não consegue reconstruir a relação entre rótulo e dado; o art. 74 da LBI assegura o acesso a tecnologias assistivas, o que pressupõe conteúdo com elas compatível."
10a112f5-b065-4442-bcef-69c8f9b6629f;carioca-rio-saude;Carioca Digital — catálogo de serviços de saúde;2026-08-19T04:05:39.193289+00:00;https://carioca.rio/servicos/atendimento-em-unidades-de-pronto-atendimento-upa-24-horas/;1;mobile-320;probe.id-duplicado.inerte;probe;incomplete;;baixo;4.1.1;4.1.1;robusto;A;2;cegueira|cognitiva_neurodivergencia|motora;lbi.art63.caput|lbi.art3.iv.d|lbi.art4|dec5296.art47|emag.3.1|lbi.art18|cf.art196|onu.art25|lbi.art74;2 identificador(es) duplicado(s) sem referência associada.;Marcação malformada produz comportamento imprevisível em tecnologia assistiva, comprometendo a interoperabilidade pressuposta pelo art. 74.
10a112f5-b065-4442-bcef-69c8f9b6629f;carioca-rio-saude;Carioca Digital — catálogo de serviços de saúde;2026-08-19T04:05:39.193289+00:00;https://carioca.rio/servicos/atendimento-em-unidades-de-pronto-atendimento-upa-24-horas/;1;mobile-320;probe.non-interactive-control;probe;fail;critical;critico;2.1.1|4.1.2;2.1.1;operavel;A;2;cegueira|motora;lbi.art63.caput|lbi.art3.iv.d|lbi.art4|dec5296.art47|emag.3.1|lbi.art18|cf.art196|onu.art25|lbi.art74|onu.art9|lbi.art3.i;2 elemento(s) respondem ao clique do mouse mas não são alcançáveis por teclado.;A construção de controles inacessíveis por teclado impede integralmente o uso do serviço por pessoas com deficiência motora e por usuários de leitor de tela, sem qualquer rota alternativa. Configura barreira absoluta na comunicação e na informação (art. 3º, IV, 'd', LBI), violação direta do dever de acessibilidade dos sítios de órgãos de governo (art. 63, caput, LBI) e descumprimento do art. 9 da Convenção sobre os Direitos das Pessoas com Deficiência, que tem hierarquia de emenda constitucional.
10a112f5-b065-4442-bcef-69c8f9b6629f;carioca-rio-saude;Carioca Digital — catálogo de serviços de saúde;2026-08-19T04:05:39.193289+00:00;https://carioca.rio/servicos/atendimento-em-unidades-de-pronto-atendimento-upa-24-horas/;1;mobile-320;probe.placeholder-como-rotulo;probe;fail;serious;alto;3.3.2;3.3.2;compreensivel;A;2;baixa_visao|cegueira|cognitiva_neurodivergencia;lbi.art63.caput|lbi.art3.iv.d|lbi.art4|dec5296.art47|emag.3.1|lbi.art18|cf.art196|onu.art25|lbi.art74|lbi.art3.i;2 campo(s) de formulário são identificados apenas pelo texto de placeholder.;Campo sem rótulo programático torna indeterminável o dado solicitado, inviabilizando o preenchimento autônomo (art. 3º, I, LBI).
10a112f5-b065-4442-bcef-69c8f9b6629f;carioca-rio-saude;Carioca Digital — catálogo de serviços de saúde;2026-08-19T04:05:39.193289+00:00;https://carioca.rio/servicos/atendimento-em-unidades-de-pronto-atendimento-upa-24-horas/;1;mobile-320;probe.reflow-320;probe;fail;serious;alto;1.4.10;1.4.10;perceptivel;AA;5;baixa_visao|cognitiva_neurodivergencia|motora;lbi.art63.caput|lbi.art3.iv.d|lbi.art4|dec5296.art47|emag.3.1|lbi.art18|cf.art196|onu.art25|lei13460.art5;A página exige rolagem horizontal em tela de 320 px (8 px de transbordo).;"O acesso majoritário aos serviços públicos de saúde no Brasil se dá por telefone celular; a exigência de rolagem bidirecional em telas estreitas inviabiliza o uso e frustra o acesso universal do art. 196 da CF/88."
10a112f5-b065-4442-bcef-69c8f9b6629f;carioca-rio-saude;Carioca Digital — catálogo de serviços de saúde;2026-08-19T04:05:39.193289+00:00;https://carioca.rio/servicos/atendimento-em-unidades-de-pronto-atendimento-upa-24-horas/;1;mobile-320;probe.zoom-lock;probe;fail;serious;alto;1.4.4;1.4.4;perceptivel;AA;1;baixa_visao|cognitiva_neurodivergencia;lbi.art63.caput|lbi.art3.iv.d|lbi.art4|dec5296.art47|emag.3.1|lbi.art18|cf.art196|onu.art25;A página bloqueia a ampliação pelo usuário.;O bloqueio de ampliação nega adaptação razoável, conduta equiparada a discriminação pelo art. 4º, § 1º da LBI.
10a112f5-b065-4442-bcef-69c8f9b6629f;carioca-rio-saude;Carioca Digital — catálogo de serviços de saúde;2026-08-19T04:05:39.193289+00:00;https://carioca.rio/servicos/atendimento-em-unidades-de-pronto-atendimento-upa-24-horas/;1;desktop-1366;color-contrast;axe-core;fail;serious;alto;1.4.3;1.4.3;perceptivel;AA;189;baixa_visao|cognitiva_neurodivergencia|visao_de_cores;lbi.art63.caput|lbi.art3.iv.d|lbi.art4|dec5296.art47|emag.3.1|lbi.art18|cf.art196|onu.art25|cf.art5.xiv|lai.art8.par3.viii;Elements must meet minimum color contrast ratio thresholds;"O contraste insuficiente é a barreira de comunicação mais prevalente e atinge diretamente a população idosa usuária do SUS; sua persistência em portal público caracteriza descumprimento continuado do art. 63, caput, da LBI e do art. 47 do Decreto 5.296/2004."
10a112f5-b065-4442-bcef-69c8f9b6629f;carioca-rio-saude;Carioca Digital — catálogo de serviços de saúde;2026-08-19T04:05:39.193289+00:00;https://carioca.rio/servicos/atendimento-em-unidades-de-pronto-atendimento-upa-24-horas/;1;desktop-1366;image-alt;axe-core;fail;critical;alto;1.1.1;1.1.1;perceptivel;A;11;baixa_conectividade|baixa_visao|cegueira|cognitiva_neurodivergencia;lbi.art63.caput|lbi.art3.iv.d|lbi.art4|dec5296.art47|emag.3.1|lbi.art18|cf.art196|onu.art25|lbi.art74|cf.art5.xiv|lai.art8.par3.viii;Images must have alternative text;A ausência de alternativa textual configura barreira na comunicação e na informação (art. 3º, IV, 'd', LBI): o conteúdo existe juridicamente como informação pública, mas não é recebível pelo usuário cego, esvaziando o dever de transparência ativa do art. 8º, § 3º, VIII da LAI.
10a112f5-b065-4442-bcef-69c8f9b6629f;carioca-rio-saude;Carioca Digital — catálogo de serviços de saúde;2026-08-19T04:05:39.193289+00:00;https://carioca.rio/servicos/atendimento-em-unidades-de-pronto-atendimento-upa-24-horas/;1;desktop-1366;input-button-name;axe-core;fail;critical;critico;4.1.2;4.1.2;robusto;A;1;cegueira|fala|motora;lbi.art63.caput|lbi.art3.iv.d|lbi.art4|dec5296.art47|emag.3.1|lbi.art18|cf.art196|onu.art25|lbi.art74|onu.art9;Input buttons must have discernible text;Controle sem nome, função ou valor expostos simplesmente não existe para a tecnologia assistiva: o serviço é, para o usuário cego, inexistente. É a forma mais severa de barreira na informação do art. 3º, IV, 'd'.
10a112f5-b065-4442-bcef-69c8f9b6629f;carioca-rio-saude;Carioca Digital — catálogo de serviços de saúde;2026-08-19T04:05:39.193289+00:00;https://carioca.rio/servicos/atendimento-em-unidades-de-pronto-atendimento-upa-24-horas/;1;desktop-1366;link-name;axe-core;fail;serious;critico;2.4.4|4.1.2;2.4.4;operavel;A;6;cegueira|cognitiva_neurodivergencia|fala|motora;lbi.art63.caput|lbi.art3.iv.d|lbi.art4|dec5296.art47|emag.3.1|lbi.art18|cf.art196|onu.art25|lbi.art74|onu.art9;Links must have discernible text;Controle sem nome, função ou valor expostos simplesmente não existe para a tecnologia assistiva: o serviço é, para o usuário cego, inexistente. É a forma mais severa de barreira na informação do art. 3º, IV, 'd'.
10a112f5-b065-4442-bcef-69c8f9b6629f;carioca-rio-saude;Carioca Digital — catálogo de serviços de saúde;2026-08-19T04:05:39.193289+00:00;https://carioca.rio/servicos/atendimento-em-unidades-de-pronto-atendimento-upa-24-horas/;1;desktop-1366;list;axe-core;fail;serious;alto;1.3.1;1.3.1;perceptivel;A;2;baixa_visao|cegueira|cognitiva_neurodivergencia;lbi.art63.caput|lbi.art3.iv.d|lbi.art4|dec5296.art47|emag.3.1|lbi.art18|cf.art196|onu.art25|lbi.art74;<ul> and <ol> must only directly contain <li>, <script> or <template> elements;"Sem estrutura semântica, a tecnologia assistiva não consegue reconstruir a relação entre rótulo e dado; o art. 74 da LBI assegura o acesso a tecnologias assistivas, o que pressupõe conteúdo com elas compatível."
10a112f5-b065-4442-bcef-69c8f9b6629f;carioca-rio-saude;Carioca Digital — catálogo de serviços de saúde;2026-08-19T04:05:39.193289+00:00;https://carioca.rio/servicos/atendimento-em-unidades-de-pronto-atendimento-upa-24-horas/;1;desktop-1366;listitem;axe-core;fail;serious;alto;1.3.1;1.3.1;perceptivel;A;119;baixa_visao|cegueira|cognitiva_neurodivergencia;lbi.art63.caput|lbi.art3.iv.d|lbi.art4|dec5296.art47|emag.3.1|lbi.art18|cf.art196|onu.art25|lbi.art74;<li> elements must be contained in a <ul> or <ol>;"Sem estrutura semântica, a tecnologia assistiva não consegue reconstruir a relação entre rótulo e dado; o art. 74 da LBI assegura o acesso a tecnologias assistivas, o que pressupõe conteúdo com elas compatível."
10a112f5-b065-4442-bcef-69c8f9b6629f;carioca-rio-saude;Carioca Digital — catálogo de serviços de saúde;2026-08-19T04:05:39.193289+00:00;https://carioca.rio/servicos/atendimento-em-unidades-de-pronto-atendimento-upa-24-horas/;1;desktop-1366;meta-viewport;axe-core;fail;moderate;alto;1.4.4;1.4.4;perceptivel;AA;1;baixa_visao|cognitiva_neurodivergencia;lbi.art63.caput|lbi.art3.iv.d|lbi.art4|dec5296.art47|emag.3.1|lbi.art18|cf.art196|onu.art25;Zooming and scaling must not be disabled;O bloqueio de ampliação nega adaptação razoável, conduta equiparada a discriminação pelo art. 4º, § 1º da LBI.
10a112f5-b065-4442-bcef-69c8f9b6629f;carioca-rio-saude;Carioca Digital — catálogo de serviços de saúde;2026-08-19T04:05:39.193289+00:00;https://carioca.rio/servicos/atendimento-em-unidades-de-pronto-atendimento-upa-24-horas/;1;desktop-1366;aria-prohibited-attr;axe-core;incomplete;;critico;4.1.2;4.1.2;robusto;A;3;cegueira|fala|motora;lbi.art63.caput|lbi.art3.iv.d|lbi.art4|dec5296.art47|emag.3.1|lbi.art18|cf.art196|onu.art25|lbi.art74|onu.art9;Elements must only use permitted ARIA attributes;Controle sem nome, função ou valor expostos simplesmente não existe para a tecnologia assistiva: o serviço é, para o usuário cego, inexistente. É a forma mais severa de barreira na informação do art. 3º, IV, 'd'.
10a112f5-b065-4442-bcef-69c8f9b6629f;carioca-rio-saude;Carioca Digital — catálogo de serviços de saúde;2026-08-19T04:05:39.193289+00:00;https://carioca.rio/servicos/atendimento-em-unidades-de-pronto-atendimento-upa-24-horas/;1;desktop-1366;color-contrast;axe-core;incomplete;;alto;1.4.3;1.4.3;perceptivel;AA;2;baixa_visao|cognitiva_neurodivergencia|visao_de_cores;lbi.art63.caput|lbi.art3.iv.d|lbi.art4|dec5296.art47|emag.3.1|lbi.art18|cf.art196|onu.art25|cf.art5.xiv|lai.art8.par3.viii;Elements must meet minimum color contrast ratio thresholds;"O contraste insuficiente é a barreira de comunicação mais prevalente e atinge diretamente a população idosa usuária do SUS; sua persistência em portal público caracteriza descumprimento continuado do art. 63, caput, da LBI e do art. 47 do Decreto 5.296/2004."
10a112f5-b065-4442-bcef-69c8f9b6629f;carioca-rio-saude;Carioca Digital — catálogo de serviços de saúde;2026-08-19T04:05:39.193289+00:00;https://carioca.rio/servicos/atendimento-em-unidades-de-pronto-atendimento-upa-24-horas/;1;desktop-1366;probe.landmarks.no-main;probe;fail;serious;alto;1.3.1;1.3.1;perceptivel;A;1;baixa_visao|cegueira|cognitiva_neurodivergencia;lbi.art63.caput|lbi.art3.iv.d|lbi.art4|dec5296.art47|emag.3.1|lbi.art18|cf.art196|onu.art25|lbi.art74;A página não declara marco de conteúdo principal (<main>).;"Sem estrutura semântica, a tecnologia assistiva não consegue reconstruir a relação entre rótulo e dado; o art. 74 da LBI assegura o acesso a tecnologias assistivas, o que pressupõe conteúdo com elas compatível."
10a112f5-b065-4442-bcef-69c8f9b6629f;carioca-rio-saude;Carioca Digital — catálogo de serviços de saúde;2026-08-19T04:05:39.193289+00:00;https://carioca.rio/servicos/atendimento-em-unidades-de-pronto-atendimento-upa-24-horas/;1;desktop-1366;probe.landmarks.no-skip-link;probe;fail;moderate;moderado;2.4.1;2.4.1;operavel;A;1;cegueira|cognitiva_neurodivergencia|motora;lbi.art63.caput|lbi.art3.iv.d|lbi.art4|dec5296.art47|emag.3.1|lbi.art18|cf.art196|onu.art25|lbi.art3.i;Nenhum link de salto para o conteúdo principal foi encontrado.;A ausência de mecanismo de salto obriga a percorrer repetidamente blocos idênticos, esforço desproporcional vedado pelo conceito de acessibilidade com autonomia do art. 3º, I da LBI.
10a112f5-b065-4442-bcef-69c8f9b6629f;carioca-rio-saude;Carioca Digital — catálogo de serviços de saúde;2026-08-19T04:05:39.193289+00:00;https://carioca.rio/servicos/atendimento-em-unidades-de-pronto-atendimento-upa-24-horas/;1;desktop-1366;probe.heading-structure.level-skip;probe;incomplete;;alto;1.3.1;1.3.1;perceptivel;A;1;baixa_visao|cegueira|cognitiva_neurodivergencia;lbi.art63.caput|lbi.art3.iv.d|lbi.art4|dec5296.art47|emag.3.1|lbi.art18|cf.art196|onu.art25|lbi.art74;1 salto(s) de nível na hierarquia de cabeçalhos.;"Sem estrutura semântica, a tecnologia assistiva não consegue reconstruir a relação entre rótulo e dado; o art. 74 da LBI assegura o acesso a tecnologias assistivas, o que pressupõe conteúdo com elas compatível."
10a112f5-b065-4442-bcef-69c8f9b6629f;carioca-rio-saude;Carioca Digital — catálogo de serviços de saúde;2026-08-19T04:05:39.193289+00:00;https://carioca.rio/servicos/atendimento-em-unidades-de-pronto-atendimento-upa-24-horas/;1;desktop-1366;probe.id-duplicado.inerte;probe;incomplete;;baixo;4.1.1;4.1.1;robusto;A;2;cegueira|cognitiva_neurodivergencia|motora;lbi.art63.caput|lbi.art3.iv.d|lbi.art4|dec5296.art47|emag.3.1|lbi.art18|cf.art196|onu.art25|lbi.art74;2 identificador(es) duplicado(s) sem referência associada.;Marcação malformada produz comportamento imprevisível em tecnologia assistiva, comprometendo a interoperabilidade pressuposta pelo art. 74.
10a112f5-b065-4442-bcef-69c8f9b6629f;carioca-rio-saude;Carioca Digital — catálogo de serviços de saúde;2026-08-19T04:05:39.193289+00:00;https://carioca.rio/servicos/atendimento-em-unidades-de-pronto-atendimento-upa-24-horas/;1;desktop-1366;probe.non-interactive-control;probe;fail;critical;critico;2.1.1|4.1.2;2.1.1;operavel;A;2;cegueira|motora;lbi.art63.caput|lbi.art3.iv.d|lbi.art4|dec5296.art47|emag.3.1|lbi.art18|cf.art196|onu.art25|lbi.art74|onu.art9|lbi.art3.i;2 elemento(s) respondem ao clique do mouse mas não são alcançáveis por teclado.;A construção de controles inacessíveis por teclado impede integralmente o uso do serviço por pessoas com deficiência motora e por usuários de leitor de tela, sem qualquer rota alternativa. Configura barreira absoluta na comunicação e na informação (art. 3º, IV, 'd', LBI), violação direta do dever de acessibilidade dos sítios de órgãos de governo (art. 63, caput, LBI) e descumprimento do art. 9 da Convenção sobre os Direitos das Pessoas com Deficiência, que tem hierarquia de emenda constitucional.
10a112f5-b065-4442-bcef-69c8f9b6629f;carioca-rio-saude;Carioca Digital — catálogo de serviços de saúde;2026-08-19T04:05:39.193289+00:00;https://carioca.rio/servicos/atendimento-em-unidades-de-pronto-atendimento-upa-24-horas/;1;desktop-1366;probe.placeholder-como-rotulo;probe;fail;serious;alto;3.3.2;3.3.2;compreensivel;A;2;baixa_visao|cegueira|cognitiva_neurodivergencia;lbi.art63.caput|lbi.art3.iv.d|lbi.art4|dec5296.art47|emag.3.1|lbi.art18|cf.art196|onu.art25|lbi.art74|lbi.art3.i;2 campo(s) de formulário são identificados apenas pelo texto de placeholder.;Campo sem rótulo programático torna indeterminável o dado solicitado, inviabilizando o preenchimento autônomo (art. 3º, I, LBI).
10a112f5-b065-4442-bcef-69c8f9b6629f;carioca-rio-saude;Carioca Digital — catálogo de serviços de saúde;2026-08-19T04:05:39.193289+00:00;https://carioca.rio/servicos/atendimento-em-unidades-de-pronto-atendimento-upa-24-horas/;1;desktop-1366;probe.zoom-lock;probe;fail;serious;alto;1.4.4;1.4.4;perceptivel;AA;1;baixa_visao|cognitiva_neurodivergencia;lbi.art63.caput|lbi.art3.iv.d|lbi.art4|dec5296.art47|emag.3.1|lbi.art18|cf.art196|onu.art25;A página bloqueia a ampliação pelo usuário.;O bloqueio de ampliação nega adaptação razoável, conduta equiparada a discriminação pelo art. 4º, § 1º da LBI.
10a112f5-b065-4442-bcef-69c8f9b6629f;carioca-rio-saude;Carioca Digital — catálogo de serviços de saúde;2026-08-19T04:05:39.193289+00:00;https://carioca.rio/servicos/atendimento-em-unidades-de-pronto-atendimento-upa-24-horas/;1;desktop-1366;probe.readability;heuristic;incomplete;;moderado;;;;;1;cognitiva_neurodivergencia|baixa_conectividade;lbi.art18|lai.art8.par3.viii|lei13460.art5;Legibilidade do conteúdo principal em 29.24 pontos — faixa difícil (exige ensino médio completo).;A publicação de informação de saúde em registro linguístico inacessível à população destinatária esvazia materialmente o dever de oferta de comunicação e informação adequadas (art. 18, § 4º, IV, LBI) e o dever de transparência ativa (art. 8º, § 3º, LAI). A informação torna-se disponível sem se tornar acessível.
7a05c396-424c-41b3-8c72-c3952390a950;carioca-rio-saude;Carioca Digital — catálogo de serviços de saúde;2026-08-18T21:52:35.693284+00:00;https://carioca.rio/tema/saude;1;mobile-320;aria-required-children;axe-core;fail;critical;alto;1.3.1;1.3.1;perceptivel;A;1;baixa_visao|cegueira|cognitiva_neurodivergencia;lbi.art63.caput|lbi.art3.iv.d|lbi.art4|dec5296.art47|emag.3.1|lbi.art18|cf.art196|onu.art25|lbi.art74;Certain ARIA roles must contain particular children;"Sem estrutura semântica, a tecnologia assistiva não consegue reconstruir a relação entre rótulo e dado; o art. 74 da LBI assegura o acesso a tecnologias assistivas, o que pressupõe conteúdo com elas compatível."
7a05c396-424c-41b3-8c72-c3952390a950;carioca-rio-saude;Carioca Digital — catálogo de serviços de saúde;2026-08-18T21:52:35.693284+00:00;https://carioca.rio/tema/saude;1;mobile-320;aria-required-parent;axe-core;fail;critical;alto;1.3.1;1.3.1;perceptivel;A;2;baixa_visao|cegueira|cognitiva_neurodivergencia;lbi.art63.caput|lbi.art3.iv.d|lbi.art4|dec5296.art47|emag.3.1|lbi.art18|cf.art196|onu.art25|lbi.art74;Certain ARIA roles must be contained by particular parents;"Sem estrutura semântica, a tecnologia assistiva não consegue reconstruir a relação entre rótulo e dado; o art. 74 da LBI assegura o acesso a tecnologias assistivas, o que pressupõe conteúdo com elas compatível."
7a05c396-424c-41b3-8c72-c3952390a950;carioca-rio-saude;Carioca Digital — catálogo de serviços de saúde;2026-08-18T21:52:35.693284+00:00;https://carioca.rio/tema/saude;1;mobile-320;color-contrast;axe-core;fail;serious;alto;1.4.3;1.4.3;perceptivel;AA;118;baixa_visao|cognitiva_neurodivergencia|visao_de_cores;lbi.art63.caput|lbi.art3.iv.d|lbi.art4|dec5296.art47|emag.3.1|lbi.art18|cf.art196|onu.art25|cf.art5.xiv|lai.art8.par3.viii;Elements must meet minimum color contrast ratio thresholds;"O contraste insuficiente é a barreira de comunicação mais prevalente e atinge diretamente a população idosa usuária do SUS; sua persistência em portal público caracteriza descumprimento continuado do art. 63, caput, da LBI e do art. 47 do Decreto 5.296/2004."
7a05c396-424c-41b3-8c72-c3952390a950;carioca-rio-saude;Carioca Digital — catálogo de serviços de saúde;2026-08-18T21:52:35.693284+00:00;https://carioca.rio/tema/saude;1;mobile-320;image-alt;axe-core;fail;critical;alto;1.1.1;1.1.1;perceptivel;A;15;baixa_conectividade|baixa_visao|cegueira|cognitiva_neurodivergencia;lbi.art63.caput|lbi.art3.iv.d|lbi.art4|dec5296.art47|emag.3.1|lbi.art18|cf.art196|onu.art25|lbi.art74|cf.art5.xiv|lai.art8.par3.viii;Images must have alternative text;A ausência de alternativa textual configura barreira na comunicação e na informação (art. 3º, IV, 'd', LBI): o conteúdo existe juridicamente como informação pública, mas não é recebível pelo usuário cego, esvaziando o dever de transparência ativa do art. 8º, § 3º, VIII da LAI.
7a05c396-424c-41b3-8c72-c3952390a950;carioca-rio-saude;Carioca Digital — catálogo de serviços de saúde;2026-08-18T21:52:35.693284+00:00;https://carioca.rio/tema/saude;1;mobile-320;input-button-name;axe-core;fail;critical;critico;4.1.2;4.1.2;robusto;A;1;cegueira|fala|motora;lbi.art63.caput|lbi.art3.iv.d|lbi.art4|dec5296.art47|emag.3.1|lbi.art18|cf.art196|onu.art25|lbi.art74|onu.art9;Input buttons must have discernible text;Controle sem nome, função ou valor expostos simplesmente não existe para a tecnologia assistiva: o serviço é, para o usuário cego, inexistente. É a forma mais severa de barreira na informação do art. 3º, IV, 'd'.
7a05c396-424c-41b3-8c72-c3952390a950;carioca-rio-saude;Carioca Digital — catálogo de serviços de saúde;2026-08-18T21:52:35.693284+00:00;https://carioca.rio/tema/saude;1;mobile-320;link-name;axe-core;fail;serious;critico;2.4.4|4.1.2;2.4.4;operavel;A;4;cegueira|cognitiva_neurodivergencia|fala|motora;lbi.art63.caput|lbi.art3.iv.d|lbi.art4|dec5296.art47|emag.3.1|lbi.art18|cf.art196|onu.art25|lbi.art74|onu.art9;Links must have discernible text;Controle sem nome, função ou valor expostos simplesmente não existe para a tecnologia assistiva: o serviço é, para o usuário cego, inexistente. É a forma mais severa de barreira na informação do art. 3º, IV, 'd'.
7a05c396-424c-41b3-8c72-c3952390a950;carioca-rio-saude;Carioca Digital — catálogo de serviços de saúde;2026-08-18T21:52:35.693284+00:00;https://carioca.rio/tema/saude;1;mobile-320;listitem;axe-core;fail;serious;alto;1.3.1;1.3.1;perceptivel;A;2;baixa_visao|cegueira|cognitiva_neurodivergencia;lbi.art63.caput|lbi.art3.iv.d|lbi.art4|dec5296.art47|emag.3.1|lbi.art18|cf.art196|onu.art25|lbi.art74;<li> elements must be contained in a <ul> or <ol>;"Sem estrutura semântica, a tecnologia assistiva não consegue reconstruir a relação entre rótulo e dado; o art. 74 da LBI assegura o acesso a tecnologias assistivas, o que pressupõe conteúdo com elas compatível."
7a05c396-424c-41b3-8c72-c3952390a950;carioca-rio-saude;Carioca Digital — catálogo de serviços de saúde;2026-08-18T21:52:35.693284+00:00;https://carioca.rio/tema/saude;1;mobile-320;meta-viewport;axe-core;fail;moderate;alto;1.4.4;1.4.4;perceptivel;AA;1;baixa_visao|cognitiva_neurodivergencia;lbi.art63.caput|lbi.art3.iv.d|lbi.art4|dec5296.art47|emag.3.1|lbi.art18|cf.art196|onu.art25;Zooming and scaling must not be disabled;O bloqueio de ampliação nega adaptação razoável, conduta equiparada a discriminação pelo art. 4º, § 1º da LBI.
7a05c396-424c-41b3-8c72-c3952390a950;carioca-rio-saude;Carioca Digital — catálogo de serviços de saúde;2026-08-18T21:52:35.693284+00:00;https://carioca.rio/tema/saude;1;mobile-320;color-contrast;axe-core;incomplete;;alto;1.4.3;1.4.3;perceptivel;AA;5;baixa_visao|cognitiva_neurodivergencia|visao_de_cores;lbi.art63.caput|lbi.art3.iv.d|lbi.art4|dec5296.art47|emag.3.1|lbi.art18|cf.art196|onu.art25|cf.art5.xiv|lai.art8.par3.viii;Elements must meet minimum color contrast ratio thresholds;"O contraste insuficiente é a barreira de comunicação mais prevalente e atinge diretamente a população idosa usuária do SUS; sua persistência em portal público caracteriza descumprimento continuado do art. 63, caput, da LBI e do art. 47 do Decreto 5.296/2004."
7a05c396-424c-41b3-8c72-c3952390a950;carioca-rio-saude;Carioca Digital — catálogo de serviços de saúde;2026-08-18T21:52:35.693284+00:00;https://carioca.rio/tema/saude;1;mobile-320;probe.heading-structure.level-skip;probe;incomplete;;alto;1.3.1;1.3.1;perceptivel;A;1;baixa_visao|cegueira|cognitiva_neurodivergencia;lbi.art63.caput|lbi.art3.iv.d|lbi.art4|dec5296.art47|emag.3.1|lbi.art18|cf.art196|onu.art25|lbi.art74;1 salto(s) de nível na hierarquia de cabeçalhos.;"Sem estrutura semântica, a tecnologia assistiva não consegue reconstruir a relação entre rótulo e dado; o art. 74 da LBI assegura o acesso a tecnologias assistivas, o que pressupõe conteúdo com elas compatível."
7a05c396-424c-41b3-8c72-c3952390a950;carioca-rio-saude;Carioca Digital — catálogo de serviços de saúde;2026-08-18T21:52:35.693284+00:00;https://carioca.rio/tema/saude;1;mobile-320;probe.id-duplicado.inerte;probe;incomplete;;baixo;4.1.1;4.1.1;robusto;A;3;cegueira|cognitiva_neurodivergencia|motora;lbi.art63.caput|lbi.art3.iv.d|lbi.art4|dec5296.art47|emag.3.1|lbi.art18|cf.art196|onu.art25|lbi.art74;3 identificador(es) duplicado(s) sem referência associada.;Marcação malformada produz comportamento imprevisível em tecnologia assistiva, comprometendo a interoperabilidade pressuposta pelo art. 74.
7a05c396-424c-41b3-8c72-c3952390a950;carioca-rio-saude;Carioca Digital — catálogo de serviços de saúde;2026-08-18T21:52:35.693284+00:00;https://carioca.rio/tema/saude;1;mobile-320;probe.placeholder-como-rotulo;probe;fail;serious;alto;3.3.2;3.3.2;compreensivel;A;3;baixa_visao|cegueira|cognitiva_neurodivergencia;lbi.art63.caput|lbi.art3.iv.d|lbi.art4|dec5296.art47|emag.3.1|lbi.art18|cf.art196|onu.art25|lbi.art74|lbi.art3.i;3 campo(s) de formulário são identificados apenas pelo texto de placeholder.;Campo sem rótulo programático torna indeterminável o dado solicitado, inviabilizando o preenchimento autônomo (art. 3º, I, LBI).
7a05c396-424c-41b3-8c72-c3952390a950;carioca-rio-saude;Carioca Digital — catálogo de serviços de saúde;2026-08-18T21:52:35.693284+00:00;https://carioca.rio/tema/saude;1;mobile-320;probe.reflow-320;probe;fail;serious;alto;1.4.10;1.4.10;perceptivel;AA;5;baixa_visao|cognitiva_neurodivergencia|motora;lbi.art63.caput|lbi.art3.iv.d|lbi.art4|dec5296.art47|emag.3.1|lbi.art18|cf.art196|onu.art25|lei13460.art5;A página exige rolagem horizontal em tela de 320 px (8 px de transbordo).;"O acesso majoritário aos serviços públicos de saúde no Brasil se dá por telefone celular; a exigência de rolagem bidirecional em telas estreitas inviabiliza o uso e frustra o acesso universal do art. 196 da CF/88."
7a05c396-424c-41b3-8c72-c3952390a950;carioca-rio-saude;Carioca Digital — catálogo de serviços de saúde;2026-08-18T21:52:35.693284+00:00;https://carioca.rio/tema/saude;1;mobile-320;probe.zoom-lock;probe;fail;serious;alto;1.4.4;1.4.4;perceptivel;AA;1;baixa_visao|cognitiva_neurodivergencia;lbi.art63.caput|lbi.art3.iv.d|lbi.art4|dec5296.art47|emag.3.1|lbi.art18|cf.art196|onu.art25;A página bloqueia a ampliação pelo usuário.;O bloqueio de ampliação nega adaptação razoável, conduta equiparada a discriminação pelo art. 4º, § 1º da LBI.
7a05c396-424c-41b3-8c72-c3952390a950;carioca-rio-saude;Carioca Digital — catálogo de serviços de saúde;2026-08-18T21:52:35.693284+00:00;https://carioca.rio/tema/saude;1;desktop-1366;aria-required-children;axe-core;fail;critical;alto;1.3.1;1.3.1;perceptivel;A;1;baixa_visao|cegueira|cognitiva_neurodivergencia;lbi.art63.caput|lbi.art3.iv.d|lbi.art4|dec5296.art47|emag.3.1|lbi.art18|cf.art196|onu.art25|lbi.art74;Certain ARIA roles must contain particular children;"Sem estrutura semântica, a tecnologia assistiva não consegue reconstruir a relação entre rótulo e dado; o art. 74 da LBI assegura o acesso a tecnologias assistivas, o que pressupõe conteúdo com elas compatível."
7a05c396-424c-41b3-8c72-c3952390a950;carioca-rio-saude;Carioca Digital — catálogo de serviços de saúde;2026-08-18T21:52:35.693284+00:00;https://carioca.rio/tema/saude;1;desktop-1366;aria-required-parent;axe-core;fail;critical;alto;1.3.1;1.3.1;perceptivel;A;2;baixa_visao|cegueira|cognitiva_neurodivergencia;lbi.art63.caput|lbi.art3.iv.d|lbi.art4|dec5296.art47|emag.3.1|lbi.art18|cf.art196|onu.art25|lbi.art74;Certain ARIA roles must be contained by particular parents;"Sem estrutura semântica, a tecnologia assistiva não consegue reconstruir a relação entre rótulo e dado; o art. 74 da LBI assegura o acesso a tecnologias assistivas, o que pressupõe conteúdo com elas compatível."
7a05c396-424c-41b3-8c72-c3952390a950;carioca-rio-saude;Carioca Digital — catálogo de serviços de saúde;2026-08-18T21:52:35.693284+00:00;https://carioca.rio/tema/saude;1;desktop-1366;color-contrast;axe-core;fail;serious;alto;1.4.3;1.4.3;perceptivel;AA;292;baixa_visao|cognitiva_neurodivergencia|visao_de_cores;lbi.art63.caput|lbi.art3.iv.d|lbi.art4|dec5296.art47|emag.3.1|lbi.art18|cf.art196|onu.art25|cf.art5.xiv|lai.art8.par3.viii;Elements must meet minimum color contrast ratio thresholds;"O contraste insuficiente é a barreira de comunicação mais prevalente e atinge diretamente a população idosa usuária do SUS; sua persistência em portal público caracteriza descumprimento continuado do art. 63, caput, da LBI e do art. 47 do Decreto 5.296/2004."
7a05c396-424c-41b3-8c72-c3952390a950;carioca-rio-saude;Carioca Digital — catálogo de serviços de saúde;2026-08-18T21:52:35.693284+00:00;https://carioca.rio/tema/saude;1;desktop-1366;image-alt;axe-core;fail;critical;alto;1.1.1;1.1.1;perceptivel;A;15;baixa_conectividade|baixa_visao|cegueira|cognitiva_neurodivergencia;lbi.art63.caput|lbi.art3.iv.d|lbi.art4|dec5296.art47|emag.3.1|lbi.art18|cf.art196|onu.art25|lbi.art74|cf.art5.xiv|lai.art8.par3.viii;Images must have alternative text;A ausência de alternativa textual configura barreira na comunicação e na informação (art. 3º, IV, 'd', LBI): o conteúdo existe juridicamente como informação pública, mas não é recebível pelo usuário cego, esvaziando o dever de transparência ativa do art. 8º, § 3º, VIII da LAI.
7a05c396-424c-41b3-8c72-c3952390a950;carioca-rio-saude;Carioca Digital — catálogo de serviços de saúde;2026-08-18T21:52:35.693284+00:00;https://carioca.rio/tema/saude;1;desktop-1366;input-button-name;axe-core;fail;critical;critico;4.1.2;4.1.2;robusto;A;1;cegueira|fala|motora;lbi.art63.caput|lbi.art3.iv.d|lbi.art4|dec5296.art47|emag.3.1|lbi.art18|cf.art196|onu.art25|lbi.art74|onu.art9;Input buttons must have discernible text;Controle sem nome, função ou valor expostos simplesmente não existe para a tecnologia assistiva: o serviço é, para o usuário cego, inexistente. É a forma mais severa de barreira na informação do art. 3º, IV, 'd'.
7a05c396-424c-41b3-8c72-c3952390a950;carioca-rio-saude;Carioca Digital — catálogo de serviços de saúde;2026-08-18T21:52:35.693284+00:00;https://carioca.rio/tema/saude;1;desktop-1366;link-name;axe-core;fail;serious;critico;2.4.4|4.1.2;2.4.4;operavel;A;4;cegueira|cognitiva_neurodivergencia|fala|motora;lbi.art63.caput|lbi.art3.iv.d|lbi.art4|dec5296.art47|emag.3.1|lbi.art18|cf.art196|onu.art25|lbi.art74|onu.art9;Links must have discernible text;Controle sem nome, função ou valor expostos simplesmente não existe para a tecnologia assistiva: o serviço é, para o usuário cego, inexistente. É a forma mais severa de barreira na informação do art. 3º, IV, 'd'.
7a05c396-424c-41b3-8c72-c3952390a950;carioca-rio-saude;Carioca Digital — catálogo de serviços de saúde;2026-08-18T21:52:35.693284+00:00;https://carioca.rio/tema/saude;1;desktop-1366;list;axe-core;fail;serious;alto;1.3.1;1.3.1;perceptivel;A;2;baixa_visao|cegueira|cognitiva_neurodivergencia;lbi.art63.caput|lbi.art3.iv.d|lbi.art4|dec5296.art47|emag.3.1|lbi.art18|cf.art196|onu.art25|lbi.art74;<ul> and <ol> must only directly contain <li>, <script> or <template> elements;"Sem estrutura semântica, a tecnologia assistiva não consegue reconstruir a relação entre rótulo e dado; o art. 74 da LBI assegura o acesso a tecnologias assistivas, o que pressupõe conteúdo com elas compatível."
7a05c396-424c-41b3-8c72-c3952390a950;carioca-rio-saude;Carioca Digital — catálogo de serviços de saúde;2026-08-18T21:52:35.693284+00:00;https://carioca.rio/tema/saude;1;desktop-1366;listitem;axe-core;fail;serious;alto;1.3.1;1.3.1;perceptivel;A;121;baixa_visao|cegueira|cognitiva_neurodivergencia;lbi.art63.caput|lbi.art3.iv.d|lbi.art4|dec5296.art47|emag.3.1|lbi.art18|cf.art196|onu.art25|lbi.art74;<li> elements must be contained in a <ul> or <ol>;"Sem estrutura semântica, a tecnologia assistiva não consegue reconstruir a relação entre rótulo e dado; o art. 74 da LBI assegura o acesso a tecnologias assistivas, o que pressupõe conteúdo com elas compatível."
7a05c396-424c-41b3-8c72-c3952390a950;carioca-rio-saude;Carioca Digital — catálogo de serviços de saúde;2026-08-18T21:52:35.693284+00:00;https://carioca.rio/tema/saude;1;desktop-1366;meta-viewport;axe-core;fail;moderate;alto;1.4.4;1.4.4;perceptivel;AA;1;baixa_visao|cognitiva_neurodivergencia;lbi.art63.caput|lbi.art3.iv.d|lbi.art4|dec5296.art47|emag.3.1|lbi.art18|cf.art196|onu.art25;Zooming and scaling must not be disabled;O bloqueio de ampliação nega adaptação razoável, conduta equiparada a discriminação pelo art. 4º, § 1º da LBI.
7a05c396-424c-41b3-8c72-c3952390a950;carioca-rio-saude;Carioca Digital — catálogo de serviços de saúde;2026-08-18T21:52:35.693284+00:00;https://carioca.rio/tema/saude;1;desktop-1366;color-contrast;axe-core;incomplete;;alto;1.4.3;1.4.3;perceptivel;AA;6;baixa_visao|cognitiva_neurodivergencia|visao_de_cores;lbi.art63.caput|lbi.art3.iv.d|lbi.art4|dec5296.art47|emag.3.1|lbi.art18|cf.art196|onu.art25|cf.art5.xiv|lai.art8.par3.viii;Elements must meet minimum color contrast ratio thresholds;"O contraste insuficiente é a barreira de comunicação mais prevalente e atinge diretamente a população idosa usuária do SUS; sua persistência em portal público caracteriza descumprimento continuado do art. 63, caput, da LBI e do art. 47 do Decreto 5.296/2004."
7a05c396-424c-41b3-8c72-c3952390a950;carioca-rio-saude;Carioca Digital — catálogo de serviços de saúde;2026-08-18T21:52:35.693284+00:00;https://carioca.rio/tema/saude;1;desktop-1366;probe.heading-structure.level-skip;probe;incomplete;;alto;1.3.1;1.3.1;perceptivel;A;1;baixa_visao|cegueira|cognitiva_neurodivergencia;lbi.art63.caput|lbi.art3.iv.d|lbi.art4|dec5296.art47|emag.3.1|lbi.art18|cf.art196|onu.art25|lbi.art74;1 salto(s) de nível na hierarquia de cabeçalhos.;"Sem estrutura semântica, a tecnologia assistiva não consegue reconstruir a relação entre rótulo e dado; o art. 74 da LBI assegura o acesso a tecnologias assistivas, o que pressupõe conteúdo com elas compatível."
7a05c396-424c-41b3-8c72-c3952390a950;carioca-rio-saude;Carioca Digital — catálogo de serviços de saúde;2026-08-18T21:52:35.693284+00:00;https://carioca.rio/tema/saude;1;desktop-1366;probe.id-duplicado.inerte;probe;incomplete;;baixo;4.1.1;4.1.1;robusto;A;3;cegueira|cognitiva_neurodivergencia|motora;lbi.art63.caput|lbi.art3.iv.d|lbi.art4|dec5296.art47|emag.3.1|lbi.art18|cf.art196|onu.art25|lbi.art74;3 identificador(es) duplicado(s) sem referência associada.;Marcação malformada produz comportamento imprevisível em tecnologia assistiva, comprometendo a interoperabilidade pressuposta pelo art. 74.
7a05c396-424c-41b3-8c72-c3952390a950;carioca-rio-saude;Carioca Digital — catálogo de serviços de saúde;2026-08-18T21:52:35.693284+00:00;https://carioca.rio/tema/saude;1;desktop-1366;probe.placeholder-como-rotulo;probe;fail;serious;alto;3.3.2;3.3.2;compreensivel;A;3;baixa_visao|cegueira|cognitiva_neurodivergencia;lbi.art63.caput|lbi.art3.iv.d|lbi.art4|dec5296.art47|emag.3.1|lbi.art18|cf.art196|onu.art25|lbi.art74|lbi.art3.i;3 campo(s) de formulário são identificados apenas pelo texto de placeholder.;Campo sem rótulo programático torna indeterminável o dado solicitado, inviabilizando o preenchimento autônomo (art. 3º, I, LBI).
7a05c396-424c-41b3-8c72-c3952390a950;carioca-rio-saude;Carioca Digital — catálogo de serviços de saúde;2026-08-18T21:52:35.693284+00:00;https://carioca.rio/tema/saude;1;desktop-1366;probe.zoom-lock;probe;fail;serious;alto;1.4.4;1.4.4;perceptivel;AA;1;baixa_visao|cognitiva_neurodivergencia;lbi.art63.caput|lbi.art3.iv.d|lbi.art4|dec5296.art47|emag.3.1|lbi.art18|cf.art196|onu.art25;A página bloqueia a ampliação pelo usuário.;O bloqueio de ampliação nega adaptação razoável, conduta equiparada a discriminação pelo art. 4º, § 1º da LBI.
7a05c396-424c-41b3-8c72-c3952390a950;carioca-rio-saude;Carioca Digital — catálogo de serviços de saúde;2026-08-18T21:52:35.693284+00:00;https://carioca.rio/tema/saude;1;desktop-1366;probe.readability;heuristic;incomplete;;moderado;;;;;1;cognitiva_neurodivergencia|baixa_conectividade;lbi.art18|lai.art8.par3.viii|lei13460.art5;Legibilidade do conteúdo principal em 0.0 pontos — faixa muito difícil (exige ensino superior).;A publicação de informação de saúde em registro linguístico inacessível à população destinatária esvazia materialmente o dever de oferta de comunicação e informação adequadas (art. 18, § 4º, IV, LBI) e o dever de transparência ativa (art. 8º, § 3º, LAI). A informação torna-se disponível sem se tornar acessível.
7a05c396-424c-41b3-8c72-c3952390a950;carioca-rio-saude;Carioca Digital — catálogo de serviços de saúde;2026-08-18T21:52:35.693284+00:00;https://carioca.rio/servicos/atendimento-em-unidades-de-pronto-atendimento-upa-24-horas/;1;mobile-320;color-contrast;axe-core;fail;serious;alto;1.4.3;1.4.3;perceptivel;AA;15;baixa_visao|cognitiva_neurodivergencia|visao_de_cores;lbi.art63.caput|lbi.art3.iv.d|lbi.art4|dec5296.art47|emag.3.1|lbi.art18|cf.art196|onu.art25|cf.art5.xiv|lai.art8.par3.viii;Elements must meet minimum color contrast ratio thresholds;"O contraste insuficiente é a barreira de comunicação mais prevalente e atinge diretamente a população idosa usuária do SUS; sua persistência em portal público caracteriza descumprimento continuado do art. 63, caput, da LBI e do art. 47 do Decreto 5.296/2004."
7a05c396-424c-41b3-8c72-c3952390a950;carioca-rio-saude;Carioca Digital — catálogo de serviços de saúde;2026-08-18T21:52:35.693284+00:00;https://carioca.rio/servicos/atendimento-em-unidades-de-pronto-atendimento-upa-24-horas/;1;mobile-320;image-alt;axe-core;fail;critical;alto;1.1.1;1.1.1;perceptivel;A;11;baixa_conectividade|baixa_visao|cegueira|cognitiva_neurodivergencia;lbi.art63.caput|lbi.art3.iv.d|lbi.art4|dec5296.art47|emag.3.1|lbi.art18|cf.art196|onu.art25|lbi.art74|cf.art5.xiv|lai.art8.par3.viii;Images must have alternative text;A ausência de alternativa textual configura barreira na comunicação e na informação (art. 3º, IV, 'd', LBI): o conteúdo existe juridicamente como informação pública, mas não é recebível pelo usuário cego, esvaziando o dever de transparência ativa do art. 8º, § 3º, VIII da LAI.
7a05c396-424c-41b3-8c72-c3952390a950;carioca-rio-saude;Carioca Digital — catálogo de serviços de saúde;2026-08-18T21:52:35.693284+00:00;https://carioca.rio/servicos/atendimento-em-unidades-de-pronto-atendimento-upa-24-horas/;1;mobile-320;input-button-name;axe-core;fail;critical;critico;4.1.2;4.1.2;robusto;A;1;cegueira|fala|motora;lbi.art63.caput|lbi.art3.iv.d|lbi.art4|dec5296.art47|emag.3.1|lbi.art18|cf.art196|onu.art25|lbi.art74|onu.art9;Input buttons must have discernible text;Controle sem nome, função ou valor expostos simplesmente não existe para a tecnologia assistiva: o serviço é, para o usuário cego, inexistente. É a forma mais severa de barreira na informação do art. 3º, IV, 'd'.
7a05c396-424c-41b3-8c72-c3952390a950;carioca-rio-saude;Carioca Digital — catálogo de serviços de saúde;2026-08-18T21:52:35.693284+00:00;https://carioca.rio/servicos/atendimento-em-unidades-de-pronto-atendimento-upa-24-horas/;1;mobile-320;link-name;axe-core;fail;serious;critico;2.4.4|4.1.2;2.4.4;operavel;A;6;cegueira|cognitiva_neurodivergencia|fala|motora;lbi.art63.caput|lbi.art3.iv.d|lbi.art4|dec5296.art47|emag.3.1|lbi.art18|cf.art196|onu.art25|lbi.art74|onu.art9;Links must have discernible text;Controle sem nome, função ou valor expostos simplesmente não existe para a tecnologia assistiva: o serviço é, para o usuário cego, inexistente. É a forma mais severa de barreira na informação do art. 3º, IV, 'd'.
7a05c396-424c-41b3-8c72-c3952390a950;carioca-rio-saude;Carioca Digital — catálogo de serviços de saúde;2026-08-18T21:52:35.693284+00:00;https://carioca.rio/servicos/atendimento-em-unidades-de-pronto-atendimento-upa-24-horas/;1;mobile-320;meta-viewport;axe-core;fail;moderate;alto;1.4.4;1.4.4;perceptivel;AA;1;baixa_visao|cognitiva_neurodivergencia;lbi.art63.caput|lbi.art3.iv.d|lbi.art4|dec5296.art47|emag.3.1|lbi.art18|cf.art196|onu.art25;Zooming and scaling must not be disabled;O bloqueio de ampliação nega adaptação razoável, conduta equiparada a discriminação pelo art. 4º, § 1º da LBI.
7a05c396-424c-41b3-8c72-c3952390a950;carioca-rio-saude;Carioca Digital — catálogo de serviços de saúde;2026-08-18T21:52:35.693284+00:00;https://carioca.rio/servicos/atendimento-em-unidades-de-pronto-atendimento-upa-24-horas/;1;mobile-320;aria-prohibited-attr;axe-core;incomplete;;critico;4.1.2;4.1.2;robusto;A;3;cegueira|fala|motora;lbi.art63.caput|lbi.art3.iv.d|lbi.art4|dec5296.art47|emag.3.1|lbi.art18|cf.art196|onu.art25|lbi.art74|onu.art9;Elements must only use permitted ARIA attributes;Controle sem nome, função ou valor expostos simplesmente não existe para a tecnologia assistiva: o serviço é, para o usuário cego, inexistente. É a forma mais severa de barreira na informação do art. 3º, IV, 'd'.
7a05c396-424c-41b3-8c72-c3952390a950;carioca-rio-saude;Carioca Digital — catálogo de serviços de saúde;2026-08-18T21:52:35.693284+00:00;https://carioca.rio/servicos/atendimento-em-unidades-de-pronto-atendimento-upa-24-horas/;1;mobile-320;color-contrast;axe-core;incomplete;;alto;1.4.3;1.4.3;perceptivel;AA;1;baixa_visao|cognitiva_neurodivergencia|visao_de_cores;lbi.art63.caput|lbi.art3.iv.d|lbi.art4|dec5296.art47|emag.3.1|lbi.art18|cf.art196|onu.art25|cf.art5.xiv|lai.art8.par3.viii;Elements must meet minimum color contrast ratio thresholds;"O contraste insuficiente é a barreira de comunicação mais prevalente e atinge diretamente a população idosa usuária do SUS; sua persistência em portal público caracteriza descumprimento continuado do art. 63, caput, da LBI e do art. 47 do Decreto 5.296/2004."
7a05c396-424c-41b3-8c72-c3952390a950;carioca-rio-saude;Carioca Digital — catálogo de serviços de saúde;2026-08-18T21:52:35.693284+00:00;https://carioca.rio/servicos/atendimento-em-unidades-de-pronto-atendimento-upa-24-horas/;1;mobile-320;probe.landmarks.no-main;probe;fail;serious;alto;1.3.1;1.3.1;perceptivel;A;1;baixa_visao|cegueira|cognitiva_neurodivergencia;lbi.art63.caput|lbi.art3.iv.d|lbi.art4|dec5296.art47|emag.3.1|lbi.art18|cf.art196|onu.art25|lbi.art74;A página não declara marco de conteúdo principal (<main>).;"Sem estrutura semântica, a tecnologia assistiva não consegue reconstruir a relação entre rótulo e dado; o art. 74 da LBI assegura o acesso a tecnologias assistivas, o que pressupõe conteúdo com elas compatível."
7a05c396-424c-41b3-8c72-c3952390a950;carioca-rio-saude;Carioca Digital — catálogo de serviços de saúde;2026-08-18T21:52:35.693284+00:00;https://carioca.rio/servicos/atendimento-em-unidades-de-pronto-atendimento-upa-24-horas/;1;mobile-320;probe.landmarks.no-skip-link;probe;fail;moderate;moderado;2.4.1;2.4.1;operavel;A;1;cegueira|cognitiva_neurodivergencia|motora;lbi.art63.caput|lbi.art3.iv.d|lbi.art4|dec5296.art47|emag.3.1|lbi.art18|cf.art196|onu.art25|lbi.art3.i;Nenhum link de salto para o conteúdo principal foi encontrado.;A ausência de mecanismo de salto obriga a percorrer repetidamente blocos idênticos, esforço desproporcional vedado pelo conceito de acessibilidade com autonomia do art. 3º, I da LBI.
7a05c396-424c-41b3-8c72-c3952390a950;carioca-rio-saude;Carioca Digital — catálogo de serviços de saúde;2026-08-18T21:52:35.693284+00:00;https://carioca.rio/servicos/atendimento-em-unidades-de-pronto-atendimento-upa-24-horas/;1;mobile-320;probe.heading-structure.level-skip;probe;incomplete;;alto;1.3.1;1.3.1;perceptivel;A;1;baixa_visao|cegueira|cognitiva_neurodivergencia;lbi.art63.caput|lbi.art3.iv.d|lbi.art4|dec5296.art47|emag.3.1|lbi.art18|cf.art196|onu.art25|lbi.art74;1 salto(s) de nível na hierarquia de cabeçalhos.;"Sem estrutura semântica, a tecnologia assistiva não consegue reconstruir a relação entre rótulo e dado; o art. 74 da LBI assegura o acesso a tecnologias assistivas, o que pressupõe conteúdo com elas compatível."
7a05c396-424c-41b3-8c72-c3952390a950;carioca-rio-saude;Carioca Digital — catálogo de serviços de saúde;2026-08-18T21:52:35.693284+00:00;https://carioca.rio/servicos/atendimento-em-unidades-de-pronto-atendimento-upa-24-horas/;1;mobile-320;probe.id-duplicado.inerte;probe;incomplete;;baixo;4.1.1;4.1.1;robusto;A;2;cegueira|cognitiva_neurodivergencia|motora;lbi.art63.caput|lbi.art3.iv.d|lbi.art4|dec5296.art47|emag.3.1|lbi.art18|cf.art196|onu.art25|lbi.art74;2 identificador(es) duplicado(s) sem referência associada.;Marcação malformada produz comportamento imprevisível em tecnologia assistiva, comprometendo a interoperabilidade pressuposta pelo art. 74.
7a05c396-424c-41b3-8c72-c3952390a950;carioca-rio-saude;Carioca Digital — catálogo de serviços de saúde;2026-08-18T21:52:35.693284+00:00;https://carioca.rio/servicos/atendimento-em-unidades-de-pronto-atendimento-upa-24-horas/;1;mobile-320;probe.non-interactive-control;probe;fail;critical;critico;2.1.1|4.1.2;2.1.1;operavel;A;2;cegueira|motora;lbi.art63.caput|lbi.art3.iv.d|lbi.art4|dec5296.art47|emag.3.1|lbi.art18|cf.art196|onu.art25|lbi.art74|onu.art9|lbi.art3.i;2 elemento(s) respondem ao clique do mouse mas não são alcançáveis por teclado.;A construção de controles inacessíveis por teclado impede integralmente o uso do serviço por pessoas com deficiência motora e por usuários de leitor de tela, sem qualquer rota alternativa. Configura barreira absoluta na comunicação e na informação (art. 3º, IV, 'd', LBI), violação direta do dever de acessibilidade dos sítios de órgãos de governo (art. 63, caput, LBI) e descumprimento do art. 9 da Convenção sobre os Direitos das Pessoas com Deficiência, que tem hierarquia de emenda constitucional.
7a05c396-424c-41b3-8c72-c3952390a950;carioca-rio-saude;Carioca Digital — catálogo de serviços de saúde;2026-08-18T21:52:35.693284+00:00;https://carioca.rio/servicos/atendimento-em-unidades-de-pronto-atendimento-upa-24-horas/;1;mobile-320;probe.placeholder-como-rotulo;probe;fail;serious;alto;3.3.2;3.3.2;compreensivel;A;2;baixa_visao|cegueira|cognitiva_neurodivergencia;lbi.art63.caput|lbi.art3.iv.d|lbi.art4|dec5296.art47|emag.3.1|lbi.art18|cf.art196|onu.art25|lbi.art74|lbi.art3.i;2 campo(s) de formulário são identificados apenas pelo texto de placeholder.;Campo sem rótulo programático torna indeterminável o dado solicitado, inviabilizando o preenchimento autônomo (art. 3º, I, LBI).
7a05c396-424c-41b3-8c72-c3952390a950;carioca-rio-saude;Carioca Digital — catálogo de serviços de saúde;2026-08-18T21:52:35.693284+00:00;https://carioca.rio/servicos/atendimento-em-unidades-de-pronto-atendimento-upa-24-horas/;1;mobile-320;probe.reflow-320;probe;fail;serious;alto;1.4.10;1.4.10;perceptivel;AA;5;baixa_visao|cognitiva_neurodivergencia|motora;lbi.art63.caput|lbi.art3.iv.d|lbi.art4|dec5296.art47|emag.3.1|lbi.art18|cf.art196|onu.art25|lei13460.art5;A página exige rolagem horizontal em tela de 320 px (8 px de transbordo).;"O acesso majoritário aos serviços públicos de saúde no Brasil se dá por telefone celular; a exigência de rolagem bidirecional em telas estreitas inviabiliza o uso e frustra o acesso universal do art. 196 da CF/88."
7a05c396-424c-41b3-8c72-c3952390a950;carioca-rio-saude;Carioca Digital — catálogo de serviços de saúde;2026-08-18T21:52:35.693284+00:00;https://carioca.rio/servicos/atendimento-em-unidades-de-pronto-atendimento-upa-24-horas/;1;mobile-320;probe.zoom-lock;probe;fail;serious;alto;1.4.4;1.4.4;perceptivel;AA;1;baixa_visao|cognitiva_neurodivergencia;lbi.art63.caput|lbi.art3.iv.d|lbi.art4|dec5296.art47|emag.3.1|lbi.art18|cf.art196|onu.art25;A página bloqueia a ampliação pelo usuário.;O bloqueio de ampliação nega adaptação razoável, conduta equiparada a discriminação pelo art. 4º, § 1º da LBI.
7a05c396-424c-41b3-8c72-c3952390a950;carioca-rio-saude;Carioca Digital — catálogo de serviços de saúde;2026-08-18T21:52:35.693284+00:00;https://carioca.rio/servicos/atendimento-em-unidades-de-pronto-atendimento-upa-24-horas/;1;desktop-1366;color-contrast;axe-core;fail;serious;alto;1.4.3;1.4.3;perceptivel;AA;189;baixa_visao|cognitiva_neurodivergencia|visao_de_cores;lbi.art63.caput|lbi.art3.iv.d|lbi.art4|dec5296.art47|emag.3.1|lbi.art18|cf.art196|onu.art25|cf.art5.xiv|lai.art8.par3.viii;Elements must meet minimum color contrast ratio thresholds;"O contraste insuficiente é a barreira de comunicação mais prevalente e atinge diretamente a população idosa usuária do SUS; sua persistência em portal público caracteriza descumprimento continuado do art. 63, caput, da LBI e do art. 47 do Decreto 5.296/2004."
7a05c396-424c-41b3-8c72-c3952390a950;carioca-rio-saude;Carioca Digital — catálogo de serviços de saúde;2026-08-18T21:52:35.693284+00:00;https://carioca.rio/servicos/atendimento-em-unidades-de-pronto-atendimento-upa-24-horas/;1;desktop-1366;image-alt;axe-core;fail;critical;alto;1.1.1;1.1.1;perceptivel;A;11;baixa_conectividade|baixa_visao|cegueira|cognitiva_neurodivergencia;lbi.art63.caput|lbi.art3.iv.d|lbi.art4|dec5296.art47|emag.3.1|lbi.art18|cf.art196|onu.art25|lbi.art74|cf.art5.xiv|lai.art8.par3.viii;Images must have alternative text;A ausência de alternativa textual configura barreira na comunicação e na informação (art. 3º, IV, 'd', LBI): o conteúdo existe juridicamente como informação pública, mas não é recebível pelo usuário cego, esvaziando o dever de transparência ativa do art. 8º, § 3º, VIII da LAI.
7a05c396-424c-41b3-8c72-c3952390a950;carioca-rio-saude;Carioca Digital — catálogo de serviços de saúde;2026-08-18T21:52:35.693284+00:00;https://carioca.rio/servicos/atendimento-em-unidades-de-pronto-atendimento-upa-24-horas/;1;desktop-1366;input-button-name;axe-core;fail;critical;critico;4.1.2;4.1.2;robusto;A;1;cegueira|fala|motora;lbi.art63.caput|lbi.art3.iv.d|lbi.art4|dec5296.art47|emag.3.1|lbi.art18|cf.art196|onu.art25|lbi.art74|onu.art9;Input buttons must have discernible text;Controle sem nome, função ou valor expostos simplesmente não existe para a tecnologia assistiva: o serviço é, para o usuário cego, inexistente. É a forma mais severa de barreira na informação do art. 3º, IV, 'd'.
7a05c396-424c-41b3-8c72-c3952390a950;carioca-rio-saude;Carioca Digital — catálogo de serviços de saúde;2026-08-18T21:52:35.693284+00:00;https://carioca.rio/servicos/atendimento-em-unidades-de-pronto-atendimento-upa-24-horas/;1;desktop-1366;link-name;axe-core;fail;serious;critico;2.4.4|4.1.2;2.4.4;operavel;A;6;cegueira|cognitiva_neurodivergencia|fala|motora;lbi.art63.caput|lbi.art3.iv.d|lbi.art4|dec5296.art47|emag.3.1|lbi.art18|cf.art196|onu.art25|lbi.art74|onu.art9;Links must have discernible text;Controle sem nome, função ou valor expostos simplesmente não existe para a tecnologia assistiva: o serviço é, para o usuário cego, inexistente. É a forma mais severa de barreira na informação do art. 3º, IV, 'd'.
7a05c396-424c-41b3-8c72-c3952390a950;carioca-rio-saude;Carioca Digital — catálogo de serviços de saúde;2026-08-18T21:52:35.693284+00:00;https://carioca.rio/servicos/atendimento-em-unidades-de-pronto-atendimento-upa-24-horas/;1;desktop-1366;list;axe-core;fail;serious;alto;1.3.1;1.3.1;perceptivel;A;2;baixa_visao|cegueira|cognitiva_neurodivergencia;lbi.art63.caput|lbi.art3.iv.d|lbi.art4|dec5296.art47|emag.3.1|lbi.art18|cf.art196|onu.art25|lbi.art74;<ul> and <ol> must only directly contain <li>, <script> or <template> elements;"Sem estrutura semântica, a tecnologia assistiva não consegue reconstruir a relação entre rótulo e dado; o art. 74 da LBI assegura o acesso a tecnologias assistivas, o que pressupõe conteúdo com elas compatível."
7a05c396-424c-41b3-8c72-c3952390a950;carioca-rio-saude;Carioca Digital — catálogo de serviços de saúde;2026-08-18T21:52:35.693284+00:00;https://carioca.rio/servicos/atendimento-em-unidades-de-pronto-atendimento-upa-24-horas/;1;desktop-1366;listitem;axe-core;fail;serious;alto;1.3.1;1.3.1;perceptivel;A;119;baixa_visao|cegueira|cognitiva_neurodivergencia;lbi.art63.caput|lbi.art3.iv.d|lbi.art4|dec5296.art47|emag.3.1|lbi.art18|cf.art196|onu.art25|lbi.art74;<li> elements must be contained in a <ul> or <ol>;"Sem estrutura semântica, a tecnologia assistiva não consegue reconstruir a relação entre rótulo e dado; o art. 74 da LBI assegura o acesso a tecnologias assistivas, o que pressupõe conteúdo com elas compatível."
7a05c396-424c-41b3-8c72-c3952390a950;carioca-rio-saude;Carioca Digital — catálogo de serviços de saúde;2026-08-18T21:52:35.693284+00:00;https://carioca.rio/servicos/atendimento-em-unidades-de-pronto-atendimento-upa-24-horas/;1;desktop-1366;meta-viewport;axe-core;fail;moderate;alto;1.4.4;1.4.4;perceptivel;AA;1;baixa_visao|cognitiva_neurodivergencia;lbi.art63.caput|lbi.art3.iv.d|lbi.art4|dec5296.art47|emag.3.1|lbi.art18|cf.art196|onu.art25;Zooming and scaling must not be disabled;O bloqueio de ampliação nega adaptação razoável, conduta equiparada a discriminação pelo art. 4º, § 1º da LBI.
7a05c396-424c-41b3-8c72-c3952390a950;carioca-rio-saude;Carioca Digital — catálogo de serviços de saúde;2026-08-18T21:52:35.693284+00:00;https://carioca.rio/servicos/atendimento-em-unidades-de-pronto-atendimento-upa-24-horas/;1;desktop-1366;aria-prohibited-attr;axe-core;incomplete;;critico;4.1.2;4.1.2;robusto;A;3;cegueira|fala|motora;lbi.art63.caput|lbi.art3.iv.d|lbi.art4|dec5296.art47|emag.3.1|lbi.art18|cf.art196|onu.art25|lbi.art74|onu.art9;Elements must only use permitted ARIA attributes;Controle sem nome, função ou valor expostos simplesmente não existe para a tecnologia assistiva: o serviço é, para o usuário cego, inexistente. É a forma mais severa de barreira na informação do art. 3º, IV, 'd'.
7a05c396-424c-41b3-8c72-c3952390a950;carioca-rio-saude;Carioca Digital — catálogo de serviços de saúde;2026-08-18T21:52:35.693284+00:00;https://carioca.rio/servicos/atendimento-em-unidades-de-pronto-atendimento-upa-24-horas/;1;desktop-1366;color-contrast;axe-core;incomplete;;alto;1.4.3;1.4.3;perceptivel;AA;2;baixa_visao|cognitiva_neurodivergencia|visao_de_cores;lbi.art63.caput|lbi.art3.iv.d|lbi.art4|dec5296.art47|emag.3.1|lbi.art18|cf.art196|onu.art25|cf.art5.xiv|lai.art8.par3.viii;Elements must meet minimum color contrast ratio thresholds;"O contraste insuficiente é a barreira de comunicação mais prevalente e atinge diretamente a população idosa usuária do SUS; sua persistência em portal público caracteriza descumprimento continuado do art. 63, caput, da LBI e do art. 47 do Decreto 5.296/2004."
7a05c396-424c-41b3-8c72-c3952390a950;carioca-rio-saude;Carioca Digital — catálogo de serviços de saúde;2026-08-18T21:52:35.693284+00:00;https://carioca.rio/servicos/atendimento-em-unidades-de-pronto-atendimento-upa-24-horas/;1;desktop-1366;probe.landmarks.no-main;probe;fail;serious;alto;1.3.1;1.3.1;perceptivel;A;1;baixa_visao|cegueira|cognitiva_neurodivergencia;lbi.art63.caput|lbi.art3.iv.d|lbi.art4|dec5296.art47|emag.3.1|lbi.art18|cf.art196|onu.art25|lbi.art74;A página não declara marco de conteúdo principal (<main>).;"Sem estrutura semântica, a tecnologia assistiva não consegue reconstruir a relação entre rótulo e dado; o art. 74 da LBI assegura o acesso a tecnologias assistivas, o que pressupõe conteúdo com elas compatível."
7a05c396-424c-41b3-8c72-c3952390a950;carioca-rio-saude;Carioca Digital — catálogo de serviços de saúde;2026-08-18T21:52:35.693284+00:00;https://carioca.rio/servicos/atendimento-em-unidades-de-pronto-atendimento-upa-24-horas/;1;desktop-1366;probe.landmarks.no-skip-link;probe;fail;moderate;moderado;2.4.1;2.4.1;operavel;A;1;cegueira|cognitiva_neurodivergencia|motora;lbi.art63.caput|lbi.art3.iv.d|lbi.art4|dec5296.art47|emag.3.1|lbi.art18|cf.art196|onu.art25|lbi.art3.i;Nenhum link de salto para o conteúdo principal foi encontrado.;A ausência de mecanismo de salto obriga a percorrer repetidamente blocos idênticos, esforço desproporcional vedado pelo conceito de acessibilidade com autonomia do art. 3º, I da LBI.
7a05c396-424c-41b3-8c72-c3952390a950;carioca-rio-saude;Carioca Digital — catálogo de serviços de saúde;2026-08-18T21:52:35.693284+00:00;https://carioca.rio/servicos/atendimento-em-unidades-de-pronto-atendimento-upa-24-horas/;1;desktop-1366;probe.heading-structure.level-skip;probe;incomplete;;alto;1.3.1;1.3.1;perceptivel;A;1;baixa_visao|cegueira|cognitiva_neurodivergencia;lbi.art63.caput|lbi.art3.iv.d|lbi.art4|dec5296.art47|emag.3.1|lbi.art18|cf.art196|onu.art25|lbi.art74;1 salto(s) de nível na hierarquia de cabeçalhos.;"Sem estrutura semântica, a tecnologia assistiva não consegue reconstruir a relação entre rótulo e dado; o art. 74 da LBI assegura o acesso a tecnologias assistivas, o que pressupõe conteúdo com elas compatível."
7a05c396-424c-41b3-8c72-c3952390a950;carioca-rio-saude;Carioca Digital — catálogo de serviços de saúde;2026-08-18T21:52:35.693284+00:00;https://carioca.rio/servicos/atendimento-em-unidades-de-pronto-atendimento-upa-24-horas/;1;desktop-1366;probe.id-duplicado.inerte;probe;incomplete;;baixo;4.1.1;4.1.1;robusto;A;2;cegueira|cognitiva_neurodivergencia|motora;lbi.art63.caput|lbi.art3.iv.d|lbi.art4|dec5296.art47|emag.3.1|lbi.art18|cf.art196|onu.art25|lbi.art74;2 identificador(es) duplicado(s) sem referência associada.;Marcação malformada produz comportamento imprevisível em tecnologia assistiva, comprometendo a interoperabilidade pressuposta pelo art. 74.
7a05c396-424c-41b3-8c72-c3952390a950;carioca-rio-saude;Carioca Digital — catálogo de serviços de saúde;2026-08-18T21:52:35.693284+00:00;https://carioca.rio/servicos/atendimento-em-unidades-de-pronto-atendimento-upa-24-horas/;1;desktop-1366;probe.non-interactive-control;probe;fail;critical;critico;2.1.1|4.1.2;2.1.1;operavel;A;2;cegueira|motora;lbi.art63.caput|lbi.art3.iv.d|lbi.art4|dec5296.art47|emag.3.1|lbi.art18|cf.art196|onu.art25|lbi.art74|onu.art9|lbi.art3.i;2 elemento(s) respondem ao clique do mouse mas não são alcançáveis por teclado.;A construção de controles inacessíveis por teclado impede integralmente o uso do serviço por pessoas com deficiência motora e por usuários de leitor de tela, sem qualquer rota alternativa. Configura barreira absoluta na comunicação e na informação (art. 3º, IV, 'd', LBI), violação direta do dever de acessibilidade dos sítios de órgãos de governo (art. 63, caput, LBI) e descumprimento do art. 9 da Convenção sobre os Direitos das Pessoas com Deficiência, que tem hierarquia de emenda constitucional.
7a05c396-424c-41b3-8c72-c3952390a950;carioca-rio-saude;Carioca Digital — catálogo de serviços de saúde;2026-08-18T21:52:35.693284+00:00;https://carioca.rio/servicos/atendimento-em-unidades-de-pronto-atendimento-upa-24-horas/;1;desktop-1366;probe.placeholder-como-rotulo;probe;fail;serious;alto;3.3.2;3.3.2;compreensivel;A;2;baixa_visao|cegueira|cognitiva_neurodivergencia;lbi.art63.caput|lbi.art3.iv.d|lbi.art4|dec5296.art47|emag.3.1|lbi.art18|cf.art196|onu.art25|lbi.art74|lbi.art3.i;2 campo(s) de formulário são identificados apenas pelo texto de placeholder.;Campo sem rótulo programático torna indeterminável o dado solicitado, inviabilizando o preenchimento autônomo (art. 3º, I, LBI).
7a05c396-424c-41b3-8c72-c3952390a950;carioca-rio-saude;Carioca Digital — catálogo de serviços de saúde;2026-08-18T21:52:35.693284+00:00;https://carioca.rio/servicos/atendimento-em-unidades-de-pronto-atendimento-upa-24-horas/;1;desktop-1366;probe.zoom-lock;probe;fail;serious;alto;1.4.4;1.4.4;perceptivel;AA;1;baixa_visao|cognitiva_neurodivergencia;lbi.art63.caput|lbi.art3.iv.d|lbi.art4|dec5296.art47|emag.3.1|lbi.art18|cf.art196|onu.art25;A página bloqueia a ampliação pelo usuário.;O bloqueio de ampliação nega adaptação razoável, conduta equiparada a discriminação pelo art. 4º, § 1º da LBI.
7a05c396-424c-41b3-8c72-c3952390a950;carioca-rio-saude;Carioca Digital — catálogo de serviços de saúde;2026-08-18T21:52:35.693284+00:00;https://carioca.rio/servicos/atendimento-em-unidades-de-pronto-atendimento-upa-24-horas/;1;desktop-1366;probe.readability;heuristic;incomplete;;moderado;;;;;1;cognitiva_neurodivergencia|baixa_conectividade;lbi.art18|lai.art8.par3.viii|lei13460.art5;Legibilidade do conteúdo principal em 29.24 pontos — faixa difícil (exige ensino médio completo).;A publicação de informação de saúde em registro linguístico inacessível à população destinatária esvazia materialmente o dever de oferta de comunicação e informação adequadas (art. 18, § 4º, IV, LBI) e o dever de transparência ativa (art. 8º, § 3º, LAI). A informação torna-se disponível sem se tornar acessível.
b24479f8-1743-4504-9e31-5102885d667a;carioca-rio-saude;Carioca Digital — catálogo de serviços de saúde;2026-08-18T15:08:15.734929+00:00;https://carioca.rio/tema/saude;1;mobile-320;aria-required-children;axe-core;fail;critical;alto;1.3.1;1.3.1;perceptivel;A;1;baixa_visao|cegueira|cognitiva_neurodivergencia;lbi.art63.caput|lbi.art3.iv.d|lbi.art4|dec5296.art47|emag.3.1|lbi.art18|cf.art196|onu.art25|lbi.art74;Certain ARIA roles must contain particular children;"Sem estrutura semântica, a tecnologia assistiva não consegue reconstruir a relação entre rótulo e dado; o art. 74 da LBI assegura o acesso a tecnologias assistivas, o que pressupõe conteúdo com elas compatível."
b24479f8-1743-4504-9e31-5102885d667a;carioca-rio-saude;Carioca Digital — catálogo de serviços de saúde;2026-08-18T15:08:15.734929+00:00;https://carioca.rio/tema/saude;1;mobile-320;aria-required-parent;axe-core;fail;critical;alto;1.3.1;1.3.1;perceptivel;A;2;baixa_visao|cegueira|cognitiva_neurodivergencia;lbi.art63.caput|lbi.art3.iv.d|lbi.art4|dec5296.art47|emag.3.1|lbi.art18|cf.art196|onu.art25|lbi.art74;Certain ARIA roles must be contained by particular parents;"Sem estrutura semântica, a tecnologia assistiva não consegue reconstruir a relação entre rótulo e dado; o art. 74 da LBI assegura o acesso a tecnologias assistivas, o que pressupõe conteúdo com elas compatível."
b24479f8-1743-4504-9e31-5102885d667a;carioca-rio-saude;Carioca Digital — catálogo de serviços de saúde;2026-08-18T15:08:15.734929+00:00;https://carioca.rio/tema/saude;1;mobile-320;color-contrast;axe-core;fail;serious;alto;1.4.3;1.4.3;perceptivel;AA;118;baixa_visao|cognitiva_neurodivergencia|visao_de_cores;lbi.art63.caput|lbi.art3.iv.d|lbi.art4|dec5296.art47|emag.3.1|lbi.art18|cf.art196|onu.art25|cf.art5.xiv|lai.art8.par3.viii;Elements must meet minimum color contrast ratio thresholds;"O contraste insuficiente é a barreira de comunicação mais prevalente e atinge diretamente a população idosa usuária do SUS; sua persistência em portal público caracteriza descumprimento continuado do art. 63, caput, da LBI e do art. 47 do Decreto 5.296/2004."
b24479f8-1743-4504-9e31-5102885d667a;carioca-rio-saude;Carioca Digital — catálogo de serviços de saúde;2026-08-18T15:08:15.734929+00:00;https://carioca.rio/tema/saude;1;mobile-320;image-alt;axe-core;fail;critical;alto;1.1.1;1.1.1;perceptivel;A;15;baixa_conectividade|baixa_visao|cegueira|cognitiva_neurodivergencia;lbi.art63.caput|lbi.art3.iv.d|lbi.art4|dec5296.art47|emag.3.1|lbi.art18|cf.art196|onu.art25|lbi.art74|cf.art5.xiv|lai.art8.par3.viii;Images must have alternative text;A ausência de alternativa textual configura barreira na comunicação e na informação (art. 3º, IV, 'd', LBI): o conteúdo existe juridicamente como informação pública, mas não é recebível pelo usuário cego, esvaziando o dever de transparência ativa do art. 8º, § 3º, VIII da LAI.
b24479f8-1743-4504-9e31-5102885d667a;carioca-rio-saude;Carioca Digital — catálogo de serviços de saúde;2026-08-18T15:08:15.734929+00:00;https://carioca.rio/tema/saude;1;mobile-320;input-button-name;axe-core;fail;critical;critico;4.1.2;4.1.2;robusto;A;1;cegueira|fala|motora;lbi.art63.caput|lbi.art3.iv.d|lbi.art4|dec5296.art47|emag.3.1|lbi.art18|cf.art196|onu.art25|lbi.art74|onu.art9;Input buttons must have discernible text;Controle sem nome, função ou valor expostos simplesmente não existe para a tecnologia assistiva: o serviço é, para o usuário cego, inexistente. É a forma mais severa de barreira na informação do art. 3º, IV, 'd'.
b24479f8-1743-4504-9e31-5102885d667a;carioca-rio-saude;Carioca Digital — catálogo de serviços de saúde;2026-08-18T15:08:15.734929+00:00;https://carioca.rio/tema/saude;1;mobile-320;link-name;axe-core;fail;serious;critico;2.4.4|4.1.2;2.4.4;operavel;A;4;cegueira|cognitiva_neurodivergencia|fala|motora;lbi.art63.caput|lbi.art3.iv.d|lbi.art4|dec5296.art47|emag.3.1|lbi.art18|cf.art196|onu.art25|lbi.art74|onu.art9;Links must have discernible text;Controle sem nome, função ou valor expostos simplesmente não existe para a tecnologia assistiva: o serviço é, para o usuário cego, inexistente. É a forma mais severa de barreira na informação do art. 3º, IV, 'd'.
b24479f8-1743-4504-9e31-5102885d667a;carioca-rio-saude;Carioca Digital — catálogo de serviços de saúde;2026-08-18T15:08:15.734929+00:00;https://carioca.rio/tema/saude;1;mobile-320;listitem;axe-core;fail;serious;alto;1.3.1;1.3.1;perceptivel;A;2;baixa_visao|cegueira|cognitiva_neurodivergencia;lbi.art63.caput|lbi.art3.iv.d|lbi.art4|dec5296.art47|emag.3.1|lbi.art18|cf.art196|onu.art25|lbi.art74;<li> elements must be contained in a <ul> or <ol>;"Sem estrutura semântica, a tecnologia assistiva não consegue reconstruir a relação entre rótulo e dado; o art. 74 da LBI assegura o acesso a tecnologias assistivas, o que pressupõe conteúdo com elas compatível."
b24479f8-1743-4504-9e31-5102885d667a;carioca-rio-saude;Carioca Digital — catálogo de serviços de saúde;2026-08-18T15:08:15.734929+00:00;https://carioca.rio/tema/saude;1;mobile-320;meta-viewport;axe-core;fail;moderate;alto;1.4.4;1.4.4;perceptivel;AA;1;baixa_visao|cognitiva_neurodivergencia;lbi.art63.caput|lbi.art3.iv.d|lbi.art4|dec5296.art47|emag.3.1|lbi.art18|cf.art196|onu.art25;Zooming and scaling must not be disabled;O bloqueio de ampliação nega adaptação razoável, conduta equiparada a discriminação pelo art. 4º, § 1º da LBI.
b24479f8-1743-4504-9e31-5102885d667a;carioca-rio-saude;Carioca Digital — catálogo de serviços de saúde;2026-08-18T15:08:15.734929+00:00;https://carioca.rio/tema/saude;1;mobile-320;color-contrast;axe-core;incomplete;;alto;1.4.3;1.4.3;perceptivel;AA;5;baixa_visao|cognitiva_neurodivergencia|visao_de_cores;lbi.art63.caput|lbi.art3.iv.d|lbi.art4|dec5296.art47|emag.3.1|lbi.art18|cf.art196|onu.art25|cf.art5.xiv|lai.art8.par3.viii;Elements must meet minimum color contrast ratio thresholds;"O contraste insuficiente é a barreira de comunicação mais prevalente e atinge diretamente a população idosa usuária do SUS; sua persistência em portal público caracteriza descumprimento continuado do art. 63, caput, da LBI e do art. 47 do Decreto 5.296/2004."
b24479f8-1743-4504-9e31-5102885d667a;carioca-rio-saude;Carioca Digital — catálogo de serviços de saúde;2026-08-18T15:08:15.734929+00:00;https://carioca.rio/tema/saude;1;mobile-320;probe.heading-structure.level-skip;probe;incomplete;;alto;1.3.1;1.3.1;perceptivel;A;1;baixa_visao|cegueira|cognitiva_neurodivergencia;lbi.art63.caput|lbi.art3.iv.d|lbi.art4|dec5296.art47|emag.3.1|lbi.art18|cf.art196|onu.art25|lbi.art74;1 salto(s) de nível na hierarquia de cabeçalhos.;"Sem estrutura semântica, a tecnologia assistiva não consegue reconstruir a relação entre rótulo e dado; o art. 74 da LBI assegura o acesso a tecnologias assistivas, o que pressupõe conteúdo com elas compatível."
b24479f8-1743-4504-9e31-5102885d667a;carioca-rio-saude;Carioca Digital — catálogo de serviços de saúde;2026-08-18T15:08:15.734929+00:00;https://carioca.rio/tema/saude;1;mobile-320;probe.id-duplicado.inerte;probe;incomplete;;baixo;4.1.1;4.1.1;robusto;A;3;cegueira|cognitiva_neurodivergencia|motora;lbi.art63.caput|lbi.art3.iv.d|lbi.art4|dec5296.art47|emag.3.1|lbi.art18|cf.art196|onu.art25|lbi.art74;3 identificador(es) duplicado(s) sem referência associada.;Marcação malformada produz comportamento imprevisível em tecnologia assistiva, comprometendo a interoperabilidade pressuposta pelo art. 74.
b24479f8-1743-4504-9e31-5102885d667a;carioca-rio-saude;Carioca Digital — catálogo de serviços de saúde;2026-08-18T15:08:15.734929+00:00;https://carioca.rio/tema/saude;1;mobile-320;probe.placeholder-como-rotulo;probe;fail;serious;alto;3.3.2;3.3.2;compreensivel;A;3;baixa_visao|cegueira|cognitiva_neurodivergencia;lbi.art63.caput|lbi.art3.iv.d|lbi.art4|dec5296.art47|emag.3.1|lbi.art18|cf.art196|onu.art25|lbi.art74|lbi.art3.i;3 campo(s) de formulário são identificados apenas pelo texto de placeholder.;Campo sem rótulo programático torna indeterminável o dado solicitado, inviabilizando o preenchimento autônomo (art. 3º, I, LBI).
b24479f8-1743-4504-9e31-5102885d667a;carioca-rio-saude;Carioca Digital — catálogo de serviços de saúde;2026-08-18T15:08:15.734929+00:00;https://carioca.rio/tema/saude;1;mobile-320;probe.reflow-320;probe;fail;serious;alto;1.4.10;1.4.10;perceptivel;AA;5;baixa_visao|cognitiva_neurodivergencia|motora;lbi.art63.caput|lbi.art3.iv.d|lbi.art4|dec5296.art47|emag.3.1|lbi.art18|cf.art196|onu.art25|lei13460.art5;A página exige rolagem horizontal em tela de 320 px (8 px de transbordo).;"O acesso majoritário aos serviços públicos de saúde no Brasil se dá por telefone celular; a exigência de rolagem bidirecional em telas estreitas inviabiliza o uso e frustra o acesso universal do art. 196 da CF/88."
b24479f8-1743-4504-9e31-5102885d667a;carioca-rio-saude;Carioca Digital — catálogo de serviços de saúde;2026-08-18T15:08:15.734929+00:00;https://carioca.rio/tema/saude;1;mobile-320;probe.zoom-lock;probe;fail;serious;alto;1.4.4;1.4.4;perceptivel;AA;1;baixa_visao|cognitiva_neurodivergencia;lbi.art63.caput|lbi.art3.iv.d|lbi.art4|dec5296.art47|emag.3.1|lbi.art18|cf.art196|onu.art25;A página bloqueia a ampliação pelo usuário.;O bloqueio de ampliação nega adaptação razoável, conduta equiparada a discriminação pelo art. 4º, § 1º da LBI.
b24479f8-1743-4504-9e31-5102885d667a;carioca-rio-saude;Carioca Digital — catálogo de serviços de saúde;2026-08-18T15:08:15.734929+00:00;https://carioca.rio/tema/saude;1;desktop-1366;aria-required-children;axe-core;fail;critical;alto;1.3.1;1.3.1;perceptivel;A;1;baixa_visao|cegueira|cognitiva_neurodivergencia;lbi.art63.caput|lbi.art3.iv.d|lbi.art4|dec5296.art47|emag.3.1|lbi.art18|cf.art196|onu.art25|lbi.art74;Certain ARIA roles must contain particular children;"Sem estrutura semântica, a tecnologia assistiva não consegue reconstruir a relação entre rótulo e dado; o art. 74 da LBI assegura o acesso a tecnologias assistivas, o que pressupõe conteúdo com elas compatível."
b24479f8-1743-4504-9e31-5102885d667a;carioca-rio-saude;Carioca Digital — catálogo de serviços de saúde;2026-08-18T15:08:15.734929+00:00;https://carioca.rio/tema/saude;1;desktop-1366;aria-required-parent;axe-core;fail;critical;alto;1.3.1;1.3.1;perceptivel;A;2;baixa_visao|cegueira|cognitiva_neurodivergencia;lbi.art63.caput|lbi.art3.iv.d|lbi.art4|dec5296.art47|emag.3.1|lbi.art18|cf.art196|onu.art25|lbi.art74;Certain ARIA roles must be contained by particular parents;"Sem estrutura semântica, a tecnologia assistiva não consegue reconstruir a relação entre rótulo e dado; o art. 74 da LBI assegura o acesso a tecnologias assistivas, o que pressupõe conteúdo com elas compatível."
b24479f8-1743-4504-9e31-5102885d667a;carioca-rio-saude;Carioca Digital — catálogo de serviços de saúde;2026-08-18T15:08:15.734929+00:00;https://carioca.rio/tema/saude;1;desktop-1366;color-contrast;axe-core;fail;serious;alto;1.4.3;1.4.3;perceptivel;AA;292;baixa_visao|cognitiva_neurodivergencia|visao_de_cores;lbi.art63.caput|lbi.art3.iv.d|lbi.art4|dec5296.art47|emag.3.1|lbi.art18|cf.art196|onu.art25|cf.art5.xiv|lai.art8.par3.viii;Elements must meet minimum color contrast ratio thresholds;"O contraste insuficiente é a barreira de comunicação mais prevalente e atinge diretamente a população idosa usuária do SUS; sua persistência em portal público caracteriza descumprimento continuado do art. 63, caput, da LBI e do art. 47 do Decreto 5.296/2004."
b24479f8-1743-4504-9e31-5102885d667a;carioca-rio-saude;Carioca Digital — catálogo de serviços de saúde;2026-08-18T15:08:15.734929+00:00;https://carioca.rio/tema/saude;1;desktop-1366;image-alt;axe-core;fail;critical;alto;1.1.1;1.1.1;perceptivel;A;15;baixa_conectividade|baixa_visao|cegueira|cognitiva_neurodivergencia;lbi.art63.caput|lbi.art3.iv.d|lbi.art4|dec5296.art47|emag.3.1|lbi.art18|cf.art196|onu.art25|lbi.art74|cf.art5.xiv|lai.art8.par3.viii;Images must have alternative text;A ausência de alternativa textual configura barreira na comunicação e na informação (art. 3º, IV, 'd', LBI): o conteúdo existe juridicamente como informação pública, mas não é recebível pelo usuário cego, esvaziando o dever de transparência ativa do art. 8º, § 3º, VIII da LAI.
b24479f8-1743-4504-9e31-5102885d667a;carioca-rio-saude;Carioca Digital — catálogo de serviços de saúde;2026-08-18T15:08:15.734929+00:00;https://carioca.rio/tema/saude;1;desktop-1366;input-button-name;axe-core;fail;critical;critico;4.1.2;4.1.2;robusto;A;1;cegueira|fala|motora;lbi.art63.caput|lbi.art3.iv.d|lbi.art4|dec5296.art47|emag.3.1|lbi.art18|cf.art196|onu.art25|lbi.art74|onu.art9;Input buttons must have discernible text;Controle sem nome, função ou valor expostos simplesmente não existe para a tecnologia assistiva: o serviço é, para o usuário cego, inexistente. É a forma mais severa de barreira na informação do art. 3º, IV, 'd'.
b24479f8-1743-4504-9e31-5102885d667a;carioca-rio-saude;Carioca Digital — catálogo de serviços de saúde;2026-08-18T15:08:15.734929+00:00;https://carioca.rio/tema/saude;1;desktop-1366;link-name;axe-core;fail;serious;critico;2.4.4|4.1.2;2.4.4;operavel;A;4;cegueira|cognitiva_neurodivergencia|fala|motora;lbi.art63.caput|lbi.art3.iv.d|lbi.art4|dec5296.art47|emag.3.1|lbi.art18|cf.art196|onu.art25|lbi.art74|onu.art9;Links must have discernible text;Controle sem nome, função ou valor expostos simplesmente não existe para a tecnologia assistiva: o serviço é, para o usuário cego, inexistente. É a forma mais severa de barreira na informação do art. 3º, IV, 'd'.
b24479f8-1743-4504-9e31-5102885d667a;carioca-rio-saude;Carioca Digital — catálogo de serviços de saúde;2026-08-18T15:08:15.734929+00:00;https://carioca.rio/tema/saude;1;desktop-1366;list;axe-core;fail;serious;alto;1.3.1;1.3.1;perceptivel;A;2;baixa_visao|cegueira|cognitiva_neurodivergencia;lbi.art63.caput|lbi.art3.iv.d|lbi.art4|dec5296.art47|emag.3.1|lbi.art18|cf.art196|onu.art25|lbi.art74;<ul> and <ol> must only directly contain <li>, <script> or <template> elements;"Sem estrutura semântica, a tecnologia assistiva não consegue reconstruir a relação entre rótulo e dado; o art. 74 da LBI assegura o acesso a tecnologias assistivas, o que pressupõe conteúdo com elas compatível."
b24479f8-1743-4504-9e31-5102885d667a;carioca-rio-saude;Carioca Digital — catálogo de serviços de saúde;2026-08-18T15:08:15.734929+00:00;https://carioca.rio/tema/saude;1;desktop-1366;listitem;axe-core;fail;serious;alto;1.3.1;1.3.1;perceptivel;A;121;baixa_visao|cegueira|cognitiva_neurodivergencia;lbi.art63.caput|lbi.art3.iv.d|lbi.art4|dec5296.art47|emag.3.1|lbi.art18|cf.art196|onu.art25|lbi.art74;<li> elements must be contained in a <ul> or <ol>;"Sem estrutura semântica, a tecnologia assistiva não consegue reconstruir a relação entre rótulo e dado; o art. 74 da LBI assegura o acesso a tecnologias assistivas, o que pressupõe conteúdo com elas compatível."
b24479f8-1743-4504-9e31-5102885d667a;carioca-rio-saude;Carioca Digital — catálogo de serviços de saúde;2026-08-18T15:08:15.734929+00:00;https://carioca.rio/tema/saude;1;desktop-1366;meta-viewport;axe-core;fail;moderate;alto;1.4.4;1.4.4;perceptivel;AA;1;baixa_visao|cognitiva_neurodivergencia;lbi.art63.caput|lbi.art3.iv.d|lbi.art4|dec5296.art47|emag.3.1|lbi.art18|cf.art196|onu.art25;Zooming and scaling must not be disabled;O bloqueio de ampliação nega adaptação razoável, conduta equiparada a discriminação pelo art. 4º, § 1º da LBI.
b24479f8-1743-4504-9e31-5102885d667a;carioca-rio-saude;Carioca Digital — catálogo de serviços de saúde;2026-08-18T15:08:15.734929+00:00;https://carioca.rio/tema/saude;1;desktop-1366;color-contrast;axe-core;incomplete;;alto;1.4.3;1.4.3;perceptivel;AA;6;baixa_visao|cognitiva_neurodivergencia|visao_de_cores;lbi.art63.caput|lbi.art3.iv.d|lbi.art4|dec5296.art47|emag.3.1|lbi.art18|cf.art196|onu.art25|cf.art5.xiv|lai.art8.par3.viii;Elements must meet minimum color contrast ratio thresholds;"O contraste insuficiente é a barreira de comunicação mais prevalente e atinge diretamente a população idosa usuária do SUS; sua persistência em portal público caracteriza descumprimento continuado do art. 63, caput, da LBI e do art. 47 do Decreto 5.296/2004."
b24479f8-1743-4504-9e31-5102885d667a;carioca-rio-saude;Carioca Digital — catálogo de serviços de saúde;2026-08-18T15:08:15.734929+00:00;https://carioca.rio/tema/saude;1;desktop-1366;probe.heading-structure.level-skip;probe;incomplete;;alto;1.3.1;1.3.1;perceptivel;A;1;baixa_visao|cegueira|cognitiva_neurodivergencia;lbi.art63.caput|lbi.art3.iv.d|lbi.art4|dec5296.art47|emag.3.1|lbi.art18|cf.art196|onu.art25|lbi.art74;1 salto(s) de nível na hierarquia de cabeçalhos.;"Sem estrutura semântica, a tecnologia assistiva não consegue reconstruir a relação entre rótulo e dado; o art. 74 da LBI assegura o acesso a tecnologias assistivas, o que pressupõe conteúdo com elas compatível."
b24479f8-1743-4504-9e31-5102885d667a;carioca-rio-saude;Carioca Digital — catálogo de serviços de saúde;2026-08-18T15:08:15.734929+00:00;https://carioca.rio/tema/saude;1;desktop-1366;probe.id-duplicado.inerte;probe;incomplete;;baixo;4.1.1;4.1.1;robusto;A;3;cegueira|cognitiva_neurodivergencia|motora;lbi.art63.caput|lbi.art3.iv.d|lbi.art4|dec5296.art47|emag.3.1|lbi.art18|cf.art196|onu.art25|lbi.art74;3 identificador(es) duplicado(s) sem referência associada.;Marcação malformada produz comportamento imprevisível em tecnologia assistiva, comprometendo a interoperabilidade pressuposta pelo art. 74.
b24479f8-1743-4504-9e31-5102885d667a;carioca-rio-saude;Carioca Digital — catálogo de serviços de saúde;2026-08-18T15:08:15.734929+00:00;https://carioca.rio/tema/saude;1;desktop-1366;probe.placeholder-como-rotulo;probe;fail;serious;alto;3.3.2;3.3.2;compreensivel;A;3;baixa_visao|cegueira|cognitiva_neurodivergencia;lbi.art63.caput|lbi.art3.iv.d|lbi.art4|dec5296.art47|emag.3.1|lbi.art18|cf.art196|onu.art25|lbi.art74|lbi.art3.i;3 campo(s) de formulário são identificados apenas pelo texto de placeholder.;Campo sem rótulo programático torna indeterminável o dado solicitado, inviabilizando o preenchimento autônomo (art. 3º, I, LBI).
b24479f8-1743-4504-9e31-5102885d667a;carioca-rio-saude;Carioca Digital — catálogo de serviços de saúde;2026-08-18T15:08:15.734929+00:00;https://carioca.rio/tema/saude;1;desktop-1366;probe.zoom-lock;probe;fail;serious;alto;1.4.4;1.4.4;perceptivel;AA;1;baixa_visao|cognitiva_neurodivergencia;lbi.art63.caput|lbi.art3.iv.d|lbi.art4|dec5296.art47|emag.3.1|lbi.art18|cf.art196|onu.art25;A página bloqueia a ampliação pelo usuário.;O bloqueio de ampliação nega adaptação razoável, conduta equiparada a discriminação pelo art. 4º, § 1º da LBI.
b24479f8-1743-4504-9e31-5102885d667a;carioca-rio-saude;Carioca Digital — catálogo de serviços de saúde;2026-08-18T15:08:15.734929+00:00;https://carioca.rio/tema/saude;1;desktop-1366;probe.readability;heuristic;incomplete;;moderado;;;;;1;cognitiva_neurodivergencia|baixa_conectividade;lbi.art18|lai.art8.par3.viii|lei13460.art5;Legibilidade do conteúdo principal em 0.0 pontos — faixa muito difícil (exige ensino superior).;A publicação de informação de saúde em registro linguístico inacessível à população destinatária esvazia materialmente o dever de oferta de comunicação e informação adequadas (art. 18, § 4º, IV, LBI) e o dever de transparência ativa (art. 8º, § 3º, LAI). A informação torna-se disponível sem se tornar acessível.
b24479f8-1743-4504-9e31-5102885d667a;carioca-rio-saude;Carioca Digital — catálogo de serviços de saúde;2026-08-18T15:08:15.734929+00:00;https://carioca.rio/servicos/atendimento-em-unidades-de-pronto-atendimento-upa-24-horas/;1;mobile-320;color-contrast;axe-core;fail;serious;alto;1.4.3;1.4.3;perceptivel;AA;15;baixa_visao|cognitiva_neurodivergencia|visao_de_cores;lbi.art63.caput|lbi.art3.iv.d|lbi.art4|dec5296.art47|emag.3.1|lbi.art18|cf.art196|onu.art25|cf.art5.xiv|lai.art8.par3.viii;Elements must meet minimum color contrast ratio thresholds;"O contraste insuficiente é a barreira de comunicação mais prevalente e atinge diretamente a população idosa usuária do SUS; sua persistência em portal público caracteriza descumprimento continuado do art. 63, caput, da LBI e do art. 47 do Decreto 5.296/2004."
b24479f8-1743-4504-9e31-5102885d667a;carioca-rio-saude;Carioca Digital — catálogo de serviços de saúde;2026-08-18T15:08:15.734929+00:00;https://carioca.rio/servicos/atendimento-em-unidades-de-pronto-atendimento-upa-24-horas/;1;mobile-320;image-alt;axe-core;fail;critical;alto;1.1.1;1.1.1;perceptivel;A;11;baixa_conectividade|baixa_visao|cegueira|cognitiva_neurodivergencia;lbi.art63.caput|lbi.art3.iv.d|lbi.art4|dec5296.art47|emag.3.1|lbi.art18|cf.art196|onu.art25|lbi.art74|cf.art5.xiv|lai.art8.par3.viii;Images must have alternative text;A ausência de alternativa textual configura barreira na comunicação e na informação (art. 3º, IV, 'd', LBI): o conteúdo existe juridicamente como informação pública, mas não é recebível pelo usuário cego, esvaziando o dever de transparência ativa do art. 8º, § 3º, VIII da LAI.
b24479f8-1743-4504-9e31-5102885d667a;carioca-rio-saude;Carioca Digital — catálogo de serviços de saúde;2026-08-18T15:08:15.734929+00:00;https://carioca.rio/servicos/atendimento-em-unidades-de-pronto-atendimento-upa-24-horas/;1;mobile-320;input-button-name;axe-core;fail;critical;critico;4.1.2;4.1.2;robusto;A;1;cegueira|fala|motora;lbi.art63.caput|lbi.art3.iv.d|lbi.art4|dec5296.art47|emag.3.1|lbi.art18|cf.art196|onu.art25|lbi.art74|onu.art9;Input buttons must have discernible text;Controle sem nome, função ou valor expostos simplesmente não existe para a tecnologia assistiva: o serviço é, para o usuário cego, inexistente. É a forma mais severa de barreira na informação do art. 3º, IV, 'd'.
b24479f8-1743-4504-9e31-5102885d667a;carioca-rio-saude;Carioca Digital — catálogo de serviços de saúde;2026-08-18T15:08:15.734929+00:00;https://carioca.rio/servicos/atendimento-em-unidades-de-pronto-atendimento-upa-24-horas/;1;mobile-320;link-name;axe-core;fail;serious;critico;2.4.4|4.1.2;2.4.4;operavel;A;6;cegueira|cognitiva_neurodivergencia|fala|motora;lbi.art63.caput|lbi.art3.iv.d|lbi.art4|dec5296.art47|emag.3.1|lbi.art18|cf.art196|onu.art25|lbi.art74|onu.art9;Links must have discernible text;Controle sem nome, função ou valor expostos simplesmente não existe para a tecnologia assistiva: o serviço é, para o usuário cego, inexistente. É a forma mais severa de barreira na informação do art. 3º, IV, 'd'.
b24479f8-1743-4504-9e31-5102885d667a;carioca-rio-saude;Carioca Digital — catálogo de serviços de saúde;2026-08-18T15:08:15.734929+00:00;https://carioca.rio/servicos/atendimento-em-unidades-de-pronto-atendimento-upa-24-horas/;1;mobile-320;meta-viewport;axe-core;fail;moderate;alto;1.4.4;1.4.4;perceptivel;AA;1;baixa_visao|cognitiva_neurodivergencia;lbi.art63.caput|lbi.art3.iv.d|lbi.art4|dec5296.art47|emag.3.1|lbi.art18|cf.art196|onu.art25;Zooming and scaling must not be disabled;O bloqueio de ampliação nega adaptação razoável, conduta equiparada a discriminação pelo art. 4º, § 1º da LBI.
b24479f8-1743-4504-9e31-5102885d667a;carioca-rio-saude;Carioca Digital — catálogo de serviços de saúde;2026-08-18T15:08:15.734929+00:00;https://carioca.rio/servicos/atendimento-em-unidades-de-pronto-atendimento-upa-24-horas/;1;mobile-320;aria-prohibited-attr;axe-core;incomplete;;critico;4.1.2;4.1.2;robusto;A;3;cegueira|fala|motora;lbi.art63.caput|lbi.art3.iv.d|lbi.art4|dec5296.art47|emag.3.1|lbi.art18|cf.art196|onu.art25|lbi.art74|onu.art9;Elements must only use permitted ARIA attributes;Controle sem nome, função ou valor expostos simplesmente não existe para a tecnologia assistiva: o serviço é, para o usuário cego, inexistente. É a forma mais severa de barreira na informação do art. 3º, IV, 'd'.
b24479f8-1743-4504-9e31-5102885d667a;carioca-rio-saude;Carioca Digital — catálogo de serviços de saúde;2026-08-18T15:08:15.734929+00:00;https://carioca.rio/servicos/atendimento-em-unidades-de-pronto-atendimento-upa-24-horas/;1;mobile-320;color-contrast;axe-core;incomplete;;alto;1.4.3;1.4.3;perceptivel;AA;1;baixa_visao|cognitiva_neurodivergencia|visao_de_cores;lbi.art63.caput|lbi.art3.iv.d|lbi.art4|dec5296.art47|emag.3.1|lbi.art18|cf.art196|onu.art25|cf.art5.xiv|lai.art8.par3.viii;Elements must meet minimum color contrast ratio thresholds;"O contraste insuficiente é a barreira de comunicação mais prevalente e atinge diretamente a população idosa usuária do SUS; sua persistência em portal público caracteriza descumprimento continuado do art. 63, caput, da LBI e do art. 47 do Decreto 5.296/2004."
b24479f8-1743-4504-9e31-5102885d667a;carioca-rio-saude;Carioca Digital — catálogo de serviços de saúde;2026-08-18T15:08:15.734929+00:00;https://carioca.rio/servicos/atendimento-em-unidades-de-pronto-atendimento-upa-24-horas/;1;mobile-320;probe.landmarks.no-main;probe;fail;serious;alto;1.3.1;1.3.1;perceptivel;A;1;baixa_visao|cegueira|cognitiva_neurodivergencia;lbi.art63.caput|lbi.art3.iv.d|lbi.art4|dec5296.art47|emag.3.1|lbi.art18|cf.art196|onu.art25|lbi.art74;A página não declara marco de conteúdo principal (<main>).;"Sem estrutura semântica, a tecnologia assistiva não consegue reconstruir a relação entre rótulo e dado; o art. 74 da LBI assegura o acesso a tecnologias assistivas, o que pressupõe conteúdo com elas compatível."
b24479f8-1743-4504-9e31-5102885d667a;carioca-rio-saude;Carioca Digital — catálogo de serviços de saúde;2026-08-18T15:08:15.734929+00:00;https://carioca.rio/servicos/atendimento-em-unidades-de-pronto-atendimento-upa-24-horas/;1;mobile-320;probe.landmarks.no-skip-link;probe;fail;moderate;moderado;2.4.1;2.4.1;operavel;A;1;cegueira|cognitiva_neurodivergencia|motora;lbi.art63.caput|lbi.art3.iv.d|lbi.art4|dec5296.art47|emag.3.1|lbi.art18|cf.art196|onu.art25|lbi.art3.i;Nenhum link de salto para o conteúdo principal foi encontrado.;A ausência de mecanismo de salto obriga a percorrer repetidamente blocos idênticos, esforço desproporcional vedado pelo conceito de acessibilidade com autonomia do art. 3º, I da LBI.
b24479f8-1743-4504-9e31-5102885d667a;carioca-rio-saude;Carioca Digital — catálogo de serviços de saúde;2026-08-18T15:08:15.734929+00:00;https://carioca.rio/servicos/atendimento-em-unidades-de-pronto-atendimento-upa-24-horas/;1;mobile-320;probe.heading-structure.level-skip;probe;incomplete;;alto;1.3.1;1.3.1;perceptivel;A;1;baixa_visao|cegueira|cognitiva_neurodivergencia;lbi.art63.caput|lbi.art3.iv.d|lbi.art4|dec5296.art47|emag.3.1|lbi.art18|cf.art196|onu.art25|lbi.art74;1 salto(s) de nível na hierarquia de cabeçalhos.;"Sem estrutura semântica, a tecnologia assistiva não consegue reconstruir a relação entre rótulo e dado; o art. 74 da LBI assegura o acesso a tecnologias assistivas, o que pressupõe conteúdo com elas compatível."
b24479f8-1743-4504-9e31-5102885d667a;carioca-rio-saude;Carioca Digital — catálogo de serviços de saúde;2026-08-18T15:08:15.734929+00:00;https://carioca.rio/servicos/atendimento-em-unidades-de-pronto-atendimento-upa-24-horas/;1;mobile-320;probe.id-duplicado.inerte;probe;incomplete;;baixo;4.1.1;4.1.1;robusto;A;2;cegueira|cognitiva_neurodivergencia|motora;lbi.art63.caput|lbi.art3.iv.d|lbi.art4|dec5296.art47|emag.3.1|lbi.art18|cf.art196|onu.art25|lbi.art74;2 identificador(es) duplicado(s) sem referência associada.;Marcação malformada produz comportamento imprevisível em tecnologia assistiva, comprometendo a interoperabilidade pressuposta pelo art. 74.
b24479f8-1743-4504-9e31-5102885d667a;carioca-rio-saude;Carioca Digital — catálogo de serviços de saúde;2026-08-18T15:08:15.734929+00:00;https://carioca.rio/servicos/atendimento-em-unidades-de-pronto-atendimento-upa-24-horas/;1;mobile-320;probe.non-interactive-control;probe;fail;critical;critico;2.1.1|4.1.2;2.1.1;operavel;A;2;cegueira|motora;lbi.art63.caput|lbi.art3.iv.d|lbi.art4|dec5296.art47|emag.3.1|lbi.art18|cf.art196|onu.art25|lbi.art74|onu.art9|lbi.art3.i;2 elemento(s) respondem ao clique do mouse mas não são alcançáveis por teclado.;A construção de controles inacessíveis por teclado impede integralmente o uso do serviço por pessoas com deficiência motora e por usuários de leitor de tela, sem qualquer rota alternativa. Configura barreira absoluta na comunicação e na informação (art. 3º, IV, 'd', LBI), violação direta do dever de acessibilidade dos sítios de órgãos de governo (art. 63, caput, LBI) e descumprimento do art. 9 da Convenção sobre os Direitos das Pessoas com Deficiência, que tem hierarquia de emenda constitucional.
b24479f8-1743-4504-9e31-5102885d667a;carioca-rio-saude;Carioca Digital — catálogo de serviços de saúde;2026-08-18T15:08:15.734929+00:00;https://carioca.rio/servicos/atendimento-em-unidades-de-pronto-atendimento-upa-24-horas/;1;mobile-320;probe.placeholder-como-rotulo;probe;fail;serious;alto;3.3.2;3.3.2;compreensivel;A;2;baixa_visao|cegueira|cognitiva_neurodivergencia;lbi.art63.caput|lbi.art3.iv.d|lbi.art4|dec5296.art47|emag.3.1|lbi.art18|cf.art196|onu.art25|lbi.art74|lbi.art3.i;2 campo(s) de formulário são identificados apenas pelo texto de placeholder.;Campo sem rótulo programático torna indeterminável o dado solicitado, inviabilizando o preenchimento autônomo (art. 3º, I, LBI).
b24479f8-1743-4504-9e31-5102885d667a;carioca-rio-saude;Carioca Digital — catálogo de serviços de saúde;2026-08-18T15:08:15.734929+00:00;https://carioca.rio/servicos/atendimento-em-unidades-de-pronto-atendimento-upa-24-horas/;1;mobile-320;probe.reflow-320;probe;fail;serious;alto;1.4.10;1.4.10;perceptivel;AA;5;baixa_visao|cognitiva_neurodivergencia|motora;lbi.art63.caput|lbi.art3.iv.d|lbi.art4|dec5296.art47|emag.3.1|lbi.art18|cf.art196|onu.art25|lei13460.art5;A página exige rolagem horizontal em tela de 320 px (8 px de transbordo).;"O acesso majoritário aos serviços públicos de saúde no Brasil se dá por telefone celular; a exigência de rolagem bidirecional em telas estreitas inviabiliza o uso e frustra o acesso universal do art. 196 da CF/88."
b24479f8-1743-4504-9e31-5102885d667a;carioca-rio-saude;Carioca Digital — catálogo de serviços de saúde;2026-08-18T15:08:15.734929+00:00;https://carioca.rio/servicos/atendimento-em-unidades-de-pronto-atendimento-upa-24-horas/;1;mobile-320;probe.zoom-lock;probe;fail;serious;alto;1.4.4;1.4.4;perceptivel;AA;1;baixa_visao|cognitiva_neurodivergencia;lbi.art63.caput|lbi.art3.iv.d|lbi.art4|dec5296.art47|emag.3.1|lbi.art18|cf.art196|onu.art25;A página bloqueia a ampliação pelo usuário.;O bloqueio de ampliação nega adaptação razoável, conduta equiparada a discriminação pelo art. 4º, § 1º da LBI.
b24479f8-1743-4504-9e31-5102885d667a;carioca-rio-saude;Carioca Digital — catálogo de serviços de saúde;2026-08-18T15:08:15.734929+00:00;https://carioca.rio/servicos/atendimento-em-unidades-de-pronto-atendimento-upa-24-horas/;1;desktop-1366;color-contrast;axe-core;fail;serious;alto;1.4.3;1.4.3;perceptivel;AA;189;baixa_visao|cognitiva_neurodivergencia|visao_de_cores;lbi.art63.caput|lbi.art3.iv.d|lbi.art4|dec5296.art47|emag.3.1|lbi.art18|cf.art196|onu.art25|cf.art5.xiv|lai.art8.par3.viii;Elements must meet minimum color contrast ratio thresholds;"O contraste insuficiente é a barreira de comunicação mais prevalente e atinge diretamente a população idosa usuária do SUS; sua persistência em portal público caracteriza descumprimento continuado do art. 63, caput, da LBI e do art. 47 do Decreto 5.296/2004."
b24479f8-1743-4504-9e31-5102885d667a;carioca-rio-saude;Carioca Digital — catálogo de serviços de saúde;2026-08-18T15:08:15.734929+00:00;https://carioca.rio/servicos/atendimento-em-unidades-de-pronto-atendimento-upa-24-horas/;1;desktop-1366;image-alt;axe-core;fail;critical;alto;1.1.1;1.1.1;perceptivel;A;11;baixa_conectividade|baixa_visao|cegueira|cognitiva_neurodivergencia;lbi.art63.caput|lbi.art3.iv.d|lbi.art4|dec5296.art47|emag.3.1|lbi.art18|cf.art196|onu.art25|lbi.art74|cf.art5.xiv|lai.art8.par3.viii;Images must have alternative text;A ausência de alternativa textual configura barreira na comunicação e na informação (art. 3º, IV, 'd', LBI): o conteúdo existe juridicamente como informação pública, mas não é recebível pelo usuário cego, esvaziando o dever de transparência ativa do art. 8º, § 3º, VIII da LAI.
b24479f8-1743-4504-9e31-5102885d667a;carioca-rio-saude;Carioca Digital — catálogo de serviços de saúde;2026-08-18T15:08:15.734929+00:00;https://carioca.rio/servicos/atendimento-em-unidades-de-pronto-atendimento-upa-24-horas/;1;desktop-1366;input-button-name;axe-core;fail;critical;critico;4.1.2;4.1.2;robusto;A;1;cegueira|fala|motora;lbi.art63.caput|lbi.art3.iv.d|lbi.art4|dec5296.art47|emag.3.1|lbi.art18|cf.art196|onu.art25|lbi.art74|onu.art9;Input buttons must have discernible text;Controle sem nome, função ou valor expostos simplesmente não existe para a tecnologia assistiva: o serviço é, para o usuário cego, inexistente. É a forma mais severa de barreira na informação do art. 3º, IV, 'd'.
b24479f8-1743-4504-9e31-5102885d667a;carioca-rio-saude;Carioca Digital — catálogo de serviços de saúde;2026-08-18T15:08:15.734929+00:00;https://carioca.rio/servicos/atendimento-em-unidades-de-pronto-atendimento-upa-24-horas/;1;desktop-1366;link-name;axe-core;fail;serious;critico;2.4.4|4.1.2;2.4.4;operavel;A;6;cegueira|cognitiva_neurodivergencia|fala|motora;lbi.art63.caput|lbi.art3.iv.d|lbi.art4|dec5296.art47|emag.3.1|lbi.art18|cf.art196|onu.art25|lbi.art74|onu.art9;Links must have discernible text;Controle sem nome, função ou valor expostos simplesmente não existe para a tecnologia assistiva: o serviço é, para o usuário cego, inexistente. É a forma mais severa de barreira na informação do art. 3º, IV, 'd'.
b24479f8-1743-4504-9e31-5102885d667a;carioca-rio-saude;Carioca Digital — catálogo de serviços de saúde;2026-08-18T15:08:15.734929+00:00;https://carioca.rio/servicos/atendimento-em-unidades-de-pronto-atendimento-upa-24-horas/;1;desktop-1366;list;axe-core;fail;serious;alto;1.3.1;1.3.1;perceptivel;A;2;baixa_visao|cegueira|cognitiva_neurodivergencia;lbi.art63.caput|lbi.art3.iv.d|lbi.art4|dec5296.art47|emag.3.1|lbi.art18|cf.art196|onu.art25|lbi.art74;<ul> and <ol> must only directly contain <li>, <script> or <template> elements;"Sem estrutura semântica, a tecnologia assistiva não consegue reconstruir a relação entre rótulo e dado; o art. 74 da LBI assegura o acesso a tecnologias assistivas, o que pressupõe conteúdo com elas compatível."
b24479f8-1743-4504-9e31-5102885d667a;carioca-rio-saude;Carioca Digital — catálogo de serviços de saúde;2026-08-18T15:08:15.734929+00:00;https://carioca.rio/servicos/atendimento-em-unidades-de-pronto-atendimento-upa-24-horas/;1;desktop-1366;listitem;axe-core;fail;serious;alto;1.3.1;1.3.1;perceptivel;A;119;baixa_visao|cegueira|cognitiva_neurodivergencia;lbi.art63.caput|lbi.art3.iv.d|lbi.art4|dec5296.art47|emag.3.1|lbi.art18|cf.art196|onu.art25|lbi.art74;<li> elements must be contained in a <ul> or <ol>;"Sem estrutura semântica, a tecnologia assistiva não consegue reconstruir a relação entre rótulo e dado; o art. 74 da LBI assegura o acesso a tecnologias assistivas, o que pressupõe conteúdo com elas compatível."
b24479f8-1743-4504-9e31-5102885d667a;carioca-rio-saude;Carioca Digital — catálogo de serviços de saúde;2026-08-18T15:08:15.734929+00:00;https://carioca.rio/servicos/atendimento-em-unidades-de-pronto-atendimento-upa-24-horas/;1;desktop-1366;meta-viewport;axe-core;fail;moderate;alto;1.4.4;1.4.4;perceptivel;AA;1;baixa_visao|cognitiva_neurodivergencia;lbi.art63.caput|lbi.art3.iv.d|lbi.art4|dec5296.art47|emag.3.1|lbi.art18|cf.art196|onu.art25;Zooming and scaling must not be disabled;O bloqueio de ampliação nega adaptação razoável, conduta equiparada a discriminação pelo art. 4º, § 1º da LBI.
b24479f8-1743-4504-9e31-5102885d667a;carioca-rio-saude;Carioca Digital — catálogo de serviços de saúde;2026-08-18T15:08:15.734929+00:00;https://carioca.rio/servicos/atendimento-em-unidades-de-pronto-atendimento-upa-24-horas/;1;desktop-1366;aria-prohibited-attr;axe-core;incomplete;;critico;4.1.2;4.1.2;robusto;A;3;cegueira|fala|motora;lbi.art63.caput|lbi.art3.iv.d|lbi.art4|dec5296.art47|emag.3.1|lbi.art18|cf.art196|onu.art25|lbi.art74|onu.art9;Elements must only use permitted ARIA attributes;Controle sem nome, função ou valor expostos simplesmente não existe para a tecnologia assistiva: o serviço é, para o usuário cego, inexistente. É a forma mais severa de barreira na informação do art. 3º, IV, 'd'.
b24479f8-1743-4504-9e31-5102885d667a;carioca-rio-saude;Carioca Digital — catálogo de serviços de saúde;2026-08-18T15:08:15.734929+00:00;https://carioca.rio/servicos/atendimento-em-unidades-de-pronto-atendimento-upa-24-horas/;1;desktop-1366;color-contrast;axe-core;incomplete;;alto;1.4.3;1.4.3;perceptivel;AA;2;baixa_visao|cognitiva_neurodivergencia|visao_de_cores;lbi.art63.caput|lbi.art3.iv.d|lbi.art4|dec5296.art47|emag.3.1|lbi.art18|cf.art196|onu.art25|cf.art5.xiv|lai.art8.par3.viii;Elements must meet minimum color contrast ratio thresholds;"O contraste insuficiente é a barreira de comunicação mais prevalente e atinge diretamente a população idosa usuária do SUS; sua persistência em portal público caracteriza descumprimento continuado do art. 63, caput, da LBI e do art. 47 do Decreto 5.296/2004."
b24479f8-1743-4504-9e31-5102885d667a;carioca-rio-saude;Carioca Digital — catálogo de serviços de saúde;2026-08-18T15:08:15.734929+00:00;https://carioca.rio/servicos/atendimento-em-unidades-de-pronto-atendimento-upa-24-horas/;1;desktop-1366;probe.landmarks.no-main;probe;fail;serious;alto;1.3.1;1.3.1;perceptivel;A;1;baixa_visao|cegueira|cognitiva_neurodivergencia;lbi.art63.caput|lbi.art3.iv.d|lbi.art4|dec5296.art47|emag.3.1|lbi.art18|cf.art196|onu.art25|lbi.art74;A página não declara marco de conteúdo principal (<main>).;"Sem estrutura semântica, a tecnologia assistiva não consegue reconstruir a relação entre rótulo e dado; o art. 74 da LBI assegura o acesso a tecnologias assistivas, o que pressupõe conteúdo com elas compatível."
b24479f8-1743-4504-9e31-5102885d667a;carioca-rio-saude;Carioca Digital — catálogo de serviços de saúde;2026-08-18T15:08:15.734929+00:00;https://carioca.rio/servicos/atendimento-em-unidades-de-pronto-atendimento-upa-24-horas/;1;desktop-1366;probe.landmarks.no-skip-link;probe;fail;moderate;moderado;2.4.1;2.4.1;operavel;A;1;cegueira|cognitiva_neurodivergencia|motora;lbi.art63.caput|lbi.art3.iv.d|lbi.art4|dec5296.art47|emag.3.1|lbi.art18|cf.art196|onu.art25|lbi.art3.i;Nenhum link de salto para o conteúdo principal foi encontrado.;A ausência de mecanismo de salto obriga a percorrer repetidamente blocos idênticos, esforço desproporcional vedado pelo conceito de acessibilidade com autonomia do art. 3º, I da LBI.
b24479f8-1743-4504-9e31-5102885d667a;carioca-rio-saude;Carioca Digital — catálogo de serviços de saúde;2026-08-18T15:08:15.734929+00:00;https://carioca.rio/servicos/atendimento-em-unidades-de-pronto-atendimento-upa-24-horas/;1;desktop-1366;probe.heading-structure.level-skip;probe;incomplete;;alto;1.3.1;1.3.1;perceptivel;A;1;baixa_visao|cegueira|cognitiva_neurodivergencia;lbi.art63.caput|lbi.art3.iv.d|lbi.art4|dec5296.art47|emag.3.1|lbi.art18|cf.art196|onu.art25|lbi.art74;1 salto(s) de nível na hierarquia de cabeçalhos.;"Sem estrutura semântica, a tecnologia assistiva não consegue reconstruir a relação entre rótulo e dado; o art. 74 da LBI assegura o acesso a tecnologias assistivas, o que pressupõe conteúdo com elas compatível."
b24479f8-1743-4504-9e31-5102885d667a;carioca-rio-saude;Carioca Digital — catálogo de serviços de saúde;2026-08-18T15:08:15.734929+00:00;https://carioca.rio/servicos/atendimento-em-unidades-de-pronto-atendimento-upa-24-horas/;1;desktop-1366;probe.id-duplicado.inerte;probe;incomplete;;baixo;4.1.1;4.1.1;robusto;A;2;cegueira|cognitiva_neurodivergencia|motora;lbi.art63.caput|lbi.art3.iv.d|lbi.art4|dec5296.art47|emag.3.1|lbi.art18|cf.art196|onu.art25|lbi.art74;2 identificador(es) duplicado(s) sem referência associada.;Marcação malformada produz comportamento imprevisível em tecnologia assistiva, comprometendo a interoperabilidade pressuposta pelo art. 74.
b24479f8-1743-4504-9e31-5102885d667a;carioca-rio-saude;Carioca Digital — catálogo de serviços de saúde;2026-08-18T15:08:15.734929+00:00;https://carioca.rio/servicos/atendimento-em-unidades-de-pronto-atendimento-upa-24-horas/;1;desktop-1366;probe.non-interactive-control;probe;fail;critical;critico;2.1.1|4.1.2;2.1.1;operavel;A;2;cegueira|motora;lbi.art63.caput|lbi.art3.iv.d|lbi.art4|dec5296.art47|emag.3.1|lbi.art18|cf.art196|onu.art25|lbi.art74|onu.art9|lbi.art3.i;2 elemento(s) respondem ao clique do mouse mas não são alcançáveis por teclado.;A construção de controles inacessíveis por teclado impede integralmente o uso do serviço por pessoas com deficiência motora e por usuários de leitor de tela, sem qualquer rota alternativa. Configura barreira absoluta na comunicação e na informação (art. 3º, IV, 'd', LBI), violação direta do dever de acessibilidade dos sítios de órgãos de governo (art. 63, caput, LBI) e descumprimento do art. 9 da Convenção sobre os Direitos das Pessoas com Deficiência, que tem hierarquia de emenda constitucional.
b24479f8-1743-4504-9e31-5102885d667a;carioca-rio-saude;Carioca Digital — catálogo de serviços de saúde;2026-08-18T15:08:15.734929+00:00;https://carioca.rio/servicos/atendimento-em-unidades-de-pronto-atendimento-upa-24-horas/;1;desktop-1366;probe.placeholder-como-rotulo;probe;fail;serious;alto;3.3.2;3.3.2;compreensivel;A;2;baixa_visao|cegueira|cognitiva_neurodivergencia;lbi.art63.caput|lbi.art3.iv.d|lbi.art4|dec5296.art47|emag.3.1|lbi.art18|cf.art196|onu.art25|lbi.art74|lbi.art3.i;2 campo(s) de formulário são identificados apenas pelo texto de placeholder.;Campo sem rótulo programático torna indeterminável o dado solicitado, inviabilizando o preenchimento autônomo (art. 3º, I, LBI).
b24479f8-1743-4504-9e31-5102885d667a;carioca-rio-saude;Carioca Digital — catálogo de serviços de saúde;2026-08-18T15:08:15.734929+00:00;https://carioca.rio/servicos/atendimento-em-unidades-de-pronto-atendimento-upa-24-horas/;1;desktop-1366;probe.zoom-lock;probe;fail;serious;alto;1.4.4;1.4.4;perceptivel;AA;1;baixa_visao|cognitiva_neurodivergencia;lbi.art63.caput|lbi.art3.iv.d|lbi.art4|dec5296.art47|emag.3.1|lbi.art18|cf.art196|onu.art25;A página bloqueia a ampliação pelo usuário.;O bloqueio de ampliação nega adaptação razoável, conduta equiparada a discriminação pelo art. 4º, § 1º da LBI.
b24479f8-1743-4504-9e31-5102885d667a;carioca-rio-saude;Carioca Digital — catálogo de serviços de saúde;2026-08-18T15:08:15.734929+00:00;https://carioca.rio/servicos/atendimento-em-unidades-de-pronto-atendimento-upa-24-horas/;1;desktop-1366;probe.readability;heuristic;incomplete;;moderado;;;;;1;cognitiva_neurodivergencia|baixa_conectividade;lbi.art18|lai.art8.par3.viii|lei13460.art5;Legibilidade do conteúdo principal em 29.24 pontos — faixa difícil (exige ensino médio completo).;A publicação de informação de saúde em registro linguístico inacessível à população destinatária esvazia materialmente o dever de oferta de comunicação e informação adequadas (art. 18, § 4º, IV, LBI) e o dever de transparência ativa (art. 8º, § 3º, LAI). A informação torna-se disponível sem se tornar acessível.
8180a39d-e29b-4698-965b-31322be9448e;carioca-rio-saude;Carioca Digital — catálogo de serviços de saúde;2026-08-18T03:44:40.586326+00:00;https://carioca.rio/tema/saude;1;mobile-320;aria-required-children;axe-core;fail;critical;alto;1.3.1;1.3.1;perceptivel;A;1;baixa_visao|cegueira|cognitiva_neurodivergencia;lbi.art63.caput|lbi.art3.iv.d|lbi.art4|dec5296.art47|emag.3.1|lbi.art18|cf.art196|onu.art25|lbi.art74;Certain ARIA roles must contain particular children;"Sem estrutura semântica, a tecnologia assistiva não consegue reconstruir a relação entre rótulo e dado; o art. 74 da LBI assegura o acesso a tecnologias assistivas, o que pressupõe conteúdo com elas compatível."
8180a39d-e29b-4698-965b-31322be9448e;carioca-rio-saude;Carioca Digital — catálogo de serviços de saúde;2026-08-18T03:44:40.586326+00:00;https://carioca.rio/tema/saude;1;mobile-320;aria-required-parent;axe-core;fail;critical;alto;1.3.1;1.3.1;perceptivel;A;2;baixa_visao|cegueira|cognitiva_neurodivergencia;lbi.art63.caput|lbi.art3.iv.d|lbi.art4|dec5296.art47|emag.3.1|lbi.art18|cf.art196|onu.art25|lbi.art74;Certain ARIA roles must be contained by particular parents;"Sem estrutura semântica, a tecnologia assistiva não consegue reconstruir a relação entre rótulo e dado; o art. 74 da LBI assegura o acesso a tecnologias assistivas, o que pressupõe conteúdo com elas compatível."
8180a39d-e29b-4698-965b-31322be9448e;carioca-rio-saude;Carioca Digital — catálogo de serviços de saúde;2026-08-18T03:44:40.586326+00:00;https://carioca.rio/tema/saude;1;mobile-320;color-contrast;axe-core;fail;serious;alto;1.4.3;1.4.3;perceptivel;AA;118;baixa_visao|cognitiva_neurodivergencia|visao_de_cores;lbi.art63.caput|lbi.art3.iv.d|lbi.art4|dec5296.art47|emag.3.1|lbi.art18|cf.art196|onu.art25|cf.art5.xiv|lai.art8.par3.viii;Elements must meet minimum color contrast ratio thresholds;"O contraste insuficiente é a barreira de comunicação mais prevalente e atinge diretamente a população idosa usuária do SUS; sua persistência em portal público caracteriza descumprimento continuado do art. 63, caput, da LBI e do art. 47 do Decreto 5.296/2004."
8180a39d-e29b-4698-965b-31322be9448e;carioca-rio-saude;Carioca Digital — catálogo de serviços de saúde;2026-08-18T03:44:40.586326+00:00;https://carioca.rio/tema/saude;1;mobile-320;image-alt;axe-core;fail;critical;alto;1.1.1;1.1.1;perceptivel;A;15;baixa_conectividade|baixa_visao|cegueira|cognitiva_neurodivergencia;lbi.art63.caput|lbi.art3.iv.d|lbi.art4|dec5296.art47|emag.3.1|lbi.art18|cf.art196|onu.art25|lbi.art74|cf.art5.xiv|lai.art8.par3.viii;Images must have alternative text;A ausência de alternativa textual configura barreira na comunicação e na informação (art. 3º, IV, 'd', LBI): o conteúdo existe juridicamente como informação pública, mas não é recebível pelo usuário cego, esvaziando o dever de transparência ativa do art. 8º, § 3º, VIII da LAI.
8180a39d-e29b-4698-965b-31322be9448e;carioca-rio-saude;Carioca Digital — catálogo de serviços de saúde;2026-08-18T03:44:40.586326+00:00;https://carioca.rio/tema/saude;1;mobile-320;input-button-name;axe-core;fail;critical;critico;4.1.2;4.1.2;robusto;A;1;cegueira|fala|motora;lbi.art63.caput|lbi.art3.iv.d|lbi.art4|dec5296.art47|emag.3.1|lbi.art18|cf.art196|onu.art25|lbi.art74|onu.art9;Input buttons must have discernible text;Controle sem nome, função ou valor expostos simplesmente não existe para a tecnologia assistiva: o serviço é, para o usuário cego, inexistente. É a forma mais severa de barreira na informação do art. 3º, IV, 'd'.
8180a39d-e29b-4698-965b-31322be9448e;carioca-rio-saude;Carioca Digital — catálogo de serviços de saúde;2026-08-18T03:44:40.586326+00:00;https://carioca.rio/tema/saude;1;mobile-320;link-name;axe-core;fail;serious;critico;2.4.4|4.1.2;2.4.4;operavel;A;4;cegueira|cognitiva_neurodivergencia|fala|motora;lbi.art63.caput|lbi.art3.iv.d|lbi.art4|dec5296.art47|emag.3.1|lbi.art18|cf.art196|onu.art25|lbi.art74|onu.art9;Links must have discernible text;Controle sem nome, função ou valor expostos simplesmente não existe para a tecnologia assistiva: o serviço é, para o usuário cego, inexistente. É a forma mais severa de barreira na informação do art. 3º, IV, 'd'.
8180a39d-e29b-4698-965b-31322be9448e;carioca-rio-saude;Carioca Digital — catálogo de serviços de saúde;2026-08-18T03:44:40.586326+00:00;https://carioca.rio/tema/saude;1;mobile-320;listitem;axe-core;fail;serious;alto;1.3.1;1.3.1;perceptivel;A;2;baixa_visao|cegueira|cognitiva_neurodivergencia;lbi.art63.caput|lbi.art3.iv.d|lbi.art4|dec5296.art47|emag.3.1|lbi.art18|cf.art196|onu.art25|lbi.art74;<li> elements must be contained in a <ul> or <ol>;"Sem estrutura semântica, a tecnologia assistiva não consegue reconstruir a relação entre rótulo e dado; o art. 74 da LBI assegura o acesso a tecnologias assistivas, o que pressupõe conteúdo com elas compatível."
8180a39d-e29b-4698-965b-31322be9448e;carioca-rio-saude;Carioca Digital — catálogo de serviços de saúde;2026-08-18T03:44:40.586326+00:00;https://carioca.rio/tema/saude;1;mobile-320;meta-viewport;axe-core;fail;moderate;alto;1.4.4;1.4.4;perceptivel;AA;1;baixa_visao|cognitiva_neurodivergencia;lbi.art63.caput|lbi.art3.iv.d|lbi.art4|dec5296.art47|emag.3.1|lbi.art18|cf.art196|onu.art25;Zooming and scaling must not be disabled;O bloqueio de ampliação nega adaptação razoável, conduta equiparada a discriminação pelo art. 4º, § 1º da LBI.
8180a39d-e29b-4698-965b-31322be9448e;carioca-rio-saude;Carioca Digital — catálogo de serviços de saúde;2026-08-18T03:44:40.586326+00:00;https://carioca.rio/tema/saude;1;mobile-320;color-contrast;axe-core;incomplete;;alto;1.4.3;1.4.3;perceptivel;AA;5;baixa_visao|cognitiva_neurodivergencia|visao_de_cores;lbi.art63.caput|lbi.art3.iv.d|lbi.art4|dec5296.art47|emag.3.1|lbi.art18|cf.art196|onu.art25|cf.art5.xiv|lai.art8.par3.viii;Elements must meet minimum color contrast ratio thresholds;"O contraste insuficiente é a barreira de comunicação mais prevalente e atinge diretamente a população idosa usuária do SUS; sua persistência em portal público caracteriza descumprimento continuado do art. 63, caput, da LBI e do art. 47 do Decreto 5.296/2004."
8180a39d-e29b-4698-965b-31322be9448e;carioca-rio-saude;Carioca Digital — catálogo de serviços de saúde;2026-08-18T03:44:40.586326+00:00;https://carioca.rio/tema/saude;1;mobile-320;probe.heading-structure.level-skip;probe;incomplete;;alto;1.3.1;1.3.1;perceptivel;A;1;baixa_visao|cegueira|cognitiva_neurodivergencia;lbi.art63.caput|lbi.art3.iv.d|lbi.art4|dec5296.art47|emag.3.1|lbi.art18|cf.art196|onu.art25|lbi.art74;1 salto(s) de nível na hierarquia de cabeçalhos.;"Sem estrutura semântica, a tecnologia assistiva não consegue reconstruir a relação entre rótulo e dado; o art. 74 da LBI assegura o acesso a tecnologias assistivas, o que pressupõe conteúdo com elas compatível."
8180a39d-e29b-4698-965b-31322be9448e;carioca-rio-saude;Carioca Digital — catálogo de serviços de saúde;2026-08-18T03:44:40.586326+00:00;https://carioca.rio/tema/saude;1;mobile-320;probe.id-duplicado.inerte;probe;incomplete;;baixo;4.1.1;4.1.1;robusto;A;3;cegueira|cognitiva_neurodivergencia|motora;lbi.art63.caput|lbi.art3.iv.d|lbi.art4|dec5296.art47|emag.3.1|lbi.art18|cf.art196|onu.art25|lbi.art74;3 identificador(es) duplicado(s) sem referência associada.;Marcação malformada produz comportamento imprevisível em tecnologia assistiva, comprometendo a interoperabilidade pressuposta pelo art. 74.
8180a39d-e29b-4698-965b-31322be9448e;carioca-rio-saude;Carioca Digital — catálogo de serviços de saúde;2026-08-18T03:44:40.586326+00:00;https://carioca.rio/tema/saude;1;mobile-320;probe.placeholder-como-rotulo;probe;fail;serious;alto;3.3.2;3.3.2;compreensivel;A;3;baixa_visao|cegueira|cognitiva_neurodivergencia;lbi.art63.caput|lbi.art3.iv.d|lbi.art4|dec5296.art47|emag.3.1|lbi.art18|cf.art196|onu.art25|lbi.art74|lbi.art3.i;3 campo(s) de formulário são identificados apenas pelo texto de placeholder.;Campo sem rótulo programático torna indeterminável o dado solicitado, inviabilizando o preenchimento autônomo (art. 3º, I, LBI).
8180a39d-e29b-4698-965b-31322be9448e;carioca-rio-saude;Carioca Digital — catálogo de serviços de saúde;2026-08-18T03:44:40.586326+00:00;https://carioca.rio/tema/saude;1;mobile-320;probe.reflow-320;probe;fail;serious;alto;1.4.10;1.4.10;perceptivel;AA;5;baixa_visao|cognitiva_neurodivergencia|motora;lbi.art63.caput|lbi.art3.iv.d|lbi.art4|dec5296.art47|emag.3.1|lbi.art18|cf.art196|onu.art25|lei13460.art5;A página exige rolagem horizontal em tela de 320 px (8 px de transbordo).;"O acesso majoritário aos serviços públicos de saúde no Brasil se dá por telefone celular; a exigência de rolagem bidirecional em telas estreitas inviabiliza o uso e frustra o acesso universal do art. 196 da CF/88."
8180a39d-e29b-4698-965b-31322be9448e;carioca-rio-saude;Carioca Digital — catálogo de serviços de saúde;2026-08-18T03:44:40.586326+00:00;https://carioca.rio/tema/saude;1;mobile-320;probe.zoom-lock;probe;fail;serious;alto;1.4.4;1.4.4;perceptivel;AA;1;baixa_visao|cognitiva_neurodivergencia;lbi.art63.caput|lbi.art3.iv.d|lbi.art4|dec5296.art47|emag.3.1|lbi.art18|cf.art196|onu.art25;A página bloqueia a ampliação pelo usuário.;O bloqueio de ampliação nega adaptação razoável, conduta equiparada a discriminação pelo art. 4º, § 1º da LBI.
8180a39d-e29b-4698-965b-31322be9448e;carioca-rio-saude;Carioca Digital — catálogo de serviços de saúde;2026-08-18T03:44:40.586326+00:00;https://carioca.rio/tema/saude;1;desktop-1366;aria-required-children;axe-core;fail;critical;alto;1.3.1;1.3.1;perceptivel;A;1;baixa_visao|cegueira|cognitiva_neurodivergencia;lbi.art63.caput|lbi.art3.iv.d|lbi.art4|dec5296.art47|emag.3.1|lbi.art18|cf.art196|onu.art25|lbi.art74;Certain ARIA roles must contain particular children;"Sem estrutura semântica, a tecnologia assistiva não consegue reconstruir a relação entre rótulo e dado; o art. 74 da LBI assegura o acesso a tecnologias assistivas, o que pressupõe conteúdo com elas compatível."
8180a39d-e29b-4698-965b-31322be9448e;carioca-rio-saude;Carioca Digital — catálogo de serviços de saúde;2026-08-18T03:44:40.586326+00:00;https://carioca.rio/tema/saude;1;desktop-1366;aria-required-parent;axe-core;fail;critical;alto;1.3.1;1.3.1;perceptivel;A;2;baixa_visao|cegueira|cognitiva_neurodivergencia;lbi.art63.caput|lbi.art3.iv.d|lbi.art4|dec5296.art47|emag.3.1|lbi.art18|cf.art196|onu.art25|lbi.art74;Certain ARIA roles must be contained by particular parents;"Sem estrutura semântica, a tecnologia assistiva não consegue reconstruir a relação entre rótulo e dado; o art. 74 da LBI assegura o acesso a tecnologias assistivas, o que pressupõe conteúdo com elas compatível."
8180a39d-e29b-4698-965b-31322be9448e;carioca-rio-saude;Carioca Digital — catálogo de serviços de saúde;2026-08-18T03:44:40.586326+00:00;https://carioca.rio/tema/saude;1;desktop-1366;color-contrast;axe-core;fail;serious;alto;1.4.3;1.4.3;perceptivel;AA;292;baixa_visao|cognitiva_neurodivergencia|visao_de_cores;lbi.art63.caput|lbi.art3.iv.d|lbi.art4|dec5296.art47|emag.3.1|lbi.art18|cf.art196|onu.art25|cf.art5.xiv|lai.art8.par3.viii;Elements must meet minimum color contrast ratio thresholds;"O contraste insuficiente é a barreira de comunicação mais prevalente e atinge diretamente a população idosa usuária do SUS; sua persistência em portal público caracteriza descumprimento continuado do art. 63, caput, da LBI e do art. 47 do Decreto 5.296/2004."
8180a39d-e29b-4698-965b-31322be9448e;carioca-rio-saude;Carioca Digital — catálogo de serviços de saúde;2026-08-18T03:44:40.586326+00:00;https://carioca.rio/tema/saude;1;desktop-1366;image-alt;axe-core;fail;critical;alto;1.1.1;1.1.1;perceptivel;A;15;baixa_conectividade|baixa_visao|cegueira|cognitiva_neurodivergencia;lbi.art63.caput|lbi.art3.iv.d|lbi.art4|dec5296.art47|emag.3.1|lbi.art18|cf.art196|onu.art25|lbi.art74|cf.art5.xiv|lai.art8.par3.viii;Images must have alternative text;A ausência de alternativa textual configura barreira na comunicação e na informação (art. 3º, IV, 'd', LBI): o conteúdo existe juridicamente como informação pública, mas não é recebível pelo usuário cego, esvaziando o dever de transparência ativa do art. 8º, § 3º, VIII da LAI.
8180a39d-e29b-4698-965b-31322be9448e;carioca-rio-saude;Carioca Digital — catálogo de serviços de saúde;2026-08-18T03:44:40.586326+00:00;https://carioca.rio/tema/saude;1;desktop-1366;input-button-name;axe-core;fail;critical;critico;4.1.2;4.1.2;robusto;A;1;cegueira|fala|motora;lbi.art63.caput|lbi.art3.iv.d|lbi.art4|dec5296.art47|emag.3.1|lbi.art18|cf.art196|onu.art25|lbi.art74|onu.art9;Input buttons must have discernible text;Controle sem nome, função ou valor expostos simplesmente não existe para a tecnologia assistiva: o serviço é, para o usuário cego, inexistente. É a forma mais severa de barreira na informação do art. 3º, IV, 'd'.
8180a39d-e29b-4698-965b-31322be9448e;carioca-rio-saude;Carioca Digital — catálogo de serviços de saúde;2026-08-18T03:44:40.586326+00:00;https://carioca.rio/tema/saude;1;desktop-1366;link-name;axe-core;fail;serious;critico;2.4.4|4.1.2;2.4.4;operavel;A;4;cegueira|cognitiva_neurodivergencia|fala|motora;lbi.art63.caput|lbi.art3.iv.d|lbi.art4|dec5296.art47|emag.3.1|lbi.art18|cf.art196|onu.art25|lbi.art74|onu.art9;Links must have discernible text;Controle sem nome, função ou valor expostos simplesmente não existe para a tecnologia assistiva: o serviço é, para o usuário cego, inexistente. É a forma mais severa de barreira na informação do art. 3º, IV, 'd'.
8180a39d-e29b-4698-965b-31322be9448e;carioca-rio-saude;Carioca Digital — catálogo de serviços de saúde;2026-08-18T03:44:40.586326+00:00;https://carioca.rio/tema/saude;1;desktop-1366;list;axe-core;fail;serious;alto;1.3.1;1.3.1;perceptivel;A;2;baixa_visao|cegueira|cognitiva_neurodivergencia;lbi.art63.caput|lbi.art3.iv.d|lbi.art4|dec5296.art47|emag.3.1|lbi.art18|cf.art196|onu.art25|lbi.art74;<ul> and <ol> must only directly contain <li>, <script> or <template> elements;"Sem estrutura semântica, a tecnologia assistiva não consegue reconstruir a relação entre rótulo e dado; o art. 74 da LBI assegura o acesso a tecnologias assistivas, o que pressupõe conteúdo com elas compatível."
8180a39d-e29b-4698-965b-31322be9448e;carioca-rio-saude;Carioca Digital — catálogo de serviços de saúde;2026-08-18T03:44:40.586326+00:00;https://carioca.rio/tema/saude;1;desktop-1366;listitem;axe-core;fail;serious;alto;1.3.1;1.3.1;perceptivel;A;121;baixa_visao|cegueira|cognitiva_neurodivergencia;lbi.art63.caput|lbi.art3.iv.d|lbi.art4|dec5296.art47|emag.3.1|lbi.art18|cf.art196|onu.art25|lbi.art74;<li> elements must be contained in a <ul> or <ol>;"Sem estrutura semântica, a tecnologia assistiva não consegue reconstruir a relação entre rótulo e dado; o art. 74 da LBI assegura o acesso a tecnologias assistivas, o que pressupõe conteúdo com elas compatível."
8180a39d-e29b-4698-965b-31322be9448e;carioca-rio-saude;Carioca Digital — catálogo de serviços de saúde;2026-08-18T03:44:40.586326+00:00;https://carioca.rio/tema/saude;1;desktop-1366;meta-viewport;axe-core;fail;moderate;alto;1.4.4;1.4.4;perceptivel;AA;1;baixa_visao|cognitiva_neurodivergencia;lbi.art63.caput|lbi.art3.iv.d|lbi.art4|dec5296.art47|emag.3.1|lbi.art18|cf.art196|onu.art25;Zooming and scaling must not be disabled;O bloqueio de ampliação nega adaptação razoável, conduta equiparada a discriminação pelo art. 4º, § 1º da LBI.
8180a39d-e29b-4698-965b-31322be9448e;carioca-rio-saude;Carioca Digital — catálogo de serviços de saúde;2026-08-18T03:44:40.586326+00:00;https://carioca.rio/tema/saude;1;desktop-1366;color-contrast;axe-core;incomplete;;alto;1.4.3;1.4.3;perceptivel;AA;6;baixa_visao|cognitiva_neurodivergencia|visao_de_cores;lbi.art63.caput|lbi.art3.iv.d|lbi.art4|dec5296.art47|emag.3.1|lbi.art18|cf.art196|onu.art25|cf.art5.xiv|lai.art8.par3.viii;Elements must meet minimum color contrast ratio thresholds;"O contraste insuficiente é a barreira de comunicação mais prevalente e atinge diretamente a população idosa usuária do SUS; sua persistência em portal público caracteriza descumprimento continuado do art. 63, caput, da LBI e do art. 47 do Decreto 5.296/2004."
8180a39d-e29b-4698-965b-31322be9448e;carioca-rio-saude;Carioca Digital — catálogo de serviços de saúde;2026-08-18T03:44:40.586326+00:00;https://carioca.rio/tema/saude;1;desktop-1366;probe.heading-structure.level-skip;probe;incomplete;;alto;1.3.1;1.3.1;perceptivel;A;1;baixa_visao|cegueira|cognitiva_neurodivergencia;lbi.art63.caput|lbi.art3.iv.d|lbi.art4|dec5296.art47|emag.3.1|lbi.art18|cf.art196|onu.art25|lbi.art74;1 salto(s) de nível na hierarquia de cabeçalhos.;"Sem estrutura semântica, a tecnologia assistiva não consegue reconstruir a relação entre rótulo e dado; o art. 74 da LBI assegura o acesso a tecnologias assistivas, o que pressupõe conteúdo com elas compatível."
8180a39d-e29b-4698-965b-31322be9448e;carioca-rio-saude;Carioca Digital — catálogo de serviços de saúde;2026-08-18T03:44:40.586326+00:00;https://carioca.rio/tema/saude;1;desktop-1366;probe.id-duplicado.inerte;probe;incomplete;;baixo;4.1.1;4.1.1;robusto;A;3;cegueira|cognitiva_neurodivergencia|motora;lbi.art63.caput|lbi.art3.iv.d|lbi.art4|dec5296.art47|emag.3.1|lbi.art18|cf.art196|onu.art25|lbi.art74;3 identificador(es) duplicado(s) sem referência associada.;Marcação malformada produz comportamento imprevisível em tecnologia assistiva, comprometendo a interoperabilidade pressuposta pelo art. 74.
8180a39d-e29b-4698-965b-31322be9448e;carioca-rio-saude;Carioca Digital — catálogo de serviços de saúde;2026-08-18T03:44:40.586326+00:00;https://carioca.rio/tema/saude;1;desktop-1366;probe.placeholder-como-rotulo;probe;fail;serious;alto;3.3.2;3.3.2;compreensivel;A;3;baixa_visao|cegueira|cognitiva_neurodivergencia;lbi.art63.caput|lbi.art3.iv.d|lbi.art4|dec5296.art47|emag.3.1|lbi.art18|cf.art196|onu.art25|lbi.art74|lbi.art3.i;3 campo(s) de formulário são identificados apenas pelo texto de placeholder.;Campo sem rótulo programático torna indeterminável o dado solicitado, inviabilizando o preenchimento autônomo (art. 3º, I, LBI).
8180a39d-e29b-4698-965b-31322be9448e;carioca-rio-saude;Carioca Digital — catálogo de serviços de saúde;2026-08-18T03:44:40.586326+00:00;https://carioca.rio/tema/saude;1;desktop-1366;probe.zoom-lock;probe;fail;serious;alto;1.4.4;1.4.4;perceptivel;AA;1;baixa_visao|cognitiva_neurodivergencia;lbi.art63.caput|lbi.art3.iv.d|lbi.art4|dec5296.art47|emag.3.1|lbi.art18|cf.art196|onu.art25;A página bloqueia a ampliação pelo usuário.;O bloqueio de ampliação nega adaptação razoável, conduta equiparada a discriminação pelo art. 4º, § 1º da LBI.
8180a39d-e29b-4698-965b-31322be9448e;carioca-rio-saude;Carioca Digital — catálogo de serviços de saúde;2026-08-18T03:44:40.586326+00:00;https://carioca.rio/tema/saude;1;desktop-1366;probe.readability;heuristic;incomplete;;moderado;;;;;1;cognitiva_neurodivergencia|baixa_conectividade;lbi.art18|lai.art8.par3.viii|lei13460.art5;Legibilidade do conteúdo principal em 0.0 pontos — faixa muito difícil (exige ensino superior).;A publicação de informação de saúde em registro linguístico inacessível à população destinatária esvazia materialmente o dever de oferta de comunicação e informação adequadas (art. 18, § 4º, IV, LBI) e o dever de transparência ativa (art. 8º, § 3º, LAI). A informação torna-se disponível sem se tornar acessível.
8180a39d-e29b-4698-965b-31322be9448e;carioca-rio-saude;Carioca Digital — catálogo de serviços de saúde;2026-08-18T03:44:40.586326+00:00;https://carioca.rio/servicos/atendimento-em-unidades-de-pronto-atendimento-upa-24-horas/;1;mobile-320;color-contrast;axe-core;fail;serious;alto;1.4.3;1.4.3;perceptivel;AA;15;baixa_visao|cognitiva_neurodivergencia|visao_de_cores;lbi.art63.caput|lbi.art3.iv.d|lbi.art4|dec5296.art47|emag.3.1|lbi.art18|cf.art196|onu.art25|cf.art5.xiv|lai.art8.par3.viii;Elements must meet minimum color contrast ratio thresholds;"O contraste insuficiente é a barreira de comunicação mais prevalente e atinge diretamente a população idosa usuária do SUS; sua persistência em portal público caracteriza descumprimento continuado do art. 63, caput, da LBI e do art. 47 do Decreto 5.296/2004."
8180a39d-e29b-4698-965b-31322be9448e;carioca-rio-saude;Carioca Digital — catálogo de serviços de saúde;2026-08-18T03:44:40.586326+00:00;https://carioca.rio/servicos/atendimento-em-unidades-de-pronto-atendimento-upa-24-horas/;1;mobile-320;image-alt;axe-core;fail;critical;alto;1.1.1;1.1.1;perceptivel;A;11;baixa_conectividade|baixa_visao|cegueira|cognitiva_neurodivergencia;lbi.art63.caput|lbi.art3.iv.d|lbi.art4|dec5296.art47|emag.3.1|lbi.art18|cf.art196|onu.art25|lbi.art74|cf.art5.xiv|lai.art8.par3.viii;Images must have alternative text;A ausência de alternativa textual configura barreira na comunicação e na informação (art. 3º, IV, 'd', LBI): o conteúdo existe juridicamente como informação pública, mas não é recebível pelo usuário cego, esvaziando o dever de transparência ativa do art. 8º, § 3º, VIII da LAI.
8180a39d-e29b-4698-965b-31322be9448e;carioca-rio-saude;Carioca Digital — catálogo de serviços de saúde;2026-08-18T03:44:40.586326+00:00;https://carioca.rio/servicos/atendimento-em-unidades-de-pronto-atendimento-upa-24-horas/;1;mobile-320;input-button-name;axe-core;fail;critical;critico;4.1.2;4.1.2;robusto;A;1;cegueira|fala|motora;lbi.art63.caput|lbi.art3.iv.d|lbi.art4|dec5296.art47|emag.3.1|lbi.art18|cf.art196|onu.art25|lbi.art74|onu.art9;Input buttons must have discernible text;Controle sem nome, função ou valor expostos simplesmente não existe para a tecnologia assistiva: o serviço é, para o usuário cego, inexistente. É a forma mais severa de barreira na informação do art. 3º, IV, 'd'.
8180a39d-e29b-4698-965b-31322be9448e;carioca-rio-saude;Carioca Digital — catálogo de serviços de saúde;2026-08-18T03:44:40.586326+00:00;https://carioca.rio/servicos/atendimento-em-unidades-de-pronto-atendimento-upa-24-horas/;1;mobile-320;link-name;axe-core;fail;serious;critico;2.4.4|4.1.2;2.4.4;operavel;A;6;cegueira|cognitiva_neurodivergencia|fala|motora;lbi.art63.caput|lbi.art3.iv.d|lbi.art4|dec5296.art47|emag.3.1|lbi.art18|cf.art196|onu.art25|lbi.art74|onu.art9;Links must have discernible text;Controle sem nome, função ou valor expostos simplesmente não existe para a tecnologia assistiva: o serviço é, para o usuário cego, inexistente. É a forma mais severa de barreira na informação do art. 3º, IV, 'd'.
8180a39d-e29b-4698-965b-31322be9448e;carioca-rio-saude;Carioca Digital — catálogo de serviços de saúde;2026-08-18T03:44:40.586326+00:00;https://carioca.rio/servicos/atendimento-em-unidades-de-pronto-atendimento-upa-24-horas/;1;mobile-320;meta-viewport;axe-core;fail;moderate;alto;1.4.4;1.4.4;perceptivel;AA;1;baixa_visao|cognitiva_neurodivergencia;lbi.art63.caput|lbi.art3.iv.d|lbi.art4|dec5296.art47|emag.3.1|lbi.art18|cf.art196|onu.art25;Zooming and scaling must not be disabled;O bloqueio de ampliação nega adaptação razoável, conduta equiparada a discriminação pelo art. 4º, § 1º da LBI.
8180a39d-e29b-4698-965b-31322be9448e;carioca-rio-saude;Carioca Digital — catálogo de serviços de saúde;2026-08-18T03:44:40.586326+00:00;https://carioca.rio/servicos/atendimento-em-unidades-de-pronto-atendimento-upa-24-horas/;1;mobile-320;aria-prohibited-attr;axe-core;incomplete;;critico;4.1.2;4.1.2;robusto;A;3;cegueira|fala|motora;lbi.art63.caput|lbi.art3.iv.d|lbi.art4|dec5296.art47|emag.3.1|lbi.art18|cf.art196|onu.art25|lbi.art74|onu.art9;Elements must only use permitted ARIA attributes;Controle sem nome, função ou valor expostos simplesmente não existe para a tecnologia assistiva: o serviço é, para o usuário cego, inexistente. É a forma mais severa de barreira na informação do art. 3º, IV, 'd'.
8180a39d-e29b-4698-965b-31322be9448e;carioca-rio-saude;Carioca Digital — catálogo de serviços de saúde;2026-08-18T03:44:40.586326+00:00;https://carioca.rio/servicos/atendimento-em-unidades-de-pronto-atendimento-upa-24-horas/;1;mobile-320;color-contrast;axe-core;incomplete;;alto;1.4.3;1.4.3;perceptivel;AA;1;baixa_visao|cognitiva_neurodivergencia|visao_de_cores;lbi.art63.caput|lbi.art3.iv.d|lbi.art4|dec5296.art47|emag.3.1|lbi.art18|cf.art196|onu.art25|cf.art5.xiv|lai.art8.par3.viii;Elements must meet minimum color contrast ratio thresholds;"O contraste insuficiente é a barreira de comunicação mais prevalente e atinge diretamente a população idosa usuária do SUS; sua persistência em portal público caracteriza descumprimento continuado do art. 63, caput, da LBI e do art. 47 do Decreto 5.296/2004."
8180a39d-e29b-4698-965b-31322be9448e;carioca-rio-saude;Carioca Digital — catálogo de serviços de saúde;2026-08-18T03:44:40.586326+00:00;https://carioca.rio/servicos/atendimento-em-unidades-de-pronto-atendimento-upa-24-horas/;1;mobile-320;probe.landmarks.no-main;probe;fail;serious;alto;1.3.1;1.3.1;perceptivel;A;1;baixa_visao|cegueira|cognitiva_neurodivergencia;lbi.art63.caput|lbi.art3.iv.d|lbi.art4|dec5296.art47|emag.3.1|lbi.art18|cf.art196|onu.art25|lbi.art74;A página não declara marco de conteúdo principal (<main>).;"Sem estrutura semântica, a tecnologia assistiva não consegue reconstruir a relação entre rótulo e dado; o art. 74 da LBI assegura o acesso a tecnologias assistivas, o que pressupõe conteúdo com elas compatível."
8180a39d-e29b-4698-965b-31322be9448e;carioca-rio-saude;Carioca Digital — catálogo de serviços de saúde;2026-08-18T03:44:40.586326+00:00;https://carioca.rio/servicos/atendimento-em-unidades-de-pronto-atendimento-upa-24-horas/;1;mobile-320;probe.landmarks.no-skip-link;probe;fail;moderate;moderado;2.4.1;2.4.1;operavel;A;1;cegueira|cognitiva_neurodivergencia|motora;lbi.art63.caput|lbi.art3.iv.d|lbi.art4|dec5296.art47|emag.3.1|lbi.art18|cf.art196|onu.art25|lbi.art3.i;Nenhum link de salto para o conteúdo principal foi encontrado.;A ausência de mecanismo de salto obriga a percorrer repetidamente blocos idênticos, esforço desproporcional vedado pelo conceito de acessibilidade com autonomia do art. 3º, I da LBI.
8180a39d-e29b-4698-965b-31322be9448e;carioca-rio-saude;Carioca Digital — catálogo de serviços de saúde;2026-08-18T03:44:40.586326+00:00;https://carioca.rio/servicos/atendimento-em-unidades-de-pronto-atendimento-upa-24-horas/;1;mobile-320;probe.heading-structure.level-skip;probe;incomplete;;alto;1.3.1;1.3.1;perceptivel;A;1;baixa_visao|cegueira|cognitiva_neurodivergencia;lbi.art63.caput|lbi.art3.iv.d|lbi.art4|dec5296.art47|emag.3.1|lbi.art18|cf.art196|onu.art25|lbi.art74;1 salto(s) de nível na hierarquia de cabeçalhos.;"Sem estrutura semântica, a tecnologia assistiva não consegue reconstruir a relação entre rótulo e dado; o art. 74 da LBI assegura o acesso a tecnologias assistivas, o que pressupõe conteúdo com elas compatível."
8180a39d-e29b-4698-965b-31322be9448e;carioca-rio-saude;Carioca Digital — catálogo de serviços de saúde;2026-08-18T03:44:40.586326+00:00;https://carioca.rio/servicos/atendimento-em-unidades-de-pronto-atendimento-upa-24-horas/;1;mobile-320;probe.id-duplicado.inerte;probe;incomplete;;baixo;4.1.1;4.1.1;robusto;A;2;cegueira|cognitiva_neurodivergencia|motora;lbi.art63.caput|lbi.art3.iv.d|lbi.art4|dec5296.art47|emag.3.1|lbi.art18|cf.art196|onu.art25|lbi.art74;2 identificador(es) duplicado(s) sem referência associada.;Marcação malformada produz comportamento imprevisível em tecnologia assistiva, comprometendo a interoperabilidade pressuposta pelo art. 74.
8180a39d-e29b-4698-965b-31322be9448e;carioca-rio-saude;Carioca Digital — catálogo de serviços de saúde;2026-08-18T03:44:40.586326+00:00;https://carioca.rio/servicos/atendimento-em-unidades-de-pronto-atendimento-upa-24-horas/;1;mobile-320;probe.non-interactive-control;probe;fail;critical;critico;2.1.1|4.1.2;2.1.1;operavel;A;2;cegueira|motora;lbi.art63.caput|lbi.art3.iv.d|lbi.art4|dec5296.art47|emag.3.1|lbi.art18|cf.art196|onu.art25|lbi.art74|onu.art9|lbi.art3.i;2 elemento(s) respondem ao clique do mouse mas não são alcançáveis por teclado.;A construção de controles inacessíveis por teclado impede integralmente o uso do serviço por pessoas com deficiência motora e por usuários de leitor de tela, sem qualquer rota alternativa. Configura barreira absoluta na comunicação e na informação (art. 3º, IV, 'd', LBI), violação direta do dever de acessibilidade dos sítios de órgãos de governo (art. 63, caput, LBI) e descumprimento do art. 9 da Convenção sobre os Direitos das Pessoas com Deficiência, que tem hierarquia de emenda constitucional.
8180a39d-e29b-4698-965b-31322be9448e;carioca-rio-saude;Carioca Digital — catálogo de serviços de saúde;2026-08-18T03:44:40.586326+00:00;https://carioca.rio/servicos/atendimento-em-unidades-de-pronto-atendimento-upa-24-horas/;1;mobile-320;probe.placeholder-como-rotulo;probe;fail;serious;alto;3.3.2;3.3.2;compreensivel;A;2;baixa_visao|cegueira|cognitiva_neurodivergencia;lbi.art63.caput|lbi.art3.iv.d|lbi.art4|dec5296.art47|emag.3.1|lbi.art18|cf.art196|onu.art25|lbi.art74|lbi.art3.i;2 campo(s) de formulário são identificados apenas pelo texto de placeholder.;Campo sem rótulo programático torna indeterminável o dado solicitado, inviabilizando o preenchimento autônomo (art. 3º, I, LBI).
8180a39d-e29b-4698-965b-31322be9448e;carioca-rio-saude;Carioca Digital — catálogo de serviços de saúde;2026-08-18T03:44:40.586326+00:00;https://carioca.rio/servicos/atendimento-em-unidades-de-pronto-atendimento-upa-24-horas/;1;mobile-320;probe.reflow-320;probe;fail;serious;alto;1.4.10;1.4.10;perceptivel;AA;5;baixa_visao|cognitiva_neurodivergencia|motora;lbi.art63.caput|lbi.art3.iv.d|lbi.art4|dec5296.art47|emag.3.1|lbi.art18|cf.art196|onu.art25|lei13460.art5;A página exige rolagem horizontal em tela de 320 px (8 px de transbordo).;"O acesso majoritário aos serviços públicos de saúde no Brasil se dá por telefone celular; a exigência de rolagem bidirecional em telas estreitas inviabiliza o uso e frustra o acesso universal do art. 196 da CF/88."
8180a39d-e29b-4698-965b-31322be9448e;carioca-rio-saude;Carioca Digital — catálogo de serviços de saúde;2026-08-18T03:44:40.586326+00:00;https://carioca.rio/servicos/atendimento-em-unidades-de-pronto-atendimento-upa-24-horas/;1;mobile-320;probe.zoom-lock;probe;fail;serious;alto;1.4.4;1.4.4;perceptivel;AA;1;baixa_visao|cognitiva_neurodivergencia;lbi.art63.caput|lbi.art3.iv.d|lbi.art4|dec5296.art47|emag.3.1|lbi.art18|cf.art196|onu.art25;A página bloqueia a ampliação pelo usuário.;O bloqueio de ampliação nega adaptação razoável, conduta equiparada a discriminação pelo art. 4º, § 1º da LBI.
8180a39d-e29b-4698-965b-31322be9448e;carioca-rio-saude;Carioca Digital — catálogo de serviços de saúde;2026-08-18T03:44:40.586326+00:00;https://carioca.rio/servicos/atendimento-em-unidades-de-pronto-atendimento-upa-24-horas/;1;desktop-1366;color-contrast;axe-core;fail;serious;alto;1.4.3;1.4.3;perceptivel;AA;189;baixa_visao|cognitiva_neurodivergencia|visao_de_cores;lbi.art63.caput|lbi.art3.iv.d|lbi.art4|dec5296.art47|emag.3.1|lbi.art18|cf.art196|onu.art25|cf.art5.xiv|lai.art8.par3.viii;Elements must meet minimum color contrast ratio thresholds;"O contraste insuficiente é a barreira de comunicação mais prevalente e atinge diretamente a população idosa usuária do SUS; sua persistência em portal público caracteriza descumprimento continuado do art. 63, caput, da LBI e do art. 47 do Decreto 5.296/2004."
8180a39d-e29b-4698-965b-31322be9448e;carioca-rio-saude;Carioca Digital — catálogo de serviços de saúde;2026-08-18T03:44:40.586326+00:00;https://carioca.rio/servicos/atendimento-em-unidades-de-pronto-atendimento-upa-24-horas/;1;desktop-1366;image-alt;axe-core;fail;critical;alto;1.1.1;1.1.1;perceptivel;A;11;baixa_conectividade|baixa_visao|cegueira|cognitiva_neurodivergencia;lbi.art63.caput|lbi.art3.iv.d|lbi.art4|dec5296.art47|emag.3.1|lbi.art18|cf.art196|onu.art25|lbi.art74|cf.art5.xiv|lai.art8.par3.viii;Images must have alternative text;A ausência de alternativa textual configura barreira na comunicação e na informação (art. 3º, IV, 'd', LBI): o conteúdo existe juridicamente como informação pública, mas não é recebível pelo usuário cego, esvaziando o dever de transparência ativa do art. 8º, § 3º, VIII da LAI.
8180a39d-e29b-4698-965b-31322be9448e;carioca-rio-saude;Carioca Digital — catálogo de serviços de saúde;2026-08-18T03:44:40.586326+00:00;https://carioca.rio/servicos/atendimento-em-unidades-de-pronto-atendimento-upa-24-horas/;1;desktop-1366;input-button-name;axe-core;fail;critical;critico;4.1.2;4.1.2;robusto;A;1;cegueira|fala|motora;lbi.art63.caput|lbi.art3.iv.d|lbi.art4|dec5296.art47|emag.3.1|lbi.art18|cf.art196|onu.art25|lbi.art74|onu.art9;Input buttons must have discernible text;Controle sem nome, função ou valor expostos simplesmente não existe para a tecnologia assistiva: o serviço é, para o usuário cego, inexistente. É a forma mais severa de barreira na informação do art. 3º, IV, 'd'.
8180a39d-e29b-4698-965b-31322be9448e;carioca-rio-saude;Carioca Digital — catálogo de serviços de saúde;2026-08-18T03:44:40.586326+00:00;https://carioca.rio/servicos/atendimento-em-unidades-de-pronto-atendimento-upa-24-horas/;1;desktop-1366;link-name;axe-core;fail;serious;critico;2.4.4|4.1.2;2.4.4;operavel;A;6;cegueira|cognitiva_neurodivergencia|fala|motora;lbi.art63.caput|lbi.art3.iv.d|lbi.art4|dec5296.art47|emag.3.1|lbi.art18|cf.art196|onu.art25|lbi.art74|onu.art9;Links must have discernible text;Controle sem nome, função ou valor expostos simplesmente não existe para a tecnologia assistiva: o serviço é, para o usuário cego, inexistente. É a forma mais severa de barreira na informação do art. 3º, IV, 'd'.
8180a39d-e29b-4698-965b-31322be9448e;carioca-rio-saude;Carioca Digital — catálogo de serviços de saúde;2026-08-18T03:44:40.586326+00:00;https://carioca.rio/servicos/atendimento-em-unidades-de-pronto-atendimento-upa-24-horas/;1;desktop-1366;list;axe-core;fail;serious;alto;1.3.1;1.3.1;perceptivel;A;2;baixa_visao|cegueira|cognitiva_neurodivergencia;lbi.art63.caput|lbi.art3.iv.d|lbi.art4|dec5296.art47|emag.3.1|lbi.art18|cf.art196|onu.art25|lbi.art74;<ul> and <ol> must only directly contain <li>, <script> or <template> elements;"Sem estrutura semântica, a tecnologia assistiva não consegue reconstruir a relação entre rótulo e dado; o art. 74 da LBI assegura o acesso a tecnologias assistivas, o que pressupõe conteúdo com elas compatível."
8180a39d-e29b-4698-965b-31322be9448e;carioca-rio-saude;Carioca Digital — catálogo de serviços de saúde;2026-08-18T03:44:40.586326+00:00;https://carioca.rio/servicos/atendimento-em-unidades-de-pronto-atendimento-upa-24-horas/;1;desktop-1366;listitem;axe-core;fail;serious;alto;1.3.1;1.3.1;perceptivel;A;119;baixa_visao|cegueira|cognitiva_neurodivergencia;lbi.art63.caput|lbi.art3.iv.d|lbi.art4|dec5296.art47|emag.3.1|lbi.art18|cf.art196|onu.art25|lbi.art74;<li> elements must be contained in a <ul> or <ol>;"Sem estrutura semântica, a tecnologia assistiva não consegue reconstruir a relação entre rótulo e dado; o art. 74 da LBI assegura o acesso a tecnologias assistivas, o que pressupõe conteúdo com elas compatível."
8180a39d-e29b-4698-965b-31322be9448e;carioca-rio-saude;Carioca Digital — catálogo de serviços de saúde;2026-08-18T03:44:40.586326+00:00;https://carioca.rio/servicos/atendimento-em-unidades-de-pronto-atendimento-upa-24-horas/;1;desktop-1366;meta-viewport;axe-core;fail;moderate;alto;1.4.4;1.4.4;perceptivel;AA;1;baixa_visao|cognitiva_neurodivergencia;lbi.art63.caput|lbi.art3.iv.d|lbi.art4|dec5296.art47|emag.3.1|lbi.art18|cf.art196|onu.art25;Zooming and scaling must not be disabled;O bloqueio de ampliação nega adaptação razoável, conduta equiparada a discriminação pelo art. 4º, § 1º da LBI.
8180a39d-e29b-4698-965b-31322be9448e;carioca-rio-saude;Carioca Digital — catálogo de serviços de saúde;2026-08-18T03:44:40.586326+00:00;https://carioca.rio/servicos/atendimento-em-unidades-de-pronto-atendimento-upa-24-horas/;1;desktop-1366;aria-prohibited-attr;axe-core;incomplete;;critico;4.1.2;4.1.2;robusto;A;3;cegueira|fala|motora;lbi.art63.caput|lbi.art3.iv.d|lbi.art4|dec5296.art47|emag.3.1|lbi.art18|cf.art196|onu.art25|lbi.art74|onu.art9;Elements must only use permitted ARIA attributes;Controle sem nome, função ou valor expostos simplesmente não existe para a tecnologia assistiva: o serviço é, para o usuário cego, inexistente. É a forma mais severa de barreira na informação do art. 3º, IV, 'd'.
8180a39d-e29b-4698-965b-31322be9448e;carioca-rio-saude;Carioca Digital — catálogo de serviços de saúde;2026-08-18T03:44:40.586326+00:00;https://carioca.rio/servicos/atendimento-em-unidades-de-pronto-atendimento-upa-24-horas/;1;desktop-1366;color-contrast;axe-core;incomplete;;alto;1.4.3;1.4.3;perceptivel;AA;2;baixa_visao|cognitiva_neurodivergencia|visao_de_cores;lbi.art63.caput|lbi.art3.iv.d|lbi.art4|dec5296.art47|emag.3.1|lbi.art18|cf.art196|onu.art25|cf.art5.xiv|lai.art8.par3.viii;Elements must meet minimum color contrast ratio thresholds;"O contraste insuficiente é a barreira de comunicação mais prevalente e atinge diretamente a população idosa usuária do SUS; sua persistência em portal público caracteriza descumprimento continuado do art. 63, caput, da LBI e do art. 47 do Decreto 5.296/2004."
8180a39d-e29b-4698-965b-31322be9448e;carioca-rio-saude;Carioca Digital — catálogo de serviços de saúde;2026-08-18T03:44:40.586326+00:00;https://carioca.rio/servicos/atendimento-em-unidades-de-pronto-atendimento-upa-24-horas/;1;desktop-1366;probe.landmarks.no-main;probe;fail;serious;alto;1.3.1;1.3.1;perceptivel;A;1;baixa_visao|cegueira|cognitiva_neurodivergencia;lbi.art63.caput|lbi.art3.iv.d|lbi.art4|dec5296.art47|emag.3.1|lbi.art18|cf.art196|onu.art25|lbi.art74;A página não declara marco de conteúdo principal (<main>).;"Sem estrutura semântica, a tecnologia assistiva não consegue reconstruir a relação entre rótulo e dado; o art. 74 da LBI assegura o acesso a tecnologias assistivas, o que pressupõe conteúdo com elas compatível."
8180a39d-e29b-4698-965b-31322be9448e;carioca-rio-saude;Carioca Digital — catálogo de serviços de saúde;2026-08-18T03:44:40.586326+00:00;https://carioca.rio/servicos/atendimento-em-unidades-de-pronto-atendimento-upa-24-horas/;1;desktop-1366;probe.landmarks.no-skip-link;probe;fail;moderate;moderado;2.4.1;2.4.1;operavel;A;1;cegueira|cognitiva_neurodivergencia|motora;lbi.art63.caput|lbi.art3.iv.d|lbi.art4|dec5296.art47|emag.3.1|lbi.art18|cf.art196|onu.art25|lbi.art3.i;Nenhum link de salto para o conteúdo principal foi encontrado.;A ausência de mecanismo de salto obriga a percorrer repetidamente blocos idênticos, esforço desproporcional vedado pelo conceito de acessibilidade com autonomia do art. 3º, I da LBI.
8180a39d-e29b-4698-965b-31322be9448e;carioca-rio-saude;Carioca Digital — catálogo de serviços de saúde;2026-08-18T03:44:40.586326+00:00;https://carioca.rio/servicos/atendimento-em-unidades-de-pronto-atendimento-upa-24-horas/;1;desktop-1366;probe.heading-structure.level-skip;probe;incomplete;;alto;1.3.1;1.3.1;perceptivel;A;1;baixa_visao|cegueira|cognitiva_neurodivergencia;lbi.art63.caput|lbi.art3.iv.d|lbi.art4|dec5296.art47|emag.3.1|lbi.art18|cf.art196|onu.art25|lbi.art74;1 salto(s) de nível na hierarquia de cabeçalhos.;"Sem estrutura semântica, a tecnologia assistiva não consegue reconstruir a relação entre rótulo e dado; o art. 74 da LBI assegura o acesso a tecnologias assistivas, o que pressupõe conteúdo com elas compatível."
8180a39d-e29b-4698-965b-31322be9448e;carioca-rio-saude;Carioca Digital — catálogo de serviços de saúde;2026-08-18T03:44:40.586326+00:00;https://carioca.rio/servicos/atendimento-em-unidades-de-pronto-atendimento-upa-24-horas/;1;desktop-1366;probe.id-duplicado.inerte;probe;incomplete;;baixo;4.1.1;4.1.1;robusto;A;2;cegueira|cognitiva_neurodivergencia|motora;lbi.art63.caput|lbi.art3.iv.d|lbi.art4|dec5296.art47|emag.3.1|lbi.art18|cf.art196|onu.art25|lbi.art74;2 identificador(es) duplicado(s) sem referência associada.;Marcação malformada produz comportamento imprevisível em tecnologia assistiva, comprometendo a interoperabilidade pressuposta pelo art. 74.
8180a39d-e29b-4698-965b-31322be9448e;carioca-rio-saude;Carioca Digital — catálogo de serviços de saúde;2026-08-18T03:44:40.586326+00:00;https://carioca.rio/servicos/atendimento-em-unidades-de-pronto-atendimento-upa-24-horas/;1;desktop-1366;probe.non-interactive-control;probe;fail;critical;critico;2.1.1|4.1.2;2.1.1;operavel;A;2;cegueira|motora;lbi.art63.caput|lbi.art3.iv.d|lbi.art4|dec5296.art47|emag.3.1|lbi.art18|cf.art196|onu.art25|lbi.art74|onu.art9|lbi.art3.i;2 elemento(s) respondem ao clique do mouse mas não são alcançáveis por teclado.;A construção de controles inacessíveis por teclado impede integralmente o uso do serviço por pessoas com deficiência motora e por usuários de leitor de tela, sem qualquer rota alternativa. Configura barreira absoluta na comunicação e na informação (art. 3º, IV, 'd', LBI), violação direta do dever de acessibilidade dos sítios de órgãos de governo (art. 63, caput, LBI) e descumprimento do art. 9 da Convenção sobre os Direitos das Pessoas com Deficiência, que tem hierarquia de emenda constitucional.
8180a39d-e29b-4698-965b-31322be9448e;carioca-rio-saude;Carioca Digital — catálogo de serviços de saúde;2026-08-18T03:44:40.586326+00:00;https://carioca.rio/servicos/atendimento-em-unidades-de-pronto-atendimento-upa-24-horas/;1;desktop-1366;probe.placeholder-como-rotulo;probe;fail;serious;alto;3.3.2;3.3.2;compreensivel;A;2;baixa_visao|cegueira|cognitiva_neurodivergencia;lbi.art63.caput|lbi.art3.iv.d|lbi.art4|dec5296.art47|emag.3.1|lbi.art18|cf.art196|onu.art25|lbi.art74|lbi.art3.i;2 campo(s) de formulário são identificados apenas pelo texto de placeholder.;Campo sem rótulo programático torna indeterminável o dado solicitado, inviabilizando o preenchimento autônomo (art. 3º, I, LBI).
8180a39d-e29b-4698-965b-31322be9448e;carioca-rio-saude;Carioca Digital — catálogo de serviços de saúde;2026-08-18T03:44:40.586326+00:00;https://carioca.rio/servicos/atendimento-em-unidades-de-pronto-atendimento-upa-24-horas/;1;desktop-1366;probe.zoom-lock;probe;fail;serious;alto;1.4.4;1.4.4;perceptivel;AA;1;baixa_visao|cognitiva_neurodivergencia;lbi.art63.caput|lbi.art3.iv.d|lbi.art4|dec5296.art47|emag.3.1|lbi.art18|cf.art196|onu.art25;A página bloqueia a ampliação pelo usuário.;O bloqueio de ampliação nega adaptação razoável, conduta equiparada a discriminação pelo art. 4º, § 1º da LBI.
8180a39d-e29b-4698-965b-31322be9448e;carioca-rio-saude;Carioca Digital — catálogo de serviços de saúde;2026-08-18T03:44:40.586326+00:00;https://carioca.rio/servicos/atendimento-em-unidades-de-pronto-atendimento-upa-24-horas/;1;desktop-1366;probe.readability;heuristic;incomplete;;moderado;;;;;1;cognitiva_neurodivergencia|baixa_conectividade;lbi.art18|lai.art8.par3.viii|lei13460.art5;Legibilidade do conteúdo principal em 29.24 pontos — faixa difícil (exige ensino médio completo).;A publicação de informação de saúde em registro linguístico inacessível à população destinatária esvazia materialmente o dever de oferta de comunicação e informação adequadas (art. 18, § 4º, IV, LBI) e o dever de transparência ativa (art. 8º, § 3º, LAI). A informação torna-se disponível sem se tornar acessível.
